duration_s,Cup,Fill,spectral_centroid_window_0,spectral_rolloff_window_0,zero_crossing_rate_window_0,rms_energy_window_0,spectral_bandwidth_window_0,spectral_centroid_delta_window_0,rms_energy_delta_window_0,onset_count_window_0,attack_time_window_0,harmonic_ratio_window_0,percussive_ratio_window_0,dominant_frequency_window_0,dominant_frequency_magnitude_window_0,spectral_peaks_count_window_0,spectral_flatness_window_0,sustain_level_window_0,MFCC_0_window_0,MFCC_1_window_0,MFCC_2_window_0,MFCC_3_window_0,MFCC_4_window_0,MFCC_5_window_0,MFCC_6_window_0,MFCC_7_window_0,MFCC_8_window_0,MFCC_9_window_0,MFCC_10_window_0,MFCC_11_window_0,MFCC_12_window_0,spectral_centroid_window_1,spectral_rolloff_window_1,zero_crossing_rate_window_1,rms_energy_window_1,spectral_bandwidth_window_1,spectral_centroid_delta_window_1,rms_energy_delta_window_1,onset_count_window_1,attack_time_window_1,harmonic_ratio_window_1,percussive_ratio_window_1,dominant_frequency_window_1,dominant_frequency_magnitude_window_1,spectral_peaks_count_window_1,spectral_flatness_window_1,sustain_level_window_1,MFCC_0_window_1,MFCC_1_window_1,MFCC_2_window_1,MFCC_3_window_1,MFCC_4_window_1,MFCC_5_window_1,MFCC_6_window_1,MFCC_7_window_1,MFCC_8_window_1,MFCC_9_window_1,MFCC_10_window_1,MFCC_11_window_1,MFCC_12_window_1,spectral_centroid_window_2,spectral_rolloff_window_2,zero_crossing_rate_window_2,rms_energy_window_2,spectral_bandwidth_window_2,spectral_centroid_delta_window_2,rms_energy_delta_window_2,onset_count_window_2,attack_time_window_2,harmonic_ratio_window_2,percussive_ratio_window_2,dominant_frequency_window_2,dominant_frequency_magnitude_window_2,spectral_peaks_count_window_2,spectral_flatness_window_2,sustain_level_window_2,MFCC_0_window_2,MFCC_1_window_2,MFCC_2_window_2,MFCC_3_window_2,MFCC_4_window_2,MFCC_5_window_2,MFCC_6_window_2,MFCC_7_window_2,MFCC_8_window_2,MFCC_9_window_2,MFCC_10_window_2,MFCC_11_window_2,MFCC_12_window_2,spectral_centroid_window_3,spectral_rolloff_window_3,zero_crossing_rate_window_3,rms_energy_window_3,spectral_bandwidth_window_3,spectral_centroid_delta_window_3,rms_energy_delta_window_3,onset_count_window_3,attack_time_window_3,harmonic_ratio_window_3,percussive_ratio_window_3,dominant_frequency_window_3,dominant_frequency_magnitude_window_3,spectral_peaks_count_window_3,spectral_flatness_window_3,sustain_level_window_3,MFCC_0_window_3,MFCC_1_window_3,MFCC_2_window_3,MFCC_3_window_3,MFCC_4_window_3,MFCC_5_window_3,MFCC_6_window_3,MFCC_7_window_3,MFCC_8_window_3,MFCC_9_window_3,MFCC_10_window_3,MFCC_11_window_3,MFCC_12_window_3,spectral_centroid_window_4,spectral_rolloff_window_4,zero_crossing_rate_window_4,rms_energy_window_4,spectral_bandwidth_window_4,spectral_centroid_delta_window_4,rms_energy_delta_window_4,onset_count_window_4,attack_time_window_4,harmonic_ratio_window_4,percussive_ratio_window_4,dominant_frequency_window_4,dominant_frequency_magnitude_window_4,spectral_peaks_count_window_4,spectral_flatness_window_4,sustain_level_window_4,MFCC_0_window_4,MFCC_1_window_4,MFCC_2_window_4,MFCC_3_window_4,MFCC_4_window_4,MFCC_5_window_4,MFCC_6_window_4,MFCC_7_window_4,MFCC_8_window_4,MFCC_9_window_4,MFCC_10_window_4,MFCC_11_window_4,MFCC_12_window_4
16.7467,1,100,3607.055760461098,7213.988095238095,0.08527095734126984,0.09149465709924698,3659.4662764762943,0.0,0.0,49,1.76,0.49732571840286255,0.573978066444397,867.1875,14.864424799071053,8,0.010165492869832286,0.48240500688552856,-228.9249908989325,114.85975246072732,-74.7716078616065,-8.750454742391828,-59.703897200975085,-40.1551060613855,-67.85381730349917,-7.016732736724329,-46.935976539994705,0.9833205952392597,-21.402937215580444,-17.04522418863928,-6.258340075631539,3159.2370784823047,6190.997023809524,0.06278676835317461,0.0953071117401123,3451.8958300625313,-447.8186819787934,0.003812454640865326,56,1.1306666666666667,0.5264017581939697,0.5684093236923218,960.9375,16.726059153053594,24,0.0003681502729753723,0.5462192296981812,-198.25027724642544,132.09003413596523,-86.83327171243474,-14.866533366019041,-65.24638048776373,-37.020615647950486,-58.94084257216249,1.2057754880269476,-43.70744485750723,-9.39440348795116,-42.18355249333171,-31.543376063219412,-11.405454107712924,3048.1339768621815,5738.244047619048,0.06487940228174603,0.08291985839605331,3353.476287858089,-111.1031016201232,-0.01238725334405899,46,1.2906666666666666,0.4459907114505768,0.6261210441589355,1101.5625,14.797980995461035,33,0.00042911860655436346,0.30667591094970703,-212.91965896011962,136.3362696584268,-88.64015985002119,-31.115364309729873,-63.64944895677806,-25.005717411740534,-46.549748260706956,7.048475513561864,-44.328716596095916,-13.56431008709536,-38.66196668342897,-31.925587893622023,-10.455304033399779,3363.3160076593094,6652.455357142857,0.07106429811507936,0.06087884306907654,3596.006475327982,315.18203079712794,-0.022041015326976776,53,0.43733333333333335,0.38401228189468384,0.6988605260848999,1242.1875,7.325306409316669,13,0.000662867272230966,0.33365923166275024,-234.94211518510988,132.50144198396436,-91.76176004139494,-26.279155176856573,-61.666542793240566,-9.549530223132109,-50.24571502531119,1.9468320843447675,-49.25434250688554,-14.233692983161788,-39.82676365325973,-29.465858669933322,-12.582820433503521,3477.440893527376,6952.232142857143,0.07183004712301587,0.050418920814991,3671.805164401268,114.12488586806649,-0.01045992225408554,49,1.4506666666666668,0.4088301658630371,0.6913518309593201,281.25,6.1614506716723385,36,0.0006815710073645337,0.3721618354320526,-244.85335528361273,131.82367702008895,-88.55628900355572,-23.802183630855886,-51.32779290364916,-0.12162173151478631,-56.187690915891025,-5.215260960402808,-43.56101096938,-12.084644803124926,-44.21683511202307,-27.108440837272884,-9.116198939207633
17.088,1,100,3759.868431344515,7665.668808411215,0.08242217922507789,0.11538942158222198,3809.996331943954,0.0,0.0,50,2.688,0.5246320366859436,0.5421611666679382,867.1875,19.82923313219531,25,0.009762673315389759,0.644447922706604,-213.81102712941663,115.46214414424249,-71.74739527365428,-9.86327661533591,-60.96988794715887,-30.874658942285937,-71.78502032926716,-2.928243450750977,-47.914926844932495,-0.9268600959538142,-22.623605091088162,-22.23371973980461,-3.1157826868914205,3118.2885415906253,6161.580023364486,0.06215318341121495,0.12133197486400604,3482.6227498945773,-641.5798897538898,0.005942553281784058,56,1.0346666666666666,0.5153576731681824,0.5708768367767334,960.9375,21.698989491499024,23,0.00033170168109346396,0.4272463619709015,-176.7686006339002,132.7127537551356,-81.17279948043425,-22.89567413053161,-63.111536978802654,-33.54572491659104,-53.759716951448276,-1.654289599876753,-41.89536423962786,-4.939291511237722,-39.573763416323,-34.27746400532967,-10.029101978464212,3151.7857071859235,6157.710280373832,0.064527660144081,0.08910685032606125,3505.1663735734533,33.497165595298156,-0.032225124537944794,50,0.9813333333333333,0.44982054829597473,0.6254093050956726,1078.125,15.602571032518233,13,0.0004961161714056131,0.34229275584220886,-202.69816702620105,134.75945914908846,-84.7454481251669,-31.52254008085914,-62.19075690840904,-23.409431139083093,-45.211599060314185,7.684155392331305,-47.72499872302768,-14.215540215565387,-36.33842395750086,-33.796551168493124,-13.316176173071305,3230.7556953885687,6285.484813084112,0.067159207067757,0.059003762900829315,3535.06286160933,78.96998820264525,-0.030103087425231934,51,2.784,0.4067598283290863,0.6785052418708801,1242.1875,7.463982704214062,14,0.000544637540824992,0.40557852387428284,-242.60924041124812,140.55831514774113,-93.19860752959931,-30.329210762489986,-60.085262417897994,-5.65415042443697,-52.28685945928489,1.5925574221270122,-51.697967529494434,-13.340565640994404,-36.983647307217396,-31.634758603021677,-14.923194739211413,3458.50438687138,6790.011682242991,0.07072016160436137,0.040891703218221664,3658.65318413726,227.7486914828114,-0.01811205968260765,54,2.976,0.4580901563167572,0.6638091802597046,281.25,6.639959825111981,14,0.000615714409272089,0.3866174817085266,-268.33750818494866,139.35179576541535,-92.21596069166607,-21.808965925534647,-53.65828223097432,4.157114064350657,-58.649633184251925,0.8962197839669036,-44.31162199041253,-9.565171399988955,-42.64616605077374,-26.973939923999296,-11.246599356030607
11.9467,1,100,2565.2624649349323,4606.354166666667,0.062237413194444445,0.1456259787082672,2787.702696756862,0.0,0.0,35,1.216,0.5226757526397705,0.5347541570663452,867.1875,22.950584300835274,25,0.009464723481392316,0.5366955995559692,-187.6990296107656,145.56453815992646,-91.89696959643372,-20.00262492342497,-50.687179164803545,-49.47645856606927,-67.07349184166468,-7.531746593801787,-45.0031095313721,-5.154728471658977,-22.0642673340259,-25.42475325325185,-6.143933727748168,2491.278807867417,4285.520833333333,0.06018880208333333,0.08547370135784149,2692.7376578649128,-73.9836570675152,-0.06015227735042572,33,2.1973333333333334,0.5046266317367554,0.5910724401473999,937.5,13.955677959422678,32,0.0002294472506687968,0.37815049290657043,-228.0416331974915,157.12434333320374,-94.88243290039459,-24.5279475311376,-45.4403622786091,-41.76339444904617,-63.860435829321844,8.94402307948617,-36.87304258923797,-17.088810215287364,-31.07792731513804,-39.94126242118177,-15.226334064372411,2398.3241223083396,3820.3125,0.06081814236111111,0.07289888709783554,2569.0401954639383,-92.95468555907746,-0.012574814260005951,34,0.07466666666666667,0.46100524067878723,0.6278902888298035,1125.0,11.861148332662417,32,0.00015128712549930615,0.4383491575717926,-242.69233690107254,155.80845077071572,-99.43056515465142,-34.88714253849706,-51.18126104809664,-26.841269610211675,-48.77569285151075,7.231630315557013,-30.181830164362633,-18.325073960631507,-31.245742570840093,-32.36258552424621,-11.62207089652368,2587.367099051515,4201.354166666667,0.06653862847222222,0.06633373349905014,2701.5683468229063,189.0429767431756,-0.0065651535987854,36,0.256,0.44416651129722595,0.6507954597473145,1242.1875,9.017944606566088,13,0.00026649528304532134,0.4099729359149933,-236.06638787115762,150.00486261513376,-104.28042324041984,-35.894381081948644,-47.06117906323684,-11.252848273651498,-45.84988421698298,-2.104474265292146,-36.18153353181939,-14.01635814575077,-34.36050183371285,-30.550522472657352,-5.79672327229993,2722.3180512583112,4207.1875,0.07244574652777777,0.05287383124232292,2726.6431758268873,134.95095220679605,-0.013459902256727219,38,0.24533333333333332,0.43943825364112854,0.6761811971664429,281.25,7.300481406948782,32,0.00029171498621658495,0.39105406403541565,-253.35345474163543,149.52770576048655,-108.406255748324,-26.250644402114535,-39.18772355918462,-6.501939294761487,-52.401592408193935,-8.087175109817931,-35.371802948700235,-13.849454093634415,-34.20214308335982,-27.837973557412848,-11.875995003971171
14.656,1,100,3685.7260137525554,6971.505681818182,0.08751065340909091,0.12336056679487228,3540.7028928124387,0.0,0.0,39,1.4933333333333334,0.48367342352867126,0.5884382724761963,703.125,20.95094369553622,24,0.011323841829767707,0.5259780287742615,-194.51693839376438,111.081403293579,-83.16429093472549,1.6317924371803698,-59.88417043123819,-37.78431764774446,-73.08581163654148,-5.9646824484397385,-47.883390064724,-0.7211502218005725,-20.59435092869323,-22.05362791328271,-3.44355920515242,3070.265327274617,5801.079545454545,0.06371448863636364,0.11639895290136337,3357.4642855613865,-615.4606864779385,-0.006961613893508911,47,2.1973333333333334,0.5519436597824097,0.5452767014503479,984.375,26.467102859901434,24,0.0003213839317868089,0.4125054180622101,-179.87677764755455,131.33045923666765,-82.5862034027785,-16.901690672606556,-60.479675467289056,-40.62294709392728,-58.61465653343903,0.86789871521827,-39.437853943688104,-7.649060064111886,-36.4477926823241,-33.032473334883,-11.135848223195538,3464.194713936542,7081.022727272727,0.07209517045454546,0.08532603085041046,3687.8455800038196,393.92938666192504,-0.03107292205095291,45,0.5653333333333334,0.44851043820381165,0.6312903165817261,1078.125,12.728740678241728,32,0.0006557002697587225,0.44904035329818726,-201.83596040266946,125.45349859065763,-86.54854808100272,-27.39981915192456,-70.19597875948604,-17.992518871614752,-52.026720057487836,8.112529950523097,-42.683757291348805,-11.935351980021109,-34.35754199321513,-32.04911942667812,-11.642711023459146,3685.0063615517383,7627.244318181818,0.07864524147727273,0.05054908245801926,3878.1138020142616,220.8116476151963,-0.034776948392391205,44,1.4186666666666667,0.4357665479183197,0.6682097315788269,1125.0,6.002474206468231,12,0.0007222388483670465,0.4317997097969055,-246.29709040127133,130.24437702331036,-99.07259751985548,-22.563399829606364,-65.21442548106428,0.28162901621662534,-57.679203591635236,9.58372917975356,-52.81466993077976,-11.939213672970645,-38.49623896056829,-29.617424403541403,-14.500527915084255,3893.6507761112007,8336.505681818182,0.08316051136363636,0.04587448388338089,4053.528586820308,208.64441455946235,-0.004674598574638367,41,2.3146666666666667,0.41313549876213074,0.7029320597648621,281.25,6.226801367106252,13,0.0008058460016739555,0.439107745885849,-248.98659294768214,122.63775504483233,-89.47413632844597,-22.161094507625663,-55.103172783036335,7.693784714654617,-59.45271678799973,2.8244208399790054,-45.41510408124068,-12.461717743557948,-40.13055383156683,-25.09415814054784,-11.338605445606143
14.6987,1,100,3942.5269734511817,7954.568614130435,0.08885834182518115,0.09697830677032471,3914.7382451155836,0.0,0.0,50,1.3226666666666667,0.4576975107192993,0.6113585829734802,726.5625,17.998683884997305,24,0.01173758158461263,0.4596823751926422,-225.0384372202304,108.97824159678544,-68.34059234931858,-11.586844530968712,-60.18891898481759,-30.666098153438185,-71.20994797569942,-10.245196495211555,-45.534380074936756,3.04335906737144,-19.262563097738422,-19.229596356738313,-2.849140759254934,3124.831237204368,6435.546875,0.060605256453804345,0.10141415894031525,3542.4169720481354,-817.6957362468138,0.0044358521699905396,48,1.3866666666666667,0.5521677136421204,0.5494620203971863,984.375,17.998872950404863,23,0.0004041179749599555,0.49045658111572266,-196.21949680104132,133.67785543500898,-79.05996751667908,-15.928304068071638,-74.89391929421477,-28.939346680403318,-61.09231283710743,-3.8460279524544068,-46.45352486408469,-8.017483605139983,-34.22153214281378,-39.878071926922345,-13.606771256461386,3183.450781709091,6475.798233695652,0.06414175724637682,0.09027848392724991,3588.2429058085663,58.61954450472331,-0.011135675013065338,45,0.032,0.4551433026790619,0.6269553899765015,1101.5625,16.431445929922482,13,0.0003818185704905073,0.47951677441596985,-205.59416465021474,133.56700987861038,-85.48514626670708,-20.12860716112724,-82.52069645555784,-21.210584870817843,-49.101057269108196,5.9365199778286835,-44.82071989375204,-14.685855070914489,-37.40630426150328,-29.088850488856767,-20.426398337768806,3571.175120109384,7317.000679347826,0.07401529947916667,0.06562536954879761,3801.844753960324,387.7243384002927,-0.0246531143784523,47,2.1973333333333334,0.4054836630821228,0.6817837357521057,1101.5625,9.03397608050426,12,0.0006420023772776057,0.3753133714199066,-226.4100186424568,128.5776932425686,-88.35431270288053,-26.358349699426633,-69.20802921246535,-6.089762738405379,-46.21846452479375,4.908785258554411,-51.336954605171876,-13.316862659479202,-36.19294861920227,-24.30572351872526,-14.81666947035558,3787.5338330635514,7734.884510869565,0.0799896682518116,0.05680035427212715,3847.0247667885646,216.35871295416746,-0.008825015276670456,49,2.1866666666666665,0.3716296851634979,0.7291382551193237,1125.0,6.340248412156093,13,0.0008582201717516099,0.3110838830471039,-232.3291225483283,122.3640214926451,-90.37426950237672,-24.790569100517086,-54.82718772081581,-3.2196069518413757,-47.79440087186923,1.5165364786182902,-51.668032915636054,-6.010365578397209,-36.75614905794718,-30.86113437994476,-8.778761854190538
14.4427,1,100,3764.045493088694,7470.940959409594,0.08563119810885608,0.08828440308570862,3760.0461156996016,0.0,0.0,35,1.312,0.47972744703292847,0.5941048264503479,679.6875,15.877448067005687,24,0.011731965019475293,0.521908164024353,-224.8832973694019,106.51764755312027,-77.63747464547765,-7.827234038450989,-60.725317057666565,-34.69949658503791,-73.45079432580353,-11.446526298045686,-45.096618985687606,0.48336447376023045,-18.678004602476445,-16.80053933920784,-7.046763621638845,3237.086643103263,6571.5809501845015,0.06188559444188192,0.10317516326904297,3536.0074582694956,-526.9588499854308,0.01489076018333435,42,0.608,0.5114191174507141,0.577592670917511,960.9375,19.600292162878794,23,0.00046272916513608395,0.46865901350975037,-197.01709670203147,128.39148963983365,-81.12923878382429,-12.98989701124664,-74.38182464302231,-32.05907762945374,-63.18868843587777,-7.217177822317494,-37.931889658876074,-8.892633020684348,-40.804776471221054,-31.621256760517532,-11.223335640160476,3534.4041187953694,7248.32795202952,0.07080078125,0.06651400774717331,3684.0107176058514,297.3174756921062,-0.03666115552186966,41,1.0666666666666667,0.4391208589076996,0.6456974148750305,1101.5625,11.166592913263823,13,0.0007143800849588679,0.29037711024284363,-221.98841795416462,120.5438689733311,-81.91513054028448,-20.814932780176612,-66.977034334981,-22.847738578479248,-46.263739790136945,6.958539247090629,-39.13212591864628,-12.104623546748694,-35.31505938603247,-34.100424228892926,-10.971510269082424,3632.387087203892,7367.504612546126,0.07283498616236163,0.049015242606401443,3804.4594821170303,97.98296840852254,-0.017498765140771866,38,1.504,0.39893287420272827,0.700285017490387,1242.1875,6.138732848972637,33,0.0009510808698349573,0.4034709930419922,-253.78650804948578,128.32426534506337,-88.86945042505066,-26.11869832226809,-62.02272331853862,-3.4527177606844788,-56.78145720736374,6.149420037824138,-45.462582696066036,-16.916867685215657,-34.952239358097565,-30.165653582674263,-12.839902171941844,3754.5387503972624,7663.197647601476,0.07705654693265683,0.0461612269282341,3842.530034468087,122.1516631933705,-0.002854015678167343,41,2.037333333333333,0.4071548879146576,0.6995932459831238,281.25,5.7244734783564635,14,0.0008826365061008955,0.31868794560432434,-248.13419711799887,122.07975157511457,-85.30264039709233,-29.040662150323048,-45.436393609509864,1.7884575660474815,-55.452745887962905,-1.5446544103878186,-39.510752835666885,-12.476425977098309,-37.47338021401335,-27.04953785261926,-10.227921138059543
16.2347,1,100,3668.7113301367085,7091.3422131147545,0.08258356813524591,0.08320168405771255,3654.0390341820384,0.0,0.0,55,1.984,0.48885378241539,0.5836979746818542,750.0,14.157079828104864,7,0.010366156391882824,0.46685490012168884,-235.72980370468366,113.04137358939992,-73.69330248130282,-7.9873802733457095,-59.54739869955391,-36.43651872231989,-69.50375040073179,-9.06959392446349,-43.910770236941474,2.261494124256326,-22.219738915883052,-19.410005669598558,-4.367106648973634,2858.5779829549697,5526.946721311476,0.05970799180327869,0.10540498793125153,3242.997044896241,-810.1333471817388,0.02220330387353897,55,1.248,0.5013110041618347,0.5829350352287292,960.9375,19.82209887393213,23,0.0002810508318725594,0.4180232882499695,-198.5148113330214,135.29904461121555,-79.56785800863918,-20.86841813650118,-65.94500271465925,-38.47698124347752,-52.503415018981684,-9.572817308211466,-37.7233325924755,-5.462870650693471,-39.17253121354282,-30.7470058333688,-9.660589580826663,2981.368490016534,5753.253073770492,0.06330846567622951,0.08089599758386612,3359.693054974481,122.79050706156431,-0.024508990347385406,53,0.5333333333333333,0.4605795443058014,0.6175575256347656,1078.125,13.844429558587196,32,0.00034752222493043415,0.31131699681282043,-217.9146984318964,137.83351194161614,-82.80618658174342,-27.713119839245934,-66.40861556674567,-30.88245145489536,-45.87596529988479,2.7997482047891977,-44.479073817507455,-9.567305385027266,-36.58623331848891,-32.770291479656336,-12.91572659714041,3294.7937422585187,6462.9098360655735,0.0703797387295082,0.06928173452615738,3580.7541313112642,313.4252522419847,-0.01161426305770874,47,2.3466666666666667,0.3555428683757782,0.7298884391784668,1101.5625,7.497970314927896,13,0.0005102662339422458,0.4062325954437256,-232.7104691119043,135.40891819530893,-83.95662932043889,-38.78067860208793,-60.88597237744827,-5.215294771622183,-46.76734588540297,-2.0592427352390414,-49.626548227414695,-9.7564923551105,-34.99334070588104,-32.14715142623921,-7.640208925227853,3464.012596249757,6995.440573770492,0.07613025102459016,0.05834956094622612,3600.4848397095766,169.21885399123812,-0.01093217357993126,53,1.408,0.3816792964935303,0.7024645209312439,1101.5625,5.593769165550922,13,0.0005912939660472042,0.44673699140548706,-237.182343273232,133.19389978835878,-94.74025539389112,-29.2345522973843,-61.448320767288905,8.797480004479228,-59.53829014671785,-11.158509499208257,-44.20114185006195,-7.076084280130929,-40.42361638334438,-33.346083017847995,-6.727068494161889
14.976,1,100,3977.977678241838,7862.405471530249,0.0898055215747331,0.11812832951545715,3841.0600829334726,0.0,0.0,47,2.8373333333333335,0.5072899460792542,0.5635244846343994,750.0,20.985201568374983,26,0.011149538119948512,0.6339783668518066,-212.83361221091647,107.7719050452651,-70.26746152891498,-8.1015389608271,-61.30681592460705,-27.66268052889693,-69.77039841049206,-5.891982760127286,-42.14470095761116,3.0170868713332086,-21.408350665770538,-18.970844422470567,-0.3790809990232091,2979.76756736984,5949.121441281139,0.058159336076512455,0.11543751507997513,3454.6534003603756,-998.210110871998,-0.002690814435482025,48,2.3466666666666667,0.5194590091705322,0.5608724355697632,1031.25,20.063279663107153,4,0.00038750602290288366,0.43436896800994873,-182.13091898929548,134.0067923988002,-71.3881627004993,-20.2288661429412,-72.37842976983367,-30.55017889378103,-54.97559803019272,-7.457382520453007,-43.17010415127677,-10.352539485067274,-33.252466168317156,-35.04685341940898,-12.996978715483301,3253.4941497273257,6664.340524911032,0.06284231817170818,0.07979582250118256,3587.1562536329075,273.72658235748577,-0.03564169257879257,46,0.49066666666666664,0.47369107604026794,0.615147054195404,1054.6875,13.217127361465696,13,0.0005673360391886384,0.33943605422973633,-209.46451158414604,129.37683885680565,-77.04371172653437,-16.11904131923461,-76.83056385926432,-22.86571478518157,-41.51682361016186,2.3149770190846444,-40.609678979205086,-15.96334801345476,-37.02194045570799,-32.39617093066402,-16.37474906094661,3151.468711338915,6108.59653024911,0.06745405638345196,0.0726613774895668,3332.984703559988,-102.02543838841075,-0.007134445011615753,44,0.9173333333333333,0.3953210711479187,0.6870740056037903,1101.5625,10.39587585016558,13,0.00045665403207819695,0.3755108118057251,-221.78202703524914,137.32644134615822,-93.43684526928939,-17.907712142005945,-73.90376430684373,-14.174757358017782,-39.78183278535329,-0.09190060997579781,-49.87582877050747,-16.828896617916435,-34.88009619437045,-29.78728165214475,-13.933623680158139,3251.567211910206,6111.348976868328,0.07166439612989324,0.05511518567800522,3313.2944710139814,100.09850057129097,-0.017546191811561584,45,1.0666666666666667,0.4103480875492096,0.6984681487083435,281.25,6.991227425769688,12,0.0005775884656924716,0.36237818002700806,-239.4618378178038,136.0477199148243,-97.09673960992549,-14.281008152487196,-54.64419141973731,-12.066412198040608,-43.46684170886796,-2.111869406355825,-53.49426069442034,-9.5593632163245,-33.83436079924326,-31.679618748356205,-9.868841513146469
16.576,1,100,3737.0921462103456,7190.640072347267,0.08712130727491961,0.07002785801887512,3622.4257861568603,0.0,0.0,55,1.2906666666666666,0.4570620059967041,0.6093860864639282,867.1875,11.757176826881047,31,0.010243644425028602,0.3685586750507355,-250.43607618592353,108.85284114428833,-75.36503041610386,-5.020417985676877,-57.06895760038367,-39.3077137022477,-67.40981580908795,-6.499770205640307,-43.45257697301523,-0.16876667160213518,-19.57875817101375,-17.12139176146769,-5.698141554432963,3152.724833332483,6132.7120176848875,0.0649696669011254,0.09502426534891129,3404.224210386466,-584.3673128778628,0.024996407330036163,50,3.029333333333333,0.5173652768135071,0.5761975049972534,960.9375,18.340082411273382,24,0.0004208748093660554,0.44187048077583313,-197.09627522019034,127.84557909272488,-79.393403389161,-17.12308273308522,-59.375607813001935,-35.07077756508431,-54.472264259284586,0.3356501006971157,-35.070174529243864,-10.814345214327954,-35.54739449438394,-33.25040704150268,-12.368482728975595,3306.283697051606,6370.02612540193,0.06911927250803858,0.07225207984447479,3464.2179264917154,153.5588637191231,-0.022772185504436493,54,1.8346666666666667,0.45136457681655884,0.643888533115387,1101.5625,11.845692036154785,33,0.0005006871419486323,0.3474252223968506,-221.79521452183013,131.35498998687933,-89.37542881508186,-27.295301020617032,-59.428300860589246,-20.91332826159686,-51.48057051467669,12.381790012495882,-42.75780194706562,-16.60123879859488,-33.70724640508553,-36.51485672764993,-12.42432930680729,3228.5649301448016,5985.45518488746,0.07230644594051447,0.060435328632593155,3468.478952271318,-77.71876690680438,-0.011816751211881638,45,1.2586666666666666,0.3937828540802002,0.6981280446052551,1125.0,7.865048681068991,32,0.0004942359135198981,0.40621134638786316,-235.78574294334106,138.1519833277037,-96.63468199832879,-30.648463125668666,-53.14677062021411,-2.7864323622549234,-57.830718834134736,3.1325921415815245,-44.77540462923381,-18.047449782700518,-39.55971952370937,-30.271267606794463,-13.924239320739376,3540.923636831761,6947.297025723473,0.0728763690715434,0.051309533417224884,3668.7820554322616,312.3587066869595,-0.009125795215368271,49,1.184,0.40720710158348083,0.707787811756134,281.25,7.059881237578361,34,0.0006640841472132053,0.36568474769592285,-242.64675744144697,129.5044713186882,-91.19802988884258,-19.943556713847578,-52.01445580085742,0.7427354354441246,-57.712889013700185,-0.5173704511305646,-41.327284330125146,-13.888640681714877,-40.40568892399969,-26.99723457713663,-13.310381991191216
12.224,1,100,2575.6117075264524,4793.478260869565,0.05590395720108696,0.15612763166427612,3102.481767184863,0.0,0.0,37,0.5546666666666666,0.5267123579978943,0.5396077632904053,867.1875,29.038447418255505,26,0.00940561843719193,0.5838218331336975,-181.82032265576174,150.26481145665159,-84.39138504787482,-30.16691632368548,-57.14129190444367,-41.73403221174269,-71.73272876095126,-2.0447696994163267,-46.604691217148215,-3.7005572640942535,-24.77998228756311,-28.811147354781802,-3.7037479985894066,2347.4641750783617,3974.694293478261,0.053498641304347824,0.09902673214673996,2726.085449773488,-228.14753244809071,-0.05710089951753616,38,0.3413333333333333,0.5148785710334778,0.5726863741874695,1007.8125,18.272217026709665,31,0.00019349485581701643,0.38125789165496826,-213.8703050305718,157.56946365619007,-85.47009255681238,-29.748257069540983,-52.130215606886644,-41.45844702690859,-52.541555155988604,4.564316448315539,-38.03475546861825,-13.767647839879944,-33.080229841026565,-38.31047005110905,-10.79989591281345,2553.197257280955,4230.672554347826,0.06378651494565217,0.07526310533285141,2817.3339947857544,205.73308220259332,-0.02376362681388855,34,1.8346666666666667,0.4447269141674042,0.6369770169258118,1125.0,11.41286618637252,31,0.00023344730474963977,0.4569638669490814,-233.51250380674338,155.13002558680853,-100.7668849800663,-32.67792420352775,-55.4675774983731,-29.14564779905235,-49.01026295243581,10.029016868848814,-45.34210184873953,-12.395662974759333,-30.408182934202074,-35.763957152553566,-7.783198811666437,2725.620415987496,4640.523097826087,0.06565684442934783,0.0695304200053215,2912.7569760202064,172.42315870654102,-0.005732685327529907,39,0.96,0.410611093044281,0.6845348477363586,1125.0,8.212063795609762,12,0.00025610403155697166,0.4097754657268524,-228.98810269297465,149.0742443219365,-103.4269325118185,-34.279722007124725,-49.167727900060754,-15.002573662793774,-43.41641418991753,0.7112365399705504,-50.502776285075285,-8.907197510790898,-29.232983022412274,-33.24702876253999,-4.741681116433099,2853.637502911783,4736.514945652174,0.07188773777173912,0.048803601413965225,2988.897017607097,128.017086924287,-0.020726818591356277,35,1.568,0.4457011818885803,0.6700438857078552,281.25,7.346766051280764,13,0.0003717519474174822,0.3675839304924011,-261.08682285718385,149.31944169602457,-104.24132765473686,-32.69118076868135,-32.58691686983417,-13.170455590851438,-53.311353362300515,5.151663171723021,-48.1446890115492,-6.541654873564669,-26.814051616688914,-31.856149290054944,-9.264644685080825
11.6907,1,100,2447.0135127891663,4296.839488636364,0.056083540482954546,0.13319140672683716,2851.6448405163246,0.0,0.0,31,0.896,0.5259072780609131,0.5306252837181091,867.1875,21.619881283152317,25,0.009564990478065402,0.4999178349971771,-197.89224935145623,151.80087589991962,-87.75559837638525,-27.425630784480738,-49.85937908633058,-44.41663887029614,-72.2106260171885,-6.779110551388709,-45.18370901372107,-6.3559239674789865,-22.91524056213522,-27.23974770983786,-3.3108597505289445,2290.5642262739643,3922.265625,0.053897372159090906,0.1230611726641655,2644.155286578432,-156.44928651520195,-0.010130234062671661,33,1.408,0.5401290059089661,0.5418322682380676,1031.25,22.303067871000003,31,0.0001414251968078701,0.3430302143096924,-197.61295104673647,160.00097374478634,-85.79247642715738,-28.67716210859506,-54.494472926088946,-41.06311904834081,-56.356064328332934,0.010537695121137279,-37.48303938750739,-15.462954115783656,-32.13339855749295,-40.802884489780084,-9.828893189982074,2426.74621015601,4101.669034090909,0.05740189985795455,0.07397391647100449,2716.6894435676704,136.18198388204564,-0.04908725619316101,29,0.9386666666666666,0.4973757565021515,0.5977734327316284,1101.5625,13.601485855555975,12,0.00023422984863759623,0.45515450835227966,-239.86069514165675,154.19007219513674,-94.33991570103545,-33.09017673486675,-59.24858678485467,-26.63382675214639,-42.24123692569377,4.5613648919286165,-35.23628310636466,-13.581892310986529,-32.16947616940136,-31.809047214772725,-12.100442697463503,2920.403059448758,5318.821022727273,0.06724964488636363,0.06030294671654701,3037.9158178554317,493.6568492927481,-0.013670969754457474,36,0.096,0.4638608992099762,0.6396505832672119,1218.75,8.021797234032205,13,0.00033499809320990874,0.4087142050266266,-237.84168558603642,141.17370606968004,-102.46131531954437,-24.65778369220407,-56.66094902208994,-13.98803498691945,-37.73858772329988,1.7314054718612903,-46.73813321694996,-13.043590664905963,-31.36142259686582,-31.12688834043611,-8.355898003873541,2814.059802575656,4785.404829545455,0.06864124644886363,0.0536106638610363,2840.4072643206932,-106.34325687310229,-0.006692282855510712,32,0.5333333333333333,0.45313528180122375,0.6717094779014587,281.25,7.902308300857422,13,0.000292536865817066,0.3999389410018921,-251.67446389288028,148.94159868832307,-107.94588287753653,-23.684465777696417,-44.69796785508601,-13.938548963068857,-42.17095354192251,-2.5324350052100333,-47.348376881871424,-6.672922308674463,-32.356758236409384,-32.9321725704523,-9.024776351436543
11.7333,1,100,2622.2831963798235,4570.418552036199,0.05909086891968326,0.09631185233592987,3011.9482459150017,0.0,0.0,25,0.704,0.46901264786720276,0.5906233787536621,796.875,17.416707440117406,7,0.009607853727717088,0.4762345850467682,-230.3574969676903,141.23118489312657,-83.42933879526825,-23.860301226239375,-50.127741335122344,-48.44179199653165,-69.99710095917088,-3.8470071992680075,-44.190419434531925,-5.550946700601562,-21.6268421712233,-22.173139993221415,-4.52444503283139,2891.821616120119,5540.900735294118,0.06019115879524887,0.09473960846662521,3214.8585313675085,269.53841974029547,-0.001572243869304657,34,1.1626666666666667,0.5225499868392944,0.5620145201683044,1031.25,15.496050086549959,32,0.0003521152829782834,0.47872984409332275,-201.210023950478,144.3319682014567,-87.63645672221278,-19.56004627477757,-57.80880147473042,-34.51853467966793,-62.8594426276644,3.4719691269891904,-38.20354805428829,-12.408250614461265,-36.63762248164166,-35.72546033878621,-12.010621028185518,2528.6978106319725,4265.943156108598,0.060412100537330315,0.07451140880584717,2825.332582426485,-363.12380548814644,-0.020228199660778046,27,0.032,0.4804742932319641,0.6136192083358765,1101.5625,11.192801591325566,32,0.00020467664143146091,0.3868132531642914,-233.9895693689927,150.44857008057332,-87.56520830984903,-41.5381150198958,-47.34513423198124,-27.656822155072827,-47.853357969573096,10.152201342070464,-33.946205988281804,-16.73190259256296,-29.457175100173906,-31.863307604238273,-10.294864818617606,2730.4452987177133,4428.839083710407,0.06573900593891403,0.06323890388011932,3049.778877581945,201.74748808574077,-0.011272504925727844,31,0.192,0.4340309798717499,0.6604741811752319,1148.4375,7.488094572812486,12,0.0002879200641563395,0.4169383943080902,-243.69107181560187,148.71442852472453,-94.30318168437722,-45.78909168608925,-44.64376276552099,-9.390390962862528,-50.00823144126639,4.476710286054976,-40.16059894619637,-12.543436570084047,-32.141751819657614,-29.7529689471049,-6.505516315657762,3029.7955736213826,5256.257070135746,0.07439108455882353,0.05762174353003502,3187.579526644758,299.3502749036693,-0.005617160350084305,28,0.7893333333333333,0.4375542998313904,0.6637395024299622,281.25,7.345390530249575,13,0.00033304849832277493,0.3879678249359131,-250.6719312913466,149.74761373555413,-109.67085377906527,-36.60181022048311,-39.00901384959983,-0.8467272028593318,-60.83417293833192,4.608855129897876,-43.4868121110943,-9.126700892771396,-36.773693370906166,-28.334526970053847,-8.352951347305565
12.416,1,100,2546.6388922943643,4653.399946351931,0.05459529238197425,0.1528242528438568,3067.928771266436,0.0,0.0,33,0.5226666666666666,0.5788714289665222,0.486522376537323,796.875,28.1288963696027,25,0.010645389437048344,0.5645829439163208,-187.72969952202732,145.7079309054516,-84.33614125007092,-24.54943788478258,-56.94228020327366,-47.39036928106252,-71.36425679020525,-7.8535710408486,-47.579255186686474,-1.189128974437571,-23.966182890429824,-23.747338136786354,-3.260557892445611,2519.1239021142646,4535.005364806867,0.05519673752682403,0.08778772503137589,2813.2158484038446,-27.51499018009963,-0.06503652781248093,37,0.8853333333333333,0.5228389501571655,0.5661206245422363,1007.8125,15.404532370984569,12,0.00026332699277007587,0.4304549992084503,-226.04950706042436,153.0438024833881,-90.09228421931357,-25.503042762640646,-52.5097914615846,-42.55971433429368,-53.645306403221426,4.934274195779321,-39.071102282804524,-9.963675556007612,-33.79299664419245,-37.00505080887163,-9.127783286352203,2563.7080990675922,4276.991684549356,0.061911128621244635,0.06697878241539001,2881.4986629318164,44.58419695332759,-0.02080894261598587,41,1.4506666666666668,0.44923895597457886,0.6378434896469116,1125.0,10.245667480887121,32,0.000313612160954689,0.33036521077156067,-245.83754715870532,151.8248860046293,-94.29063373254846,-36.18181780485636,-56.67049989398218,-23.3110538566434,-51.7888573271229,8.452739099071108,-38.01261133265292,-15.458778655822938,-31.568959479145978,-32.218318532886,-8.3401359891493,2851.1495386390106,5112.694474248927,0.06672478540772532,0.05377102270722389,3042.4642213815173,287.4414395714184,-0.013207759708166122,34,0.672,0.42656850814819336,0.675982654094696,281.25,6.879759934610612,12,0.0006846069802336461,0.29748523235321045,-248.98683432651504,141.52258245217573,-95.8534705832564,-33.861840919422676,-45.99678235837148,-12.808293289287738,-41.11854371547333,-0.5309974529188307,-39.251638699450794,-9.670806643439986,-31.718787447708156,-29.240993575388636,-6.125599717722409,2765.7978203280213,4490.745708154506,0.06973410675965665,0.0526159293949604,2815.498639348362,-85.35171831098933,-0.0011550933122634888,38,0.7893333333333333,0.45108017325401306,0.6643223166465759,281.25,7.749111891308907,14,0.0002556740311015867,0.3817056715488434,-258.6735190143289,153.6322623263456,-110.13370961081182,-28.956162661466486,-35.04331583805011,-10.56389224586657,-48.39790642540504,-1.883744973393891,-45.33532776926497,-5.101224127203815,-37.8594668319097,-29.819873042541296,-6.123009270944236
13.3547,1,100,3882.52580358355,7906.56125498008,0.08705023655378485,0.11766403168439865,3832.1075230425718,0.0,0.0,40,1.824,0.5191666483879089,0.5554834604263306,750.0,19.71815149104993,25,0.012639679114327422,0.4824662506580353,-199.7289919958574,104.47211040005894,-69.89979680393012,-10.464749742634947,-60.45434806635118,-30.1368319713859,-65.71346631735622,-10.178933439150999,-37.479743115752925,6.581896988531923,-22.505006661246423,-19.366536518718405,-0.4372401708770976,2946.288308341994,5850.0373505976095,0.058694907868525895,0.10486423969268799,3552.2702935604107,-936.2374952415562,-0.012799791991710663,40,1.5466666666666666,0.479118287563324,0.595344603061676,960.9375,18.246124240700787,23,0.0003093636432126697,0.4829954206943512,-203.74746485178687,137.44456781884097,-70.7506831017799,-22.366705567037076,-70.68200054303726,-36.066977513986174,-60.81686506242755,-4.167875995280084,-50.03566134484134,-3.038400943043503,-34.50574369230375,-39.5455921661267,-8.987807260818343,3308.3313262545053,6509.929033864541,0.06730305341135458,0.08111248910427094,3570.5474115334523,362.04301791251146,-0.023751750588417053,41,1.472,0.4994159936904907,0.5962874889373779,1101.5625,14.284749228562013,13,0.00045819637543667677,0.40746748447418213,-208.37696704532613,129.0966428501628,-86.35489832833893,-19.608358807391415,-70.28737374652863,-28.20728039831524,-50.56383431097235,12.56558946658795,-47.905657358104285,-13.996616475640016,-30.228543792153243,-36.89487327600394,-16.174520498503703,3610.7147136155804,7107.07171314741,0.07903347547310757,0.07285552471876144,3652.4319938937797,302.38338736107517,-0.008256964385509491,44,1.28,0.4112815260887146,0.6874583959579468,1125.0,9.656240505384085,13,0.0006435351027093898,0.4250619411468506,-212.91100654211937,123.89316626673967,-92.90385876304983,-18.716298794721293,-69.05606966350247,-18.979181173738734,-41.736102250677014,10.721200636096846,-56.48354497173023,-14.343221819154504,-31.36116638894169,-32.637985230743425,-14.259779387477176,3585.412380370994,6994.17953187251,0.08274908179780877,0.06438752263784409,3635.2370537251113,-25.302333244586407,-0.008468002080917358,44,2.336,0.3914949893951416,0.7107768654823303,1148.4375,6.124084970043219,13,0.000751916614946497,0.5073056221008301,-221.88512221771862,128.74478066772383,-106.94405938759766,-16.37967835293911,-58.58626489121912,-10.564488954265785,-53.47844891568537,6.203514110673655,-60.64244184732935,-9.81967261995775,-32.77921033290561,-29.46589616439131,-15.186528729358331
15.9147,1,100,3626.3057172884805,7503.76254180602,0.08155440008361205,0.10329456627368927,3795.231099086481,0.0,0.0,45,1.3333333333333333,0.5182115435600281,0.5497609376907349,750.0,17.460078687025593,25,0.01056940119928567,0.5097542405128479,-214.7815213311177,112.27989276356456,-73.65316015572081,-9.345900959841336,-64.31304196876458,-33.27730016085334,-72.43792743176276,-10.061367279395295,-42.379434397301594,0.7797293585127981,-22.847433092568455,-18.05400553032176,-6.854545369570735,3347.4460646003067,6705.476588628762,0.06704967077759197,0.07669193297624588,3582.436707756024,-278.8596526881738,-0.02660263329744339,52,1.984,0.5038185119628906,0.594249427318573,984.375,13.702270596857506,4,0.0005006575372628103,0.36009612679481506,-218.7273042250248,126.76610793003582,-77.86685890328876,-15.039474181885282,-64.57559405603597,-35.122991114380014,-52.67008805805089,3.697984589203703,-43.651356679628236,-9.071921650271142,-37.56105184175163,-35.50794878157881,-9.485637907516093,3265.1711349233774,6285.796404682274,0.06841163252508362,0.06752265989780426,3473.339593612426,-82.27492967692933,-0.00916927307844162,51,2.421333333333333,0.45228758454322815,0.638813853263855,1101.5625,9.94006216446209,33,0.0005559490802656554,0.4292221665382385,-226.73335493421672,133.4498839796191,-92.81664825135753,-19.82342604393525,-67.23644133152307,-20.127234441539375,-51.59444795895485,11.277523019680029,-47.01255269164207,-14.993903688624615,-37.12597815810645,-35.24005833683782,-13.080445002895182,3450.987632407388,6962.191680602006,0.07279473244147157,0.07730673253536224,3708.593246183157,185.8164974840106,0.009784072637557983,53,0.672,0.3999166786670685,0.6872804164886475,1218.75,10.259788574181515,14,0.0005900820722489933,0.40585747361183167,-209.97847616694997,130.62851019650182,-92.18853948171952,-31.807737511660214,-59.0971583901913,-5.325315990085122,-51.119226763892016,5.398092260998206,-52.11920848220441,-13.181505307708328,-38.32560696155918,-34.01721757683289,-9.779357548941045,3472.1614575808217,6648.176212374582,0.07450779943561874,0.0636545941233635,3617.899652060483,21.17382517343367,-0.013652138411998749,54,1.728,0.4015325605869293,0.7005580067634583,281.25,7.926806862981742,14,0.0005553776237736658,0.39681196212768555,-227.4089187161138,138.3646716066559,-98.97818387583102,-24.279922187315165,-51.72248942424004,1.1920337162475751,-60.27111232447327,-1.5697148479065697,-50.08789369027206,-5.987678864332224,-42.30639131697922,-31.1455934648477,-9.125896323525346
3.1787,1,20,4527.30521887018,8890.625,0.118115234375,0.045162081718444824,3719.9428154585935,0.0,0.0,9,0.5653333333333334,0.41256919503211975,0.6851262450218201,843.75,9.677019075772556,2,0.04251722863455657,0.6249952912330627,-306.55262649546796,72.69683289323469,-83.11239480156112,3.590269654589702,-46.1454346295292,-23.250741592726122,-51.250196356844334,7.999459522617076,-34.5054931069849,4.838458478579424,-7.289123595517609,-15.156847943078516,-12.086349302367061,3073.9832811058272,6080.46875,0.06273600260416666,0.09034393727779388,3521.3294761132256,-1453.3219377643532,0.04518185555934906,11,0.05333333333333334,0.5676655769348145,0.5184151530265808,843.75,19.317199004089364,7,0.0004442587788203816,0.5279992818832397,-230.89958303675914,129.99781213505713,-82.82660386421288,-15.423439041258357,-69.11854361885646,-49.37764963132388,-71.39740165700853,0.33583374568757407,-44.15212401809229,3.932247015357714,-15.546370573368765,-14.226944378061743,-2.1035713860251803,2695.182209860855,4846.09375,0.051676432291666664,0.07977469265460968,3295.9559571664513,-378.80107124497226,-0.010569244623184204,10,0.096,0.522912323474884,0.5267197489738464,679.6875,15.91518577360857,6,0.0002734902063091441,0.6661346554756165,-235.4623383378668,144.7145182714268,-81.09360336578166,-9.11508235211848,-66.56197703860282,-48.42556465552797,-76.96009936025763,-10.007300835710721,-53.11850381038868,-6.3975778532319945,-24.566429868801585,-20.288414940638052,-6.371109925852731,3142.068956701206,6251.171875,0.060107421875,0.09245459735393524,3534.1149339225126,446.88674684035095,0.012679904699325562,10,0.2773333333333333,0.43737080693244934,0.6222353577613831,867.1875,15.851557190276973,26,0.0019537568518227548,0.5698220133781433,-213.65555733618078,136.75188160751568,-82.05323536720395,-11.384970403690776,-60.858987531571294,-49.653539101441645,-72.45474854443495,-1.3155702160571527,-54.45992072388716,-6.0950839959409695,-32.815938666756104,-27.740198371219925,-0.688364870178571,2888.4207771388906,5711.328125,0.052783203125,0.10240156203508377,3397.663263484945,-253.64817956231536,0.009946964681148529,11,0.3626666666666667,0.46863341331481934,0.6006176471710205,937.5,16.405543933157166,24,0.0008195287521833897,0.5264509320259094,-201.73703020566933,140.83663633000575,-77.54603238931757,-15.296488616564316,-62.443347860949416,-43.841754685132784,-66.09965818037988,-2.9756501570699174,-47.406002571770614,-11.710298728924117,-35.79678779823758,-27.959625268664727,-7.9939140090534995
3.072,1,20,3690.0189235583885,7929.956896551724,0.0882947198275862,0.07774192094802856,3806.3903013052145,0.0,0.0,11,0.384,0.3973414897918701,0.6607455015182495,843.75,15.803131689668927,26,0.04107771171419382,0.5743875503540039,-251.52174956825857,106.23537365755419,-92.9000665399312,-27.476547727234667,-65.054006005337,-14.859471183984075,-62.13598968635454,10.25329146485438,-32.27785928799743,4.936844965493696,-18.245010921135638,-18.76518327136454,-6.630766477450467,3075.3391942462226,6109.509698275862,0.06532866379310345,0.14020664989948273,3622.042647537499,-614.6797293121658,0.06246472895145416,10,0.16,0.5961800813674927,0.47905656695365906,867.1875,35.01995659534566,24,0.0005158539337275685,0.6488367319107056,-185.53182555043776,132.00768068164382,-85.20145342426416,-22.527852549928856,-74.17118540782667,-43.63624673624407,-77.99660510127163,4.809078325430578,-39.21775322500721,5.73814541621764,-18.652351289370078,-16.28150957130776,-0.22729049023824652,2973.671699753545,6269.935344827586,0.058526400862068964,0.11157530546188354,3578.6982466867207,-101.66749449267763,-0.028631344437599182,9,0.21333333333333335,0.4746384918689728,0.5773407816886902,703.125,26.78271047789762,6,0.0008651035903712208,0.39558374881744385,-204.33545409333323,136.12053335131557,-63.44367039530292,-14.634486081216828,-57.46061222719533,-45.57531100340302,-72.34743106216348,-6.374171140746021,-44.00452843389101,-5.548403598132089,-24.31801573891912,-19.6499439887237,-0.5310830022866573,3059.1043264209015,6069.100215517241,0.055925040409482756,0.10349743813276291,3522.1270829766295,85.43262666735654,-0.008077867329120636,9,0.23466666666666666,0.4219311773777008,0.6374461650848389,679.6875,17.290943643126315,28,0.0004365655577712595,0.5134973526000977,-202.20746052755933,139.41204118960056,-72.49133866740192,-5.016286573712201,-66.45602795308365,-35.72903853346535,-75.16875923684448,-7.110657178664271,-51.639521899815094,-12.716628465772219,-30.109035348252736,-29.81156086551384,-4.843470725448844,3073.0630539050244,5972.925646551724,0.058854727909482756,0.08173936605453491,3545.4892165562287,13.958727484122846,-0.021758072078227997,12,0.18133333333333335,0.4624162018299103,0.6084306836128235,960.9375,13.505311773406362,3,0.0005004977532139755,0.38234594464302063,-211.37741284505717,134.87610111932895,-66.95526958307094,-14.891312801250367,-53.16960330687392,-36.530910050757115,-64.54860633925374,-0.4632455130136851,-41.973737073048376,-14.859833666406622,-31.445531291980362,-33.27080522071439,-7.05710055181017
3.072,1,20,4523.880144347187,9048.087284482759,0.1083142510775862,0.11996448785066605,4091.210846816215,0.0,0.0,9,0.5973333333333334,0.48626869916915894,0.5945570468902588,820.3125,20.48751228916867,2,0.0314370658738491,0.9122267365455627,-205.82588047321778,95.81503237091302,-93.04638400245557,-13.061931825833275,-52.04558837252532,-15.052541795786967,-65.40450043947308,14.346694914635078,-39.1607904381648,-2.6007124883937642,-19.07053915101684,-14.832368995517175,-11.44148453026452,2841.518642940775,5448.006465517241,0.05675006734913793,0.15630559623241425,3447.3137373657346,-1682.3615014064117,0.0363411083817482,7,0.14933333333333335,0.6153282523155212,0.46030953526496887,820.3125,34.559058930690966,24,0.0006958698969750072,0.6649856567382812,-173.74256808178754,143.20045425110678,-75.25855620612326,-32.52891465350494,-58.5091124638639,-40.63311462734385,-78.4841829046994,-4.173106502616299,-41.164216336495855,2.366853887090851,-17.633039092360438,-17.947141969675343,-6.1621853496346,2961.321960063007,6224.676724137931,0.05659011314655173,0.1705857515335083,3650.8963085837267,119.80331712223187,0.014280155301094055,9,0.128,0.5250192284584045,0.5220471620559692,867.1875,36.1207160759617,27,0.0009169280873283249,0.7037527561187744,-163.87300004676342,140.21058547010512,-76.16314707993513,-14.867554807736116,-73.48382647691533,-45.05180734570588,-80.72017354949483,-7.483852226276608,-49.48694418582456,1.787401746227042,-26.708702081436503,-25.938452914544644,-1.5285149349432607,2976.556694584399,6040.4094827586205,0.056455414870689655,0.1288701295852661,3584.9597879497346,15.234734521392056,-0.04171562194824219,10,0.37333333333333335,0.48447439074516296,0.579600989818573,914.0625,22.174487597994535,8,0.0007662920903490131,0.5232867002487183,-177.90909329080665,147.74152220278472,-82.18818281042485,-17.774141740457786,-63.74299988165643,-35.26919287038367,-75.24911527154549,-5.334917931592849,-57.846467663124315,-1.162552352172497,-28.576408446442322,-32.857586059884376,-4.703626754539982,2923.400197472835,5745.824353448276,0.059915476831896554,0.10545764863491058,3366.9230698793626,-53.15649711156402,-0.02341248095035553,8,0.064,0.4534003436565399,0.6163925528526306,937.5,19.304766467464997,4,0.0006200955137648348,0.37000787258148193,-196.71014247948344,140.72055430828024,-74.92522090880166,-24.213042294604566,-59.03378358891693,-34.753513553373466,-63.693126885051946,-1.7524810721593986,-42.827705383221854,-7.117263838947645,-29.579335512673012,-34.98719436381347,-7.538271367495094
2.9227,1,20,4473.208098409316,9663.920454545454,0.10880681818181819,0.04240364208817482,4086.076446774254,0.0,0.0,6,0.128,0.4430725574493408,0.6617087125778198,843.75,6.829350333794156,20,0.038989421055479125,0.650999903678894,-296.2471266219495,89.26295592137161,-92.06333621414421,-2.5271929423566033,-56.013788266234634,-12.605741233870765,-65.17257972469463,7.829855900232333,-40.618616058751826,8.14293875709445,-19.11024952855565,-15.995190728133096,-12.021198777867825,3141.38743304457,6462.357954545455,0.06440873579545454,0.09638507664203644,3629.491482268897,-1331.8206653647462,0.05398143455386162,9,0.096,0.5371700525283813,0.5561650395393372,820.3125,20.464131328998093,25,0.0005758491001196201,0.46310484409332275,-233.7662950021762,133.8233248462188,-78.62867539109912,-25.319950716330247,-67.30586773081528,-44.49836814182132,-74.35642043325312,1.079678046524466,-39.54531047642731,8.75446660785057,-18.990006908833927,-19.153387313451805,2.7501570383149816,2573.2726641970153,4909.090909090909,0.050958806818181816,0.09648143500089645,3312.2782941568844,-568.1147688475548,9.635835886001587e-05,9,0.08533333333333333,0.47895580530166626,0.5788492560386658,679.6875,20.827335220728763,6,0.0002846387067322738,0.457954466342926,-230.16229165699704,143.18249323864288,-68.2481904033257,-18.95628186597995,-66.72420813578489,-46.04635055642769,-78.09181699534629,-7.72264329557983,-39.46379988159946,-7.1003916869020625,-16.33247118200992,-22.827310213271097,0.3562485822138332,2763.35514830793,5466.903409090909,0.057093394886363634,0.10095086693763733,3349.0983794002022,190.08248411091472,0.004469431936740875,11,0.43733333333333335,0.4042696952819824,0.6590829491615295,679.6875,19.175615838080333,6,0.0008319204748706849,0.6030385494232178,-216.94172873076133,142.25856923947447,-69.81893647521952,-14.149127512649201,-62.45359829520501,-42.90457827090726,-73.32039418922218,-8.612013035078169,-45.77554883029318,-12.575670669603499,-25.084864292089676,-26.50212653013907,-4.818561900676368,2672.4573723535345,5190.767045454545,0.05249467329545455,0.10550868511199951,3156.0205098607275,-90.89777595439546,0.004557818174362183,10,0.16,0.5124961137771606,0.5507943630218506,960.9375,18.526650147603313,23,0.00025258559233470786,0.5983942151069641,-201.12108541133,152.12993554456807,-87.33236949215201,-16.980263411392528,-73.73214659103573,-36.19212266599468,-70.83819274978657,-3.7098968437478694,-48.974115459229395,-15.080719571081811,-33.84055673578419,-34.20120258062935,-3.3233562673364276
2.5813,1,20,4721.535448775198,9743.781887755102,0.11734693877551021,0.06163450703024864,4035.7542508230395,0.0,0.0,7,0.49066666666666664,0.3730948269367218,0.7315139174461365,843.75,8.030561544015637,42,0.04479317514112598,0.9741628766059875,-265.98218373600645,76.36467179179795,-80.14191302285282,4.234576825746308,-47.36663928891402,-11.442359017054676,-61.52002640608564,8.404581598333182,-34.11122059165846,1.062836315853131,-15.468093756407324,-12.45646214122458,-12.510858520636038,2986.5862393142274,5911.989795918367,0.06964485012755102,0.1571795791387558,3644.351678906049,-1734.949209460971,0.09554506838321686,9,0.21333333333333335,0.5500628352165222,0.5195323824882507,867.1875,36.13017799726415,24,0.00039718115239611887,0.656646192073822,-179.29141587978597,137.0706336875256,-85.4717937003024,-28.51811668911999,-74.23432704392161,-33.82744281081525,-78.84041453666245,5.58016653892901,-36.1519683007829,5.138347699525558,-16.283246492236795,-20.224252700315873,-3.959610004893594,2657.5654199601963,5218.90943877551,0.051927216198979595,0.10844716429710388,3450.177617385483,-329.0208193540311,-0.048732414841651917,7,0.224,0.5433768033981323,0.5177514553070068,679.6875,23.125223007551053,26,0.0006041132263631847,0.5491864085197449,-211.18777924245498,148.69047751054796,-73.71314170499997,-20.788333632001354,-63.873293703982554,-37.56407572258726,-81.26814406994659,-6.785904386288753,-47.79218586396879,-4.071572536751073,-22.86016076340017,-23.251097799213962,-0.6528902382628734,2753.3345142138332,5513.552295918367,0.053302375637755105,0.1250048130750656,3444.601179406887,95.76909425363692,0.01655764877796173,7,0.4266666666666667,0.44241493940353394,0.6041019558906555,679.6875,22.981530332887885,26,0.00082402725525226,0.6351145505905151,-203.1579682273443,146.5460487898291,-68.49444466985197,-10.391526395770022,-73.20827547260443,-41.36402443187025,-78.58435274178868,-7.6813265230191305,-44.54535924611959,-11.773243281433693,-27.890167436480198,-26.055858773256816,-2.1924036010177614,2605.0748108760013,5122.289540816327,0.05229591836734694,0.11353737115859985,3103.9603829514313,-148.25970333783198,-0.01146744191646576,9,0.4266666666666667,0.4460759162902832,0.6199268102645874,539.0625,19.058699408447705,26,0.0002790995993379417,0.5336637496948242,-206.56517160506831,148.83734247185,-71.08786814753432,-7.799319498716356,-66.91115777700556,-42.651124855183944,-68.16099015853234,-9.042195657554018,-43.7155398302346,-20.09906481442736,-34.0758914584811,-27.689893373147484,-4.797586844779525
2.752,1,20,4922.461198634977,9551.231971153846,0.13725398137019232,0.06299856305122375,3810.1489971196115,0.0,0.0,9,0.3413333333333333,0.3448384702205658,0.7462855577468872,843.75,10.834193565771896,34,0.04509664641351003,0.5417036414146423,-258.89089364521647,63.277706273636674,-89.14628457536513,10.136574168109743,-46.15792895077589,-15.437276423119332,-53.04257617566675,11.788418655862651,-34.864038056074676,3.094139009145925,-11.637838911869485,-13.157864204639953,-11.341309295555398,2955.207618679822,6063.100961538462,0.06582406850961539,0.1384313553571701,3552.929515687175,-1967.2535799551551,0.07543279230594635,8,0.4266666666666667,0.6449599266052246,0.4211878478527069,867.1875,33.18645629126319,25,0.0009836208756559054,0.6676437854766846,-199.2865571841088,134.50963376643273,-78.16084363797187,-21.509934750002987,-65.52798574217925,-48.99840319518183,-75.11463927698085,1.62241525988039,-37.35944739700664,8.446499356457313,-14.010718545416744,-16.453352585073826,-0.2456851680409848,2860.2964803427685,5806.640625,0.055410531850961536,0.14185726642608643,3576.4165682009284,-94.91113833705367,0.003425911068916321,9,0.3413333333333333,0.6171985864639282,0.45893222093582153,679.6875,32.456189392183795,26,0.0004530539085329095,0.6515554785728455,-191.7100702783738,138.6498223415188,-71.31613060221494,-15.84263162335093,-59.38421011164273,-46.4318600704895,-83.33441061092915,-4.843533096537061,-46.68807307354004,-2.110152547798639,-16.598679354403174,-18.00372208424789,3.0839308258079026,2720.9412380121657,5135.967548076923,0.0555419921875,0.1250746250152588,3326.033318630396,-139.35524233060278,-0.016782641410827637,9,0.48,0.5386407971382141,0.5295102000236511,867.1875,24.844557552795695,26,0.0008144514726728393,0.787034809589386,-188.14109245153534,148.519954113386,-79.61562061279616,-9.261620293551758,-59.65008851516398,-45.17412521706193,-80.07140663725008,-7.558737018687182,-51.210096199376686,-8.935854414542423,-23.965875992613,-25.742436284904013,-3.223396451075639,2542.800838671748,4506.760817307692,0.04561673677884615,0.13465699553489685,3225.359786973732,-178.14039934041784,0.009582370519638062,11,0.032,0.4562138319015503,0.5900915861129761,867.1875,23.153847049001588,26,0.00024087995860182996,0.47482743859291077,-188.43195946255722,146.57620378251892,-72.31815866557996,-18.735660785501622,-63.481085705506985,-43.5439267382385,-76.79137181576908,-5.264491765879625,-44.684897829705776,-15.616073850482763,-27.221545751163948,-24.4185069358883,-3.820769693772135
3.0293,1,20,3802.464140390529,7969.161184210527,0.08305064418859649,0.12246661633253098,3822.635630035796,0.0,0.0,7,0.4053333333333333,0.5688984394073486,0.5236645936965942,843.75,30.85916427367037,42,0.037199340049766945,0.6390233635902405,-214.09616079994902,105.88421825629896,-73.77060649767557,-20.505625157572325,-57.699985121738266,-27.876194383358623,-67.11018758970762,10.237305865859668,-33.86505271626937,5.631119925128455,-12.341954754928059,-15.613105649448288,-7.874364525237379,2683.111144065283,5207.648026315789,0.056238007127192985,0.16530165076255798,3377.7059871942356,-1119.3529963252458,0.04283503443002701,11,0.20266666666666666,0.6199773550033569,0.44575202465057373,867.1875,38.96347765076623,24,0.00020896912460072008,0.5614904165267944,-183.1958846710173,144.85516352742934,-77.87969129137373,-26.70704337442759,-63.598754119142015,-48.84802551079252,-80.10184417441492,-2.537846016125972,-48.99831333336266,3.538926653039581,-16.470200071380994,-18.146051382767876,-2.518572347479444,2624.8406967956557,5090.460526315789,0.051483689692982455,0.12511658668518066,3302.369572824144,-58.27044726962731,-0.04018506407737732,8,0.021333333333333333,0.5707476735115051,0.4887906014919281,867.1875,29.271369466813,27,0.00022836443127105999,0.5399205088615417,-201.26455669296314,144.84531749055887,-70.61304016362662,-14.577617048239901,-66.80277684758909,-46.69663020537086,-74.25550028096062,-7.6289784998463315,-50.50576612893329,-8.437141704183501,-22.12826094439139,-22.082360439761338,-2.107910032096155,2979.701699141383,5976.5625,0.060958059210526314,0.10466086119413376,3552.274711040582,354.86100234572723,-0.020455725491046906,8,0.352,0.47740882635116577,0.5881106853485107,679.6875,17.874100629665868,28,0.0003016641564951891,0.6590512990951538,-201.5165958275858,142.95943092818763,-80.48490279465192,-18.43480141492303,-69.21711823661131,-29.011902554995036,-82.12342517364978,-5.7212991801617115,-47.71154028808276,-18.828077556824507,-28.888336254013893,-27.9816890513504,-4.024546564563444,2772.4797883832484,5603.618421052632,0.058028371710526314,0.09759069234132767,3332.2639336077073,-207.22191075813453,-0.007070168852806091,8,0.33066666666666666,0.48345860838890076,0.5821322202682495,468.75,16.344227865449017,24,0.0003263799864796695,0.5324663519859314,-205.2935731593223,150.71901024066185,-84.00335956505339,-14.782390242375762,-73.26649220411852,-28.490990183068,-75.65331580328593,-6.177422146883535,-51.01549891765999,-19.700230414569457,-32.80445017208761,-32.9549119675649,-9.363396699108428
3.4347,1,20,4675.870801211799,9744.23076923077,0.11463341346153846,0.09418049454689026,4192.270182794968,0.0,0.0,8,0.608,0.40838077664375305,0.6762012839317322,867.1875,16.747454270343717,22,0.03333456643951026,0.6151220798492432,-218.48189614759542,86.57417436137958,-83.5879825021368,-4.3876359125305235,-58.287167604684704,-16.377745130366407,-64.62852827416889,8.705865500571875,-36.89010424470075,3.6840816622918258,-21.429458178685604,-10.017872831606367,-7.4373747213525565,3317.932002799698,6545.913461538462,0.07054537259615384,0.15139690041542053,3774.882438290007,-1357.9387984121008,0.05721640586853027,11,0.192,0.5519380569458008,0.5172777771949768,843.75,31.176208216311647,24,0.0005912729398774054,0.6286440491676331,-172.11648162823,130.40259586136523,-77.0435821441074,-22.51598990582307,-70.80788150227399,-34.483347821701244,-81.36587697469082,-1.9708760588031065,-41.80344650581004,3.6972143489441054,-19.253207875006535,-17.36218655743956,-1.4929820569732568,2504.718575759844,4869.591346153846,0.051427283653846155,0.1617792695760727,3195.122233567158,-813.2134270398537,0.01038236916065216,8,0.08533333333333333,0.577119767665863,0.47347113490104675,867.1875,33.52672168567029,27,0.0004059335013416637,0.6115826368331909,-180.84864350140373,150.36448070972475,-72.74839150280803,-21.840115272397977,-66.63684197769435,-48.213575407586355,-78.07407281271884,-7.861413005915316,-46.34410186507656,-6.022152362373381,-22.8132801308194,-22.63604930541879,2.1955822641585323,2535.891265100687,4867.427884615385,0.05162259615384615,0.1215943694114685,3242.3951557333417,31.172689340843135,-0.04018490016460419,10,0.32,0.4924042820930481,0.5579155683517456,867.1875,21.59499492475715,28,0.0002615754474651019,0.5079066157341003,-195.50836449839414,151.56688586974371,-72.901446329114,-20.5187938165326,-71.00261929529243,-33.83423387515649,-71.73122293842209,-9.598693973365076,-44.31541422715466,-13.311259943378891,-30.692217947638092,-29.312974928274762,-4.549458719346863,3030.5084272146123,6384.375,0.05703125,0.09607090801000595,3583.7898846577414,494.61716211392513,-0.025523461401462555,11,0.32,0.4295577108860016,0.641744077205658,960.9375,15.367985203640309,28,0.0007879922451149561,0.3641000986099243,-198.6856935455303,136.99622452918604,-70.60061783828128,-15.999588871882155,-64.0582577725246,-31.66797659923108,-66.73113655556119,-3.610791510476135,-41.909560010585935,-12.884002195969575,-35.86203514456921,-33.22325989168619,-5.877263433822844
2.432,1,20,3903.3405066571167,8307.57472826087,0.08634086277173914,0.09496007859706879,3897.4128939062894,0.0,0.0,5,0.4053333333333333,0.48566702008247375,0.6187846660614014,820.3125,19.81634680636835,10,0.051746343281816674,0.6184691786766052,-231.5481439329524,101.38773694228631,-79.28221249436783,-20.47006043566195,-58.16979116695988,-21.686399493691077,-54.69865445962885,12.629070520520504,-36.418736965368545,4.7665735881468585,-16.8134769743387,-18.933021299517257,-4.654836809975822,2916.247918844229,5982.167119565217,0.06108823029891304,0.13434725999832153,3728.120995607024,-987.0925878128878,0.03938718140125275,8,0.43733333333333335,0.6223298907279968,0.4655596911907196,867.1875,31.615017521544058,27,0.00026499709524033894,0.8398705124855042,-202.5584451026602,139.32263949538208,-65.93541041668117,-30.29604075578627,-70.14366452898147,-40.57610966644917,-77.42507903718646,1.5432134376706212,-41.22877061282615,3.037824572148097,-15.800898696076205,-16.929358233001377,-5.501913483004222,2502.0957639076382,4594.259510869565,0.050706946331521736,0.16564200818538666,3413.550941331191,-414.1521549365907,0.031294748187065125,5,0.24533333333333332,0.6267656087875366,0.4265645742416382,867.1875,37.94587232196955,26,0.0004226429140144616,0.6224765181541443,-187.14788792881262,148.35305822710285,-63.40594925489863,-27.793821087973633,-67.1054784347842,-48.946656898625996,-75.35444501505884,-2.4807693086800797,-45.83985254838929,-2.312151240242808,-17.471323216518112,-18.035209760499693,-0.8277431441297401,2496.2924427279936,4540.760869565217,0.04511294157608696,0.15916822850704193,3430.500079712688,-5.803321179644627,-0.0064737796783447266,6,0.352,0.5567749738693237,0.5043435096740723,703.125,38.05299145662199,26,0.0004971228182212193,0.5462003350257874,-178.31718594707968,148.446114644787,-61.85594001907909,-22.17116744710273,-67.28243651734972,-43.495431604504226,-77.88470622865394,-10.516364508400297,-45.20231619321562,-9.625628044571465,-22.610198597564935,-18.76131921581533,-1.130307743837403,2925.8991960677263,5836.95652173913,0.053466796875,0.134116530418396,3524.533586071647,429.6067533397327,-0.025051698088645935,8,0.448,0.4422321319580078,0.6132227182388306,867.1875,23.60980052362093,28,0.00036161985178095635,0.6900865435600281,-173.93630427271768,136.93974781532697,-70.2383156211188,-12.4000430465171,-64.36876017593725,-39.497225889577926,-71.27193228733847,-5.01981590293888,-45.244809882982224,-16.32692912896167,-29.575394037015116,-24.39613950317196,-3.470699649576443
2.5173,1,20,4290.0542335399805,8586.42578125,0.11995442708333333,0.0593818835914135,3844.2405603539387,0.0,0.0,5,0.45866666666666667,0.37570449709892273,0.6825971603393555,843.75,12.414627476066586,24,0.04799568153961133,0.6357675790786743,-282.31520167963,85.62611125550761,-84.98191855846342,-9.12171177373583,-48.8596262205661,-16.968574741073265,-61.47307841774448,6.848626555621048,-38.24647599117435,1.476752961933916,-11.813391405717994,-8.459635628461251,-10.373089074723884,2915.5397543160725,5796.38671875,0.06797281901041667,0.12211498618125916,3463.1997171125927,-1374.514479223908,0.06273309886455536,8,0.3626666666666667,0.6048979759216309,0.46910974383354187,703.125,28.025696763381205,23,0.0003019941211759812,0.6993234753608704,-205.6576077543867,136.12838416006005,-78.93540021704223,-23.742643283455166,-66.41508808252284,-41.53058759504431,-78.44136960245605,-2.5250905634592393,-36.403570176771474,3.2144019594141704,-14.152811696916816,-14.364575439715628,-6.040953981339491,2609.6825053475686,4826.66015625,0.055775960286458336,0.1426626443862915,3129.596114036159,-305.8572489685039,0.02054765820503235,8,0.224,0.5257109999656677,0.5383701324462891,820.3125,31.557732807747346,31,0.00019043674782736006,0.691612720489502,-193.22002611730625,141.33730871951306,-76.45367852864909,-19.439774082478213,-62.73429315864367,-47.052559801921234,-72.59773197931257,-16.132071982716223,-41.247721829351164,-2.7318464144003443,-19.28998481265084,-13.0576469659137,-4.137617828518487,2903.6837736394446,5512.20703125,0.057352701822916664,0.13000492751598358,3476.635681263988,294.00126829187593,-0.012657716870307922,9,0.18133333333333335,0.5089834928512573,0.564935564994812,843.75,24.807383739322706,27,0.0010789707016996195,0.6030896902084351,-185.61874582668204,141.94227010182138,-81.01632194706576,-15.944085837179413,-62.93058845939982,-37.33906570042149,-81.61639522341596,-13.391317083775062,-50.08583012362459,-7.562754162507747,-26.7977448415481,-19.002001085083702,-7.603043848659625,3076.3204472302255,5961.42578125,0.053507486979166664,0.11412050575017929,3450.626455468728,172.6366735907809,-0.01588442176580429,7,0.05333333333333334,0.46970343589782715,0.5928356051445007,843.75,23.55399656046369,7,0.0006830299966786663,0.5299903750419617,-191.17341170828567,136.93969316475864,-82.21048771863286,-12.633430313914724,-70.17622665317384,-39.10995073138766,-66.54411004236847,-13.030422565126218,-51.47382032799786,-4.80273315545893,-28.683527885207898,-26.036120317450564,-4.961430351765336
2.1547,1,20,3426.6533397962808,7740.663109756098,0.07999475990853659,0.13553595542907715,3818.100801926053,0.0,0.0,3,0.384,0.5285252332687378,0.5564037561416626,867.1875,33.49375561301958,26,0.06929891631346476,0.7929143309593201,-218.36666729904942,107.63283462615226,-69.08393126914338,-15.277521566727264,-72.14686875032574,-31.70478853114382,-68.40779386615303,10.3981424040473,-34.24307373454599,3.363828980995609,-18.589899922021633,-16.29753664563664,-5.777988523874577,3181.043132252765,7095.274390243902,0.06725181021341463,0.1859009861946106,3880.3871468053203,-245.61020754351557,0.05036503076553345,6,0.30933333333333335,0.6144431233406067,0.43803006410598755,726.5625,37.59032138092794,6,0.0003437283327492922,0.6116453409194946,-149.07527393066454,132.1229272675318,-71.73925059602631,-7.198683955745473,-80.00064165381772,-38.09007724773991,-82.78034589576617,-7.230563709793194,-46.91846996778432,3.116408595205078,-20.00108210796063,-19.90246927325057,-4.301552559205074,3182.315138754985,7065.548780487805,0.06211890243902439,0.15356475114822388,3871.7789536993555,1.2720065022199378,-0.03233623504638672,6,0.2986666666666667,0.5018373131752014,0.5387037992477417,867.1875,29.362563743148666,27,0.0015416957061957246,0.4949870705604553,-160.96857613548104,131.3864766908133,-64.28826730873627,-8.696163499134919,-74.9652957964842,-31.39762663663551,-76.29365268927725,-13.559276271640432,-44.93194008048648,-7.258387384698568,-28.110586241872063,-21.15328052404667,-1.8665653009416234,2746.8174971597236,5534.679878048781,0.05435403963414634,0.14711305499076843,3529.836389158631,-435.4976415952615,-0.006451696157455444,6,0.33066666666666666,0.46009954810142517,0.5886765718460083,867.1875,26.641320542719605,5,0.0006159262794870037,0.6468294858932495,-170.27212864786947,144.4548699357433,-64.58273847133644,-10.656163697053053,-67.23946282606286,-38.918556186338826,-76.54993471257333,-5.266840037289343,-43.255913067323796,-10.970835148024918,-30.78758672715366,-26.306921082282226,-7.596514246689475,3169.099542053705,6798.58993902439,0.06163062118902439,0.12147843092679977,3707.390603141981,422.2820448939815,-0.02563462406396866,6,0.39466666666666667,0.4038985073566437,0.6582754254341125,867.1875,21.940365335399168,24,0.0010663783759411064,0.5342385768890381,-179.72164939310434,137.15993090193854,-72.6379749164695,-8.616427562796659,-69.02473084383693,-26.674421815929495,-70.28575682068299,-3.4483464494120786,-44.72892758021497,-16.753717331647906,-35.008883079905026,-27.244108331349725,-7.172921212898564
2.3253,1,20,5600.005363620395,10515.447443181818,0.12929465553977273,0.04105878248810768,3937.9085243298628,0.0,0.0,4,0.4053333333333333,0.32010746002197266,0.833840012550354,281.25,6.60186825419029,24,0.047920298121989904,0.5700621604919434,-336.31837932092975,51.19829171123366,-80.06660263146227,48.9615434157917,-45.04407943259606,-11.191198885314956,-65.67797561401063,8.12646953412322,-47.369741838172374,-1.8625932680870252,-15.62409217123602,-10.988405133932911,-7.297180628515419,3995.98178317924,7849.964488636364,0.10165127840909091,0.08898544311523438,3761.108912572636,-1604.0235804411545,0.047926660627126694,6,0.16,0.5167056918144226,0.5668569803237915,843.75,17.60534452243041,27,0.002126140604127228,0.5425417423248291,-205.11354949718086,103.83989942761137,-99.47061597303981,-13.342508221025815,-61.12528984588352,-35.5736764518899,-70.45815393982586,8.605377643873203,-36.83156605239487,4.916289835515922,-12.948020930605649,-15.961290732057824,-5.835757200021592,2874.481652708737,5669.744318181818,0.056096857244318184,0.11720793694257736,3552.355569067042,-1121.5001304705033,0.028222493827342987,5,0.16,0.5764875411987305,0.4885830283164978,656.25,25.57417410989003,24,0.0013495609392777598,0.7056176662445068,-198.69621097980152,132.94012625281866,-76.46356420834216,-15.419540127410615,-61.56370203952547,-43.59114372397377,-80.74793236545442,-9.97148169869442,-50.85454158066304,-3.875935748957761,-18.731257819822932,-18.385514219120733,0.03233198718508248,2717.183283616636,5068.892045454545,0.05032626065340909,0.13164518773555756,3380.6506626278306,-157.29836909210098,0.014437250792980194,4,0.128,0.5283427238464355,0.5260155200958252,703.125,26.245445742773022,22,0.0008207879722691762,0.6610274314880371,-185.69725587612245,146.20200338362133,-77.77062046660748,-10.454787768202914,-63.80686894931969,-40.95255356501877,-87.27422238075813,-12.990765080012578,-50.93842470485904,-7.159018177838025,-26.608321015962645,-27.032321816753452,-2.7077179095344395,3014.183322695499,5834.339488636364,0.06082430752840909,0.07668370753526688,3534.413437505311,297.0000390788632,-0.05496148020029068,4,0.32,0.49247920513153076,0.559849739074707,539.0625,12.953559955114992,4,0.0006809956289779317,0.554909884929657,-218.23754344882127,137.17283388813686,-77.00892853492267,-1.7292142902935894,-64.93241698327154,-38.36027108005251,-73.16326139762367,-10.776599187114842,-50.37702453089341,-8.306610979822013,-32.33875916260218,-30.741629229378507,-5.828518759193199
1.9627,1,20,4219.25452192628,9192.567567567568,0.10082347972972973,0.10770118981599808,3963.877426361387,0.0,0.0,5,0.37333333333333335,0.4860785901546478,0.6074725389480591,843.75,24.349024731311264,28,0.0565487410809458,0.9458885192871094,-217.6198547019909,84.40970627348742,-81.78874943758076,-16.32274500085208,-62.074246019222365,-16.268613602265205,-58.19727990927797,13.259311982548024,-27.558092642264736,3.1136489654901722,-13.251080576051608,-14.854001229713568,-10.617126182427311,3456.0895087041263,8351.984797297297,0.07584195523648649,0.1693912297487259,4131.061469384639,-763.1650132221539,0.061690039932727814,5,0.042666666666666665,0.6363955736160278,0.43923258781433105,796.875,39.04196244090529,7,0.0003903157239853181,0.786913275718689,-151.4501449826821,128.85167160903902,-74.79522774960283,-12.228220233493168,-81.1522923206962,-31.818006092937164,-86.80033499430066,1.3058819395068846,-45.26278294904518,-0.3105700545587799,-17.646936320521476,-19.060668206984737,-4.1583954811880846,3037.987108907396,6622.677364864865,0.06688133445945946,0.16889585554599762,3806.1463986883623,-418.1023997967304,-0.0004953742027282715,6,0.14933333333333335,0.492913156747818,0.5572556257247925,867.1875,30.964679256486743,8,0.0003661296485889679,0.6131753921508789,-148.95244469422144,139.03718259509526,-73.07509169725066,-15.073537406421607,-80.50636189094168,-27.155597503198962,-84.19317237220159,-5.135423657968797,-48.978313558535625,-10.62087906291199,-24.602219483261035,-24.725640719493242,-5.65768838925407,3457.734313625276,7465.160472972973,0.07411317567567567,0.11951253563165665,3965.3551717456494,419.7472047178803,-0.04938331991434097,5,0.032,0.44929781556129456,0.6054796576499939,914.0625,20.872346616628118,26,0.0008804802010912837,0.569870114326477,-178.2963609525822,132.8792143990139,-75.48915070967658,-6.384761797144134,-78.73364662620118,-28.755621030987285,-79.2038917734872,-3.153591290423555,-52.406259603352986,-8.314619815501933,-28.977655184365908,-31.095385768485006,-7.256021494221879,3355.1172857070246,7570.945945945946,0.06608952702702703,0.10334531217813492,3908.0420310284794,-102.61702791825155,-0.01616722345352173,5,0.032,0.46105754375457764,0.5969200730323792,937.5,17.278388964538802,28,0.0006091541034188911,0.49939292669296265,-188.25589278902424,136.3591167931517,-71.32967234905863,-8.165298632835333,-72.75970071418467,-25.705716083894742,-78.94857634373498,-0.43079817089407385,-47.567468049748946,-15.134460258702225,-32.532515238487214,-31.375468589407763,-13.885474880708502
2.368,1,20,4837.153971419463,9781.770833333334,0.1384765625,0.07921052724123001,3997.0967598278226,0.0,0.0,7,0.352,0.3952065110206604,0.6804419755935669,796.875,13.219951371251497,25,0.04906516356085972,0.6615538597106934,-249.588908678421,73.58772554976356,-80.11180975893973,4.098669911152959,-61.61035636769205,-17.137183240871686,-58.298753601650525,12.001735578653829,-36.376439960886906,4.0759042133155,-10.187322172159806,-18.13177594969551,-4.96014348416257,3696.964050629259,7620.3125,0.08345269097222222,0.11253389716148376,3916.2496577902334,-1140.1899207902043,0.033323369920253754,7,0.18133333333333335,0.6172060966491699,0.47633713483810425,726.5625,22.746710504734907,24,0.0009040126950520877,0.6595247983932495,-178.50551703003674,117.24171230738035,-87.97085862140509,-9.485958666445342,-70.62136193255758,-32.54839966219758,-76.979437748331,2.428900922854872,-34.6438081337232,6.503294760225215,-16.283752307689667,-20.50240377141823,-1.5813312015958638,3111.7918481971087,6382.8125,0.07271050347222222,0.17661522328853607,3562.5114390828408,-585.1722024321502,0.06408132612705231,9,0.43733333333333335,0.4904666543006897,0.5834905505180359,750.0,36.07179403572886,25,0.001132618837838215,0.8280740976333618,-151.95410052313278,130.11780731044578,-80.63909916128641,-7.621760033394702,-65.45816010671886,-41.254495666004004,-88.23711041604764,-7.095396510088356,-44.17408656316155,-8.431946031066754,-19.90619693345576,-24.185544631564678,-3.3571043210478644,2978.6053565738466,5781.25,0.06123046875,0.13988082110881805,3465.173578218975,-133.1864916232621,-0.03673440217971802,9,0.3626666666666667,0.5123928785324097,0.5388869047164917,867.1875,24.853851491717368,26,0.0005577123436657891,0.546901285648346,-162.6769744331849,136.74723695705077,-84.16491159129018,-3.225970441588608,-68.28621352654055,-39.81353639046682,-83.61776735059827,-7.547169296586961,-47.43465455134664,-11.877594072457846,-25.55549497955355,-27.414176847113797,-9.814260626946805,3247.9697032988306,6297.395833333333,0.06328125,0.1118406280875206,3485.423708264936,269.364346724984,-0.028040193021297455,8,0.21333333333333335,0.4235841929912567,0.6360287070274353,867.1875,16.491733749666885,26,0.0005607641767822862,0.5719852447509766,-177.87661890260884,134.1556990469394,-91.47406432550362,-5.054291173212426,-67.50394966801709,-30.05527532426603,-79.64971327743282,-3.8583779749799483,-44.77748778632386,-10.7270054160195,-35.04735455762229,-33.79878728339401,-8.554232230855696
2.3467,1,20,3838.142909289365,8146.354166666667,0.11066623263888889,0.09311500191688538,3763.613784436408,0.0,0.0,6,0.224,0.5182691216468811,0.5541079640388489,726.5625,21.63296192909325,22,0.0493715539868627,0.6115995645523071,-243.95856310881885,91.0205247677361,-75.56087567277214,-11.656317487284864,-53.04046982079408,-22.85430959784935,-63.15662390679553,6.042706237552115,-30.590924750048842,3.685350450856516,-9.679811842338752,-13.948917743509922,-2.85381450958233,3134.3813083832047,6702.083333333333,0.06907552083333333,0.16045476496219635,3643.9316816223636,-703.7616009061603,0.06733976304531097,6,0.26666666666666666,0.675449550151825,0.41112345457077026,750.0,37.010329600635615,25,0.0006234406382869285,0.6638282537460327,-171.7978748716522,129.27050379170512,-85.0531891532833,-13.613312081320279,-80.34580495899945,-38.1969909177032,-80.8364507998588,-5.152235325988112,-41.41120528523182,7.647167996621633,-11.212785733878581,-21.78879407018595,1.3214860709228886,2562.231172786905,4896.875,0.04921875,0.16357269883155823,3306.5318556833386,-572.1501355962996,0.0031179338693618774,7,0.042666666666666665,0.5631784200668335,0.4896952211856842,796.875,34.6197098269297,25,0.0007359682678083773,0.5625556707382202,-188.42116101767144,141.84163905363363,-69.47518607241022,-14.779477477645933,-67.42167182030268,-47.92578533087037,-82.50051492262574,-11.47923720609994,-43.2033180458802,-6.747392403262188,-15.66980430043876,-22.92940618634108,2.5659769206728162,2877.1940263354118,5505.208333333333,0.05572916666666667,0.11853022128343582,3512.7800271600304,314.9628535485067,-0.045042477548122406,6,0.042666666666666665,0.52699214220047,0.5401379466056824,867.1875,25.22535443752715,26,0.002020225060462649,0.7101410627365112,-202.0024619253707,139.4829277671976,-73.95459242349128,-8.762214544843753,-59.44935138982984,-44.40681480767883,-83.10880655148627,-8.247816414590062,-48.67657165056416,-2.9598597647193023,-24.819152285702316,-27.915849241925173,0.4940224978942674,2867.4353355344533,5451.041666666667,0.05511067708333333,0.11369925737380981,3319.99703854195,-9.758690800958448,-0.004830963909626007,8,0.256,0.45124945044517517,0.6036235690116882,867.1875,20.207349321225763,28,0.0009615573871987391,0.5826853513717651,-190.42422387450173,142.74696536351803,-83.47927188304811,-11.510682671148475,-74.57477263993101,-35.767756680334045,-74.79562554318795,-9.355028636856938,-49.993565728137256,-14.594324918090539,-27.857738543281574,-29.626917361336037,-2.842901570395047
5.248,1,40,4551.195492454212,9536.22159090909,0.1173108033459596,0.0916350707411766,3961.9412553860543,0.0,0.0,15,0.7146666666666667,0.37766194343566895,0.7175086140632629,867.1875,14.432014967395423,25,0.02182588346440083,0.6375674605369568,-214.43658749990493,82.89674670362827,-94.03079019818604,-5.652167818009278,-59.559465277179704,-11.367237662400825,-64.49433685304602,2.6357892264855702,-26.83744625433235,4.8017027470573455,-24.38650263594971,-14.569846344399396,-3.279365172462627,3044.3449983894425,6141.098484848485,0.06356040877525253,0.1248733326792717,3433.332379786374,-1506.85049406477,0.03323826193809509,16,0.5973333333333334,0.5297224521636963,0.5489974617958069,867.1875,25.658566472459526,28,0.0005814157324321278,0.5507391691207886,-184.31326067490977,134.1897878364578,-82.78320956888801,-12.387570591691372,-77.43520586519905,-34.077473434889235,-71.92410304206422,-17.760473682560676,-38.795311121196434,2.3775177604136126,-31.711722800137146,-22.010822422024876,2.3861852866084408,3216.250772846755,6155.30303030303,0.07085010258838384,0.09452790021896362,3479.401186722286,171.90577445731242,-0.030345432460308075,16,0.3626666666666667,0.4480181634426117,0.6288041472434998,984.375,14.378847492311413,23,0.0005666042884619776,0.45614755153656006,-188.75764910262248,133.04599166899203,-87.87942133605304,-9.070649659995809,-71.60857732344759,-29.45856845237128,-63.77589763655438,-12.030959697811092,-44.82285289421801,-1.1357248622716176,-39.40152623769226,-34.26098864120808,-1.8423997597916406,3304.4742451880948,6724.195075757576,0.06401909722222222,0.07859005033969879,3609.6157660277518,88.22347234133986,-0.01593784987926483,17,0.05333333333333334,0.5862287878990173,0.5055517554283142,984.375,15.445900502130774,24,0.0005204365417847616,0.6143898367881775,-211.93450664149046,136.45741251680752,-84.68632741717508,-4.552064387633658,-75.51028784473,-28.777405796449592,-57.46219191832006,0.30705456447178936,-44.76702002133964,-4.152294478049976,-43.65020161661257,-41.491119225379755,-11.167500820193379,2905.664967349093,5702.17803030303,0.06268248895202021,0.09385573863983154,3334.3669136429676,-398.8092778390019,0.015265688300132751,13,0.352,0.46839040517807007,0.6034268140792847,1101.5625,16.518381682826046,33,0.0003711455660735621,0.45822039246559143,-203.26425952465948,139.30517436463953,-80.80605930240608,-22.105870611152394,-69.09439955754425,-33.821620780761954,-46.25380637120716,6.592133769958982,-38.59095275926035,-10.04332119011853,-37.25463788343686,-34.97871193393519,-10.395516487678718
5.4613,1,40,4050.939331106274,8445.691747572815,0.10288512591019418,0.1093762144446373,3897.9179437860907,0.0,0.0,15,0.8853333333333333,0.5150625109672546,0.5544971227645874,867.1875,21.08626740053023,24,0.02164376684593719,0.6863577365875244,-212.89306035387764,103.46594354803746,-81.6432249808193,-12.862493791718341,-63.439762847401326,-17.5840638333249,-70.01028456993083,5.703472919842064,-35.70690675770061,-1.9135731933757578,-19.595013181196144,-15.171477281672885,-4.794791933956096,2971.691671838565,6337.6820388349515,0.05865537773058253,0.11975185573101044,3615.1113683844023,-1079.247659267709,0.010375641286373138,16,0.256,0.49839842319488525,0.556483268737793,867.1875,26.503592248277617,28,0.00036247131031960314,0.41883939504623413,-190.41501800996295,135.2056487395629,-64.76007113728255,-13.804494308796356,-72.46316883340961,-37.54119829510332,-74.48382536952822,-10.397107167055475,-40.175089247384484,-10.936655746640106,-24.16400593063976,-24.320871990536503,-0.8101154266247635,3354.453933405662,7205.097087378641,0.06757717688106796,0.09026943147182465,3746.763202287969,382.7622615670971,-0.02948242425918579,21,0.8106666666666666,0.4061233401298523,0.6644161343574524,960.9375,14.890313041657244,29,0.0006675610212176668,0.4427478313446045,-193.35119471064553,127.69524461980363,-71.52568352535185,-8.655153068148897,-69.55438045625927,-25.97489065492759,-62.550596072710654,-5.114759191359266,-35.87685040301995,-13.213195604358674,-36.409287001294665,-31.03418974757076,-10.112404381549203,2859.7292793298448,5732.6304611650485,0.060494728458737865,0.10600161552429199,3375.284570151723,-494.7246540758174,0.015732184052467346,17,0.7893333333333333,0.5541499257087708,0.5349979400634766,1031.25,23.096403070649686,24,0.0002689399849440142,0.5520451664924622,-195.07853012419133,143.08827684442534,-78.85532773876841,-14.114672710093712,-75.77044266940734,-28.90260010125898,-57.17105793894395,2.7613983406247775,-38.36417025097243,-16.11984910847679,-39.85137214763984,-34.05724422571449,-16.392771045583167,2744.6433503081694,5178.777305825242,0.059722011529126214,0.10702961683273315,3211.9282610744076,-115.08592902167538,0.0010280013084411621,17,0.256,0.49411526322364807,0.5845525860786438,1078.125,22.734847499127675,4,0.0002954903560197029,0.4071415066719055,-208.83765241939196,141.437520365766,-73.26303104023899,-20.80890523976403,-71.07659891519965,-33.31169076699811,-45.284239461041075,0.7630269348976264,-29.478074870648264,-9.555581259957519,-43.960496096842206,-30.905930891930353,-17.45626427492995
5.12,1,40,3680.1193667287444,7661.887886597938,0.08624959729381443,0.1138555184006691,3798.7258174789267,0.0,0.0,14,0.8213333333333334,0.5158981084823608,0.5583621263504028,843.75,22.72184815978284,7,0.022430274828388854,0.7021282911300659,-217.37259057698435,110.03906577641594,-77.88408958876066,-17.898926723720248,-67.72187298699741,-22.824491372713087,-70.88502277175378,-0.9906020761469463,-37.04481036618773,2.022886644577789,-16.22838226641655,-12.504409364890709,-6.006769765265862,2881.0048554335694,5992.751288659794,0.052497785115979384,0.12761957943439484,3609.5034133791673,-799.1145112951749,0.013764061033725739,15,0.7573333333333333,0.5368766784667969,0.5197031497955322,679.6875,27.3389802886689,23,0.00039786345353331175,0.5346235632896423,-193.52855480113195,138.47928652107365,-67.52341158356946,-15.664315214549761,-69.59282043219817,-38.10970566734778,-78.55806900386767,-12.167373607518858,-48.77333118357565,-8.184089350851128,-22.953842295700852,-25.06717902968755,1.2002651861141989,2836.113127175401,5766.349871134021,0.05406833923969072,0.09391637146472931,3404.228147509452,-44.891728258168314,-0.03370320796966553,14,0.5333333333333333,0.47921374440193176,0.5801829695701599,468.75,14.111935448940638,4,0.0005063711319573899,0.5603222250938416,-206.72723954289742,142.33602075778077,-71.12688487283987,-13.859186358147104,-70.34854260492881,-33.225771027082565,-62.64905273629504,-9.792533234557705,-46.50838006850331,-15.764014248888127,-34.31215440242702,-29.166976462411153,-9.100910917196037,2959.23912796184,5979.703608247422,0.056947688466494846,0.1036708801984787,3516.557067178273,123.12600078643891,0.00975450873374939,11,0.448,0.4653470516204834,0.6079839468002319,984.375,16.801256592368546,24,0.0007863408092941532,0.4381429851055145,-199.48296222926353,140.29848259613283,-74.57611251186974,-17.782376887048873,-73.63795542377096,-27.608802014052724,-62.86797321412024,3.2659327878619777,-42.87220963024854,-18.143556097253494,-37.96064456781244,-35.275825747691,-12.686505972771764,3230.200350539634,6618.798324742268,0.0638440318943299,0.08918460458517075,3577.1694398125283,270.96122257779416,-0.014486275613307953,17,0.5226666666666666,0.45328155159950256,0.6311124563217163,1031.25,16.677582314452422,33,0.0004675932580719164,0.4556342661380768,-207.73395975604734,128.35501525457394,-70.36676653851045,-16.97387313598981,-64.94172612582311,-29.571056048653762,-50.02170121416709,4.4194256738024675,-34.19891228106025,-13.481831534088995,-37.5802170621585,-32.5295796458357,-15.01751885397511
5.056,1,40,4138.624836634809,8315.131578947368,0.10377775493421053,0.0742703527212143,3902.4896351640596,0.0,0.0,13,0.48,0.5329838991165161,0.5605038404464722,843.75,16.01684121424066,25,0.025790448560977695,0.6001133918762207,-258.99044235456813,97.49668744885122,-84.27825716111148,-9.12861183271808,-56.135109360890695,-29.046195867494056,-69.34111493873336,5.879220526329022,-33.83808683293134,8.041123386327703,-11.36794276266595,-17.574663213697377,-6.388154216016995,3083.666386434307,6653.7828947368425,0.058665707236842106,0.09629711508750916,3670.185345760009,-1054.9584502005023,0.02202676236629486,14,0.032,0.528386116027832,0.5296708941459656,867.1875,21.780073852461364,8,0.00039263054939945853,0.3872184753417969,-212.0621909703992,130.7282233423688,-68.9714033497937,-10.564293508118068,-65.55793420363231,-40.059398325824375,-79.57833237403305,-8.876663058197716,-42.782232636342634,-8.255282995809582,-19.892760206959057,-20.61662826158808,-3.1341185880986138,2753.967154893127,5315.625,0.05381373355263158,0.09278552234172821,3296.8416072648865,-329.69923154117987,-0.003511592745780945,10,0.6506666666666666,0.46704500913619995,0.5869783759117126,515.625,15.058373955586188,4,0.0007649083853980712,0.4960751533508301,-214.17965487635826,149.18150612665036,-79.394209924713,-11.38467230211143,-68.76145732948636,-32.65037607371048,-75.92914330529914,-8.2277040737467,-45.66327156141842,-14.907772571262209,-29.636197427941276,-32.802314745552565,-5.965326886321601,3078.4943228188154,6338.733552631579,0.060521175986842105,0.07967228442430496,3473.9487081071,324.52716792568845,-0.013113237917423248,13,0.9386666666666666,0.530373752117157,0.5540978908538818,960.9375,13.447924158763511,23,0.000365286620949446,0.7585720419883728,-217.6838638450299,142.09745338248266,-81.6607865748152,-8.346666078453625,-72.20484064209538,-28.65280993107133,-68.76664291232609,4.130868768548029,-40.52957791149742,-17.513439164557084,-38.44583403333141,-35.019511847475776,-11.915018550096924,2599.946017379035,4722.5328947368425,0.05690789473684211,0.09552738815546036,3011.7125056095338,-478.5483054397805,0.015855103731155396,13,0.10666666666666667,0.5529555678367615,0.5363175868988037,1031.25,20.606106662238364,31,0.00021562079170059104,0.4358924627304077,-208.9922150091313,146.9397762657727,-77.74021666838506,-25.669892894766956,-61.42267067645985,-33.024823972228035,-50.51399016610365,5.058647494484928,-33.88857386897823,-17.97164012118774,-37.53312956238935,-38.326712763191,-15.310927264763407
5.952,1,40,3996.5149764656153,7906.389508928572,0.10147530691964286,0.1282002031803131,3730.7884384698186,0.0,0.0,19,0.832,0.5551785230636597,0.5333806276321411,843.75,25.066019300856794,19,0.019338680872523023,0.6930006742477417,-196.04833017332808,100.49421034288824,-87.82620084523303,-3.327132839963884,-57.4410213294016,-30.211060349141114,-67.76920151019921,3.5622659947553994,-37.98117347565472,6.443833933010373,-14.234776725636584,-16.273653082038045,-7.499881193805338,2812.6377655344427,5331.612723214285,0.057102748325892856,0.13877500593662262,3263.1749469331835,-1183.8772109311726,0.01057480275630951,22,0.042666666666666665,0.4466877579689026,0.6158100366592407,867.1875,27.82371671770972,26,0.00046241671683365477,0.5497482419013977,-184.0110332070877,139.84833725189898,-83.50040996493082,-11.43584626247532,-62.66204093569446,-48.17791402046923,-75.34962472559796,-7.977604128455698,-45.377662180243455,-5.844155347805887,-22.245943817105722,-24.992011269279203,-3.5476477461743037,2714.9172704291664,5233.677455357143,0.05497523716517857,0.09858521074056625,3261.1633405367725,-97.72049510527631,-0.040189795196056366,22,0.45866666666666667,0.4441305994987488,0.6198244094848633,960.9375,15.239430447993048,8,0.0002350192657981464,0.4571905732154846,-212.84598494091915,146.82941646220306,-77.80950914021004,-17.591820462969338,-59.661151812511484,-45.15208316775772,-62.536368702838274,-2.8809701929996367,-48.659080806730586,-8.419927001038785,-34.67273501090829,-33.939458881584656,-7.737960266159584,2939.6473854816572,5552.176339285715,0.06244768415178571,0.07922254502773285,3316.324198782961,224.73011505249087,-0.019362665712833405,14,0.3626666666666667,0.5442020297050476,0.5552694797515869,984.375,16.046195336745146,24,0.0003836353335405753,0.42903244495391846,-221.6700958966192,140.09229632332017,-83.38819384156626,-21.60558932769016,-57.53288929528829,-40.34306811017037,-56.77643281155199,11.084570043994047,-41.72985449125473,-10.526864802108944,-35.01640143294219,-34.04191950175802,-10.395810831824855,2771.9547989326434,5120.675223214285,0.05809238978794643,0.06542973965406418,3074.7822096283917,-167.69258654901387,-0.01379280537366867,18,0.14933333333333335,0.5069158673286438,0.5733271241188049,1054.6875,11.70312787412884,31,0.0002658010854121816,0.33878928422927856,-240.59244565582824,146.32638523485255,-83.10574902071968,-24.90028894141579,-51.66932959041586,-35.926216363075966,-53.812518955956854,13.14660191245164,-36.84463937365568,-15.655016533444037,-27.7569335321304,-41.52886020229611,-11.648889033580659
4.928,1,40,3104.2462869154374,6061.491935483871,0.0681651125672043,0.16063177585601807,3571.4969767446264,0.0,0.0,12,0.5546666666666666,0.6488564610481262,0.4428759217262268,843.75,36.90891162851607,7,0.03254598210439576,0.7429677248001099,-184.37594217177733,126.02015828668857,-83.22587095661278,-22.553154247132017,-69.34286400988202,-35.69846613231278,-65.53929270978588,2.1272163005814724,-44.811255579097015,9.717176832040453,-19.792842314062913,-13.66841962774876,-4.040530428402887,2914.912404997248,5647.933467741936,0.05482925907258065,0.14134712517261505,3519.2113499608236,-189.3338819181895,-0.019284650683403015,13,0.576,0.5063304901123047,0.5448328256607056,656.25,24.386661955874494,23,0.0002508053388488925,0.6025004982948303,-175.19908146853726,141.33107771392682,-79.15165382085854,-12.608361297533557,-63.434604398503346,-42.67153757989913,-76.47319690967284,-6.961427016870681,-54.021844036587694,-1.726450454291092,-28.338839451931317,-24.925186962594672,-4.6647027911656735,2937.9310599407163,5636.340725806452,0.05594233030913978,0.10079097747802734,3441.174729304696,23.01865494346839,-0.04055614769458771,14,0.11733333333333333,0.455822229385376,0.6163320541381836,960.9375,15.968450567151168,29,0.00031016043554756164,0.3671697676181793,-194.91502993007492,137.5849401786998,-72.84780403642517,-15.483493172147812,-60.43936922979695,-40.905241874570045,-67.02567688137617,-0.7228595521893948,-45.62396226860027,-12.964157369439212,-32.240381501180224,-32.42328928803472,-2.8814920263619372,2965.0743158422856,6118.195564516129,0.05669837869623656,0.09942752122879028,3483.3920984967513,27.14325590156932,-0.0013634562492370605,15,0.08533333333333333,0.5437179803848267,0.5410937666893005,984.375,18.812119234088957,24,0.0002945853885909467,0.49316418170928955,-200.49346113868597,140.863602611397,-73.38054959589637,-16.503590586745005,-63.639884799005145,-35.319936113278104,-62.05900429891118,5.603882170027582,-45.965994484973166,-14.613627401652728,-35.040180542588566,-38.50060313871288,-8.35298906367589,2946.255726904134,5630.292338709677,0.06177545362903226,0.10233498364686966,3271.4373489693467,-18.818588938151606,0.0029074624180793762,14,0.45866666666666667,0.4585822522640228,0.6350259184837341,1031.25,19.433990043988008,32,0.0003572091744115011,0.41997241973876953,-206.57432176870614,141.52231350042237,-83.70742320675858,-20.901726658796154,-65.94291308298182,-30.709650754368017,-56.657769086332515,9.908356867731458,-40.73049479798,-15.125245542884683,-35.47049255273211,-37.70364476206517,-13.465171481323141
5.2267,1,40,3493.202368925512,6847.301136363636,0.08810270675505051,0.0876673087477684,3580.411797929216,0.0,0.0,16,0.7786666666666666,0.49227434396743774,0.574593186378479,843.75,18.34955885169387,7,0.022886455432480114,0.6126561164855957,-251.64654207840104,107.67509919653452,-84.04886486067493,-17.975177833423754,-53.038333380586984,-34.71694109853412,-71.29889001739018,3.0056511166711797,-36.05126839775468,3.3689480913433885,-12.485027040408703,-13.011244013586138,-4.906202947380964,2559.6257415255745,4776.988636363636,0.05265052872474747,0.0997786596417427,3239.4769377136126,-933.5766273999375,0.012111350893974304,16,0.43733333333333335,0.510650098323822,0.5499054789543152,867.1875,20.017153339109193,8,0.000303107687550878,0.5537505149841309,-224.98924336648943,145.94758616669358,-73.92925461337147,-18.541208688483632,-66.258379652545,-46.6727172906035,-78.1008162644042,-6.921967542468276,-46.89961643113375,-8.169875457959865,-20.339152423117007,-26.611984186788817,-1.3825523830438982,2680.54088540733,5334.99053030303,0.05367148042929293,0.09098845720291138,3358.3256696541434,120.91514388175528,-0.00879020243883133,17,0.96,0.4395022988319397,0.609575092792511,679.6875,14.835037391860197,6,0.00038812910499984684,0.42208224534988403,-225.25371083339445,145.54189401025764,-68.11985952426072,-18.29799541569354,-64.21354057871766,-40.9951132647016,-68.81417011552092,-6.659483673348648,-44.702962226790525,-12.700806671799329,-29.675443362355974,-30.397663079580106,-4.764414174717668,2719.3246746302307,5191.761363636364,0.052778764204545456,0.08949468284845352,3199.9330570792154,38.78378922290085,-0.0014937743544578552,16,0.992,0.583630383014679,0.5000090599060059,984.375,17.358725471752635,4,0.00037936607468963074,0.6421234011650085,-216.16367242783696,146.40540582245265,-76.77087855829411,-18.507853367182957,-67.57689926586617,-35.36840690065848,-60.28960562665151,2.7626974094588044,-38.88834101962538,-16.198149472492943,-35.6670577283983,-38.81244586777322,-13.026195055639695,3156.928929960154,6531.960227272727,0.06403882575757576,0.08304228633642197,3584.4510850753704,437.6042553299235,-0.006452396512031555,19,0.064,0.508185088634491,0.5785778164863586,1031.25,15.256340295982378,12,0.0004223016812867385,0.5196829438209534,-211.63037899633503,134.24448551686376,-83.46614405575627,-15.997339438285819,-73.2779227552116,-23.883491293877057,-58.823534046670225,7.0173006127793505,-39.10162444436798,-15.021908676743514,-36.463716132773115,-35.40684255874563,-18.935572428706827
5.2053,1,40,3481.0771903885434,7356.744260204082,0.08262416294642858,0.12931334972381592,3843.7257650164806,0.0,0.0,14,0.992,0.5351220369338989,0.5336675643920898,867.1875,28.757351139165515,24,0.031442699033983224,0.873702347278595,-204.62593912796925,118.6278207675133,-76.15708739181642,-27.542249260681633,-68.61835704826886,-25.752014745506308,-72.55892390924159,0.45817661215585065,-35.09432510470907,7.033579616030499,-21.411215408227644,-15.258530746015776,-4.967263979776433,3152.184020352827,6748.804209183673,0.06230070153061224,0.11877191066741943,3789.1667589223475,-328.8931700357166,-0.010541439056396484,14,0.9173333333333333,0.5048442482948303,0.5526856780052185,890.625,21.077871606314538,25,0.0004377654430766644,0.5311628580093384,-189.0625881277044,137.38316527979902,-73.47556349293161,-14.464002132480529,-71.82568362064903,-36.498176891162935,-77.13120167892659,-4.658450867708458,-52.79551866923569,-2.6746836909518494,-29.748324684865196,-27.07800507286224,-0.6552961257409505,2982.6579912683733,6349.649234693878,0.057761678890306124,0.08987756818532944,3547.2284916145936,-169.5260290844535,-0.028894342482089996,18,0.32,0.42999252676963806,0.628174364566803,960.9375,15.172561326191214,4,0.0004455474199900971,0.4501960277557373,-206.36143595415004,140.8265182333951,-71.63263298529459,-22.173205278148796,-66.7571381133689,-31.171061178933183,-66.27808854711624,-5.120762430556341,-45.764685389648605,-9.617336396198315,-29.65208850980446,-32.97866793224551,-7.4767986946859875,3324.2068413320285,6896.603954081633,0.06063655931122449,0.09717604517936707,3685.7248202178143,341.5488500636552,0.007298476994037628,14,0.17066666666666666,0.5163830518722534,0.5695505142211914,984.375,18.728702780575077,24,0.001283048535580374,0.49386003613471985,-190.98157935132625,131.63184702366982,-77.70208105110311,-15.655045637312266,-71.64328180290363,-29.152478818987476,-58.659722972037,6.782567188391534,-42.973086583322065,-12.083738079971303,-30.305253635131585,-39.446747300152516,-13.317027889033074,3133.1061198835146,6124.84056122449,0.06090561224489796,0.10557252168655396,3578.1708385925995,-191.10072144851392,0.00839647650718689,15,1.0133333333333334,0.5041900873184204,0.5865130424499512,1031.25,23.021948093714318,12,0.00056800669035554,0.9218189120292664,-190.83640492290266,129.46491341376512,-73.8972225167742,-22.206435434527556,-72.84832255303171,-27.760416837183662,-48.376564556842816,6.576932929173054,-37.669892803103124,-14.49296490267774,-34.97032751833438,-34.44332122928653,-19.83871290875077
5.5467,1,40,3583.9280659028846,7384.821428571428,0.08483537946428571,0.10535900294780731,3717.052804398533,0.0,0.0,19,0.672,0.5725357532501221,0.5007818937301636,867.1875,23.176940034434175,7,0.02311733383387216,0.6129472851753235,-231.11198970876035,111.44587907180887,-71.95527599241129,-25.62026058542326,-58.87139393963346,-27.981781974992405,-64.9215819617093,-3.8281295249518257,-31.077976838227915,7.109157620435874,-16.174364585132192,-13.121139343043168,-6.0357973324075544,2523.9839779695744,4693.526785714285,0.04914434523809524,0.13714435696601868,3238.6987686393177,-1059.9440879333101,0.031785354018211365,19,0.4693333333333333,0.5857738852500916,0.46878358721733093,703.125,27.73472554018068,6,0.000253876999216969,0.4031199812889099,-197.55715051827693,144.76970324683302,-70.49231955467855,-20.258571928014582,-63.1910725145201,-45.899532968285726,-73.72510877630832,-15.534244845207395,-47.085919728838626,-0.7180626454447612,-23.895456665448165,-23.387933425153314,-1.14425312378281,2765.040287954921,5364.732142857143,0.05576636904761905,0.08914898335933685,3309.6211765271423,241.05630998534662,-0.047995373606681824,20,0.096,0.4469926357269287,0.6206903457641602,492.1875,13.586564209680757,24,0.00031508209612302827,0.46931618452072144,-212.96217268457352,144.53427221533738,-76.88636786631885,-17.51032261826151,-62.384460604879585,-37.75614169079539,-66.07385611589851,-8.268196735809445,-51.05196988574586,-9.259778743190006,-31.857013331356164,-34.28568837406485,-3.00236778340006,2916.4068182061137,5516.071428571428,0.06107235863095238,0.08620237559080124,3284.9028168151053,151.36653025119267,-0.002946607768535614,19,0.14933333333333335,0.5040595531463623,0.5820046067237854,984.375,17.330278060034203,24,0.0005134901354961931,0.4546806216239929,-210.56218457978636,140.1589007759944,-82.41886565980397,-21.761147703293403,-58.821564994540914,-33.65021249482704,-58.58701940719547,5.400734682920681,-44.56342709473527,-13.427977382351216,-32.83907993960477,-40.050861414475776,-11.066485885703031,2835.9034136832674,5396.205357142857,0.05880766369047619,0.09940417110919952,3254.2755686183177,-80.50340452284627,0.013201795518398285,19,0.11733333333333333,0.48453184962272644,0.6030049324035645,1054.6875,18.7455770675873,12,0.0003260920076714507,0.4659302830696106,-210.93455816475662,141.59123477485915,-81.87729768029692,-21.460432752725115,-71.36083024609036,-31.757125237278128,-51.613423600120555,6.0291584636258495,-41.37309197685955,-10.76422631829943,-31.54441673418969,-39.18359627248735,-14.091264608960246
5.2907,1,40,3746.418744109469,7735.3125,0.0875732421875,0.14420565962791443,3823.6781187896904,0.0,0.0,16,0.9706666666666667,0.5702145099639893,0.507045328617096,843.75,30.89111123249955,18,0.02094983934595242,0.8685511946678162,-191.29235664584175,111.22813110143814,-80.36942374860305,-17.742631987467995,-61.65215143654482,-18.766908777449103,-70.54265085437562,1.248246816495836,-31.7677670376676,4.3268943040592465,-20.1421799052782,-14.572616650261768,-4.973178561154862,2636.0670533506413,5054.53125,0.051337890625,0.1770203709602356,3380.6922896901797,-1110.3516907588278,0.03281471133232117,17,0.43733333333333335,0.5841689109802246,0.46829932928085327,843.75,39.924999030383255,24,0.00043693060086956616,0.6026110649108887,-168.34006028789477,144.9292183249166,-72.64531748316308,-24.102500242551102,-73.36779288534971,-39.909923312565326,-75.82818574177767,-14.256094720258751,-47.864494045015235,1.3430953748312724,-22.68171661825863,-24.703829293124603,2.1992386216361193,2705.239911896029,5133.984375,0.0506884765625,0.10984624177217484,3395.6603132186037,69.1728585453875,-0.06717412918806076,19,0.05333333333333334,0.45226147770881653,0.6020932793617249,515.625,16.74351718238754,24,0.0004802850151823142,0.5949996113777161,-201.74124263209143,146.22186214524237,-72.3254372423845,-14.927282841996737,-65.7729345853744,-37.0847350705907,-73.37182642916817,-10.808197845775284,-53.106032371416674,-7.453717254459659,-32.01150043859254,-34.76928183784038,-4.1518958771429375,2856.43810584098,5479.453125,0.05623046875,0.12106853723526001,3338.6957302890364,151.19819394495107,0.011222295463085175,17,0.8106666666666666,0.5046355128288269,0.5675931572914124,1007.8125,23.293345047127445,24,0.00039908437657917606,0.5215917229652405,-185.6637590975823,138.69406614296003,-72.05363259651139,-22.164374306381163,-70.7034905484213,-35.8098346416527,-55.20285408051733,-2.1525029848559014,-43.085637274874614,-11.11440773521501,-31.91073151909832,-36.53794575632083,-8.733055392565056,3195.354466862438,6380.15625,0.0620703125,0.09984809905290604,3596.922671129228,338.9163610214582,-0.021220438182353973,19,0.18133333333333335,0.5586668848991394,0.5279097557067871,1054.6875,20.270390583425645,12,0.0004710539976804589,0.33242106437683105,-198.404223728111,130.96724921522312,-75.15354827562092,-22.722613348933727,-71.25140449988712,-24.366288563174365,-49.47346670308594,4.726494280505555,-40.29184463192646,-12.277187763258816,-32.724006332077074,-38.668480909158205,-18.177295809378965
5.12,1,40,4277.183006718063,9043.975515463917,0.10828769329896908,0.10609084367752075,4064.0956820359515,0.0,0.0,15,0.6506666666666666,0.5616158843040466,0.532008707523346,796.875,20.94487307918079,27,0.023189657746191392,0.7137555480003357,-209.17377178967848,97.17169128443405,-77.1888648632329,-6.699114884632848,-68.13125158475738,-22.896441256113903,-66.06877712283644,5.198640530522147,-35.418846195911335,-1.5219769850834086,-17.288554519308935,-16.69907152665413,-1.3969058643472336,2947.3853815696084,5913.015463917526,0.06351179929123711,0.14241865277290344,3535.284159372099,-1329.7976251484542,0.03632780909538269,20,0.042666666666666665,0.5006077885627747,0.5658174157142639,867.1875,27.29645782020455,25,0.0012555419889059387,0.555700421333313,-171.86367598675284,138.77963749736213,-74.47347850745442,-8.292765944184511,-72.35883568860571,-35.837810885665675,-80.2375893170619,-13.458193576497449,-45.88501549002694,-3.983219048061844,-29.560455498861284,-26.681823687745602,-3.8097520778767775,3125.633446055833,6465.608891752578,0.0614831668814433,0.10706344246864319,3568.5493454827492,178.2480644862244,-0.035355210304260254,17,0.23466666666666666,0.4643270671367645,0.6018261909484863,914.0625,18.63069456223336,24,0.0006464060399934207,0.5173930525779724,-182.48574018883124,135.27755902722132,-80.87011617400316,-3.0140392181758267,-77.346579202921,-29.696788063713687,-71.4687961043494,-8.084673184481463,-41.88220188654097,-12.52777759804209,-38.493681837993385,-28.261637964825344,-8.879674919903378,3218.2913843946617,6345.763530927835,0.06365778028350516,0.09487174451351166,3517.5378984693657,92.6579383388289,-0.01219169795513153,17,0.21333333333333335,0.47126951813697815,0.6204649209976196,1007.8125,15.848239707012173,28,0.0008925903793042774,0.4393382966518402,-188.4983323012709,130.99655241392702,-80.53180010431082,-9.146088781555935,-68.90523897272368,-29.23733987982607,-60.883995163069486,-1.997317911261554,-36.124781999224595,-13.413451413228158,-38.45528783825328,-32.14509955697875,-13.375014393066763,3095.624147134324,6250.805412371134,0.06159894490979381,0.09929382801055908,3474.565409879542,-122.66723726033752,0.004422083497047424,18,0.5866666666666667,0.5138090252876282,0.5691361427307129,937.5,19.16860119296024,12,0.00043108822731728163,0.4437713921070099,-195.73452534504534,129.96552382999243,-75.87885781996742,-10.079830937641416,-71.83460298555492,-28.58952288372409,-48.22767765749857,-0.20648935512455072,-32.109799063838544,-10.652121630627107,-38.40117420418371,-34.42363980202951,-20.948381943022525
5.2053,1,40,4341.780900743113,8768.973214285714,0.11528918207908163,0.1094830110669136,3879.620170908388,0.0,0.0,17,0.8746666666666667,0.5509979724884033,0.5338626503944397,796.875,21.03806493848546,30,0.023476640912859736,0.5713154673576355,-208.4380655539246,90.65664334002935,-86.60601312776058,1.1215811672953675,-63.38450261169864,-28.99097357458754,-66.46586963523406,8.153095105928752,-40.190011835974566,5.068861910903008,-16.408713548289782,-16.185886214445294,-5.410542490105796,3066.654206532024,6138.472576530612,0.06305305325255102,0.149648979306221,3583.4564877176012,-1275.1266942110892,0.040165968239307404,17,0.3413333333333333,0.48617836833000183,0.5842590928077698,867.1875,26.924576472838957,28,0.00036387652918701047,0.6046638488769531,-167.8811605232581,137.21911256496904,-83.32620304187657,-8.770975784180253,-71.96086419768497,-40.46117318504956,-81.5725834093674,-4.840606907380756,-50.89901445975569,-3.105823541096006,-27.901768298877958,-22.593167287946773,-1.544116958299886,3168.6158587741456,6538.345025510204,0.06388014190051021,0.1149626150727272,3565.3065793905816,101.96165224212154,-0.034686364233493805,16,0.45866666666666667,0.439595490694046,0.618483304977417,914.0625,20.56408394441764,25,0.0006928676321833484,0.4398189187049866,-178.16047535458563,133.11406080912673,-76.32805457591971,-7.967568527302769,-65.81946505862597,-34.84963087105001,-70.24691922755221,-6.337181304847143,-44.83729218052647,-12.343579753022594,-31.225752417981283,-32.217856992140625,-4.218954556525522,3199.8493783929075,6357.063137755102,0.06596281090561225,0.09578558802604675,3540.527827639498,31.233519618761875,-0.01917702704668045,18,0.13866666666666666,0.41808074712753296,0.6598290205001831,937.5,18.102012813159728,29,0.0004647597052625436,0.3790493905544281,-200.73038883356872,129.6091288821252,-76.98569557091895,-8.542413120961584,-60.43055704911857,-35.734222521267526,-63.439858513566975,5.72237516451408,-39.46782248404818,-12.022946680622509,-33.832508517636334,-33.77494088800387,-10.817546194481974,3422.272277006346,6873.166454081633,0.0697494818239796,0.09270409494638443,3696.978878087838,222.42289861343852,-0.003081493079662323,19,0.448,0.528464138507843,0.551514744758606,1031.25,20.58707255285077,24,0.0005737713454101861,0.35567647218704224,-196.10100989648626,127.97825178684941,-80.58501278966534,-15.23636819270204,-69.709060446647,-28.41538319302667,-61.458816040719945,11.78486098898748,-37.465717020026126,-14.691882099718894,-39.50428571693824,-34.58657090995618,-13.35374612004589
5.0987,1,40,3482.676719898204,6832.51953125,0.07732137044270833,0.07512247562408447,3631.521075232771,0.0,0.0,20,0.256,0.5364819765090942,0.5497673749923706,796.875,16.143403485129575,25,0.02641387544112368,0.34160715341567993,-253.66260863836354,110.12998598159925,-82.50585055235304,-20.514809700608932,-56.280826302934635,-43.17185489675182,-60.502084327767854,-0.2800802893776592,-37.30889936135612,8.898331593566072,-10.996064341620267,-12.49788929133456,-1.6564023528971488,3261.9456246615446,6921.630859375,0.06513468424479167,0.06032445654273033,3763.1271029211007,-220.73109523665926,-0.014798019081354141,16,0.4693333333333333,0.5483358502388,0.5082252621650696,867.1875,11.500928433695101,7,0.0003631082119381606,0.5032207369804382,-249.64324055344832,129.42950440736456,-77.65993327465792,-2.686132413244307,-71.9853371686789,-42.545305959378204,-80.60999081584124,-5.1731835240430275,-49.225188617832636,-3.7992228302299367,-27.81247214640891,-23.194149760465905,-1.3304981242724707,3244.8616671091477,6144.53125,0.073089599609375,0.08199002593755722,3516.7495936464225,-17.083957552396896,0.02166556939482689,18,0.5653333333333334,0.4545901119709015,0.6112907528877258,937.5,13.694803453623116,28,0.0005310308506145624,0.5950887203216553,-208.21808976525494,131.68866119432494,-90.9037991654979,-0.7254140070333458,-66.39391166453015,-40.2969341023935,-76.53793175002436,2.1790389164706703,-47.80491505503563,-9.08959384709007,-34.569623794208134,-30.76321815352502,-6.109469688432756,3227.359600981172,6284.423828125,0.06398518880208333,0.09177926927804947,3499.1581823543456,-17.502066127975468,0.009789243340492249,16,0.37333333333333335,0.4880649745464325,0.6021432280540466,937.5,13.791964990410618,32,0.0005787102004619032,0.5604038834571838,-192.090612009357,132.14203265179074,-90.09040296075567,-3.477883605838109,-68.17147076954579,-32.49097117460067,-68.68359163084718,7.551851397604817,-41.773238636846486,-16.010158822692162,-37.47827498082454,-36.67604161074831,-14.244903111284444,3328.2261323851258,6536.1328125,0.06708272298177083,0.10007542371749878,3480.0416109587927,100.86653140395356,0.00829615443944931,14,0.5013333333333333,0.4690881371498108,0.6315479278564453,1031.25,17.491044039558798,32,0.0007833762317179258,0.4809017777442932,-188.99756693041775,128.00923932712033,-92.0184486904282,-11.541923257688481,-62.60364118426233,-29.700971909796788,-65.2836467853337,14.774924258389253,-38.693123516067544,-15.162359821227724,-33.169028270990985,-41.23444978323903,-13.192113787606525
5.056,1,40,3771.7412370916013,7857.483552631579,0.10133120888157894,0.051385968923568726,3731.8144615821625,0.0,0.0,15,0.864,0.4348325729370117,0.620721697807312,796.875,9.431646500258891,30,0.025086743396018196,0.4474872946739197,-301.57476654749047,99.37470297694556,-75.31050770787176,-10.585002990171295,-59.04372593465288,-36.5116142460604,-64.88939725940445,5.055336033132615,-36.801656532335144,2.1248130301566106,-12.534568331507836,-14.199578880994963,-3.5755379945164902,2955.2318773709985,5715.789473684211,0.061050575657894735,0.06826452165842056,3423.0736478339586,-816.5093597206028,0.016878552734851837,16,0.672,0.5108676552772522,0.550134003162384,867.1875,13.075393324836629,8,0.0003216499616715957,0.6693935394287109,-255.09783057440524,134.17412937522712,-76.9186521870235,-14.351805514898924,-62.456177391130176,-46.073517942627625,-79.83102898297724,-6.453801629689924,-45.44199180590904,-5.544618199744109,-21.242526418510657,-23.61681570009906,2.4512998059028415,2798.7783579475467,5453.7828947368425,0.05912314967105263,0.07430770993232727,3360.7386132548477,-156.45351942345178,0.006043188273906708,13,0.07466666666666667,0.46995577216148376,0.5880007743835449,515.625,11.680652079204442,5,0.00023360106349702798,0.4962978959083557,-230.0813753009186,141.34712243642673,-81.42919452055176,-10.067333184222122,-67.53115976485196,-36.47067901700849,-77.45923508731207,-10.170804075248844,-46.519660080627595,-14.028614483199075,-33.75728360318968,-31.447452776609442,-4.463601325791459,3422.3974385795022,6945.394736842105,0.06857010690789474,0.06912600994110107,3726.4290382541626,623.6190806319555,-0.005181699991226196,17,0.39466666666666667,0.5342742800712585,0.5525601506233215,1007.8125,12.171462637265874,24,0.0007027541468715779,0.5272835493087769,-223.82363517064215,130.5636594040452,-82.54905125292285,-8.533714318512406,-67.72314110359318,-26.613795492498628,-71.78412076828428,4.175830490779227,-41.94029274691158,-12.451739177113277,-36.958564956725425,-34.4209838170139,-12.34815325296609,3127.011703997321,6286.184210526316,0.06161595394736842,0.09189756959676743,3585.972944267034,-295.38573458218116,0.02277155965566635,16,0.08533333333333333,0.5165949463844299,0.5689921379089355,1031.25,17.589951486431918,32,0.0004043225608822446,0.47793564200401306,-205.8833164224935,131.73233843712714,-77.18352250636524,-18.071005817925904,-69.92742334802765,-25.82407025489001,-62.182007774609175,3.1888976949200716,-35.17266439666745,-12.49863393011908,-35.42274255321857,-35.43304535327826,-17.390344882839173
5.0773,1,40,4156.795282636543,8154.052734375,0.1156158447265625,0.060256194323301315,3769.2936754256484,0.0,0.0,18,0.5973333333333334,0.4565502405166626,0.6190510988235474,796.875,13.11259857604887,7,0.02463592981949372,0.49067941308021545,-280.4714739681268,90.33186652845102,-78.86255387193602,-9.905845367371874,-53.84813094976497,-39.00781518785971,-56.444617344103506,3.333943265284129,-36.16764557708733,9.484886838087448,-9.384829345417492,-11.545718772293403,-4.147701619415763,2802.228456579478,5412.59765625,0.058420817057291664,0.0848422423005104,3332.147413988336,-1354.5668260570646,0.02458604797720909,17,0.11733333333333333,0.5886952877044678,0.4635730981826782,703.125,16.79436006677198,7,0.0004883447622308299,0.5644229650497437,-235.74912143441702,136.28432896990174,-79.32342218531659,-12.050949621607908,-60.11525634538831,-52.90163439941566,-81.37563227146744,-9.375639402946597,-49.05078143240942,-2.2122037682988602,-19.753749096981135,-23.314137585703474,1.808886649466188,2836.6566911346667,5222.16796875,0.06389872233072917,0.07932092249393463,3242.9524915857887,34.42823455518874,-0.005521319806575775,16,0.9813333333333333,0.4661559462547302,0.5931870937347412,867.1875,11.611271241018834,24,0.00046868735082975416,0.934751570224762,-229.9252593727716,142.2293128094685,-86.42452210199889,-7.7007825770201,-57.5164575738965,-46.970181036165286,-79.6463777935498,-4.4399090627833715,-52.95043317626074,-11.943906077308382,-31.744410840865797,-32.56412882565829,-3.0746995383113984,2948.668564415091,5200.439453125,0.06731669108072917,0.08604573458433151,3222.983241940896,112.01187328042442,0.006724812090396881,20,0.864,0.47887587547302246,0.5987703204154968,937.5,14.513193590396588,24,0.0004448071926193669,0.5903041362762451,-205.53239647590613,134.86481826938197,-89.53938514095391,-12.879962696743917,-57.96300079013611,-41.22814834763053,-68.8857023716117,1.8164176275128676,-40.98728283280014,-13.980474117518545,-33.116128907987324,-37.07055081206202,-10.500917261196912,3143.9183296187475,5866.2109375,0.06928507486979167,0.08895788341760635,3279.469130546208,195.24976520365635,0.0029121488332748413,18,0.768,0.4823073148727417,0.6090241074562073,1031.25,15.864613277259425,32,0.0005398635256553451,0.49461105465888977,-206.20512797909942,129.0754693083408,-88.89272602187691,-18.21855300950166,-56.197023907378544,-35.48620830876846,-56.52027070954304,9.808060565064599,-35.894505313541835,-14.306962100444167,-33.18554185065628,-38.678097349097875,-13.81766243764985
9.8347,1,60,3518.4310526200484,6879.476351351352,0.07482316300675676,0.09826256334781647,3534.866434683871,0.0,0.0,27,1.2586666666666666,0.5134890079498291,0.5650092959403992,820.3125,18.571989110397386,29,0.01666193332372976,0.5860788822174072,-255.97917937167173,115.66084028182833,-67.09517397933335,-11.562872494156336,-47.86637968631816,-38.08601144384658,-64.3624316009857,1.8035371662224629,-39.06024211769498,1.1052081652509884,-14.62383077449044,-16.99055858837811,-7.103571636062809,2248.0450071724485,3876.0557432432433,0.04715213260135135,0.12198607623577118,2811.739004233972,-1270.3860454475998,0.023723512887954712,25,0.3626666666666667,0.4879720211029053,0.569724440574646,726.5625,20.00688787505407,27,0.0001423494172169131,0.43539297580718994,-212.61087986106372,158.63874644106656,-72.57107845931954,-28.344818542994112,-51.6899828296661,-52.63449177289728,-65.15580187438003,-5.909157466469145,-43.196303837598826,-12.392793349449233,-29.134144166476226,-23.910895650205685,-4.609414217403066,2294.7713866671593,3887.7111486486488,0.05180532094594595,0.08707273006439209,2699.463011471592,46.72637949471073,-0.03491334617137909,27,1.4613333333333334,0.504598081111908,0.5802006721496582,984.375,17.345801906677202,24,0.00022780594749395697,0.40731874108314514,-238.54205369906455,160.3798476831078,-76.58704899086219,-34.49441585981318,-50.00142650238403,-39.4769321901268,-56.94862565771046,6.897292852445259,-32.58727025925714,-20.46739701771228,-32.8958090293723,-37.7029306716543,-9.567986659798844,2395.1726169882077,4170.228040540541,0.05240181587837838,0.07797305285930634,2892.2861741658717,100.40123032104839,-0.009099677205085754,30,0.064,0.49391189217567444,0.5869686603546143,1078.125,14.93288185075653,33,0.0002590476607564609,0.3334271311759949,-245.21032820030186,152.69019138960263,-72.18473189895327,-35.80995842364592,-57.93951170138336,-27.627878750823147,-46.925611953293206,6.028977277769005,-28.35706953534633,-21.810527720355484,-35.59289955603503,-32.630676113440366,-14.460612172749785,2490.2223788303863,4149.831081081081,0.053734691722972974,0.06995505839586258,2938.0144604149086,95.04976184217867,-0.008017994463443756,29,0.24533333333333332,0.4614143967628479,0.6324422955513,1125.0,11.611473211096273,32,0.00025951770559119253,0.4332697093486786,-245.42754322738887,152.72011742613392,-79.66333043807441,-36.7983159359002,-58.40023223943254,-18.93600376390789,-43.42463212842979,3.410264330167559,-33.42779017837645,-21.212667216824652,-40.95911888871418,-26.232112351605945,-12.272476100951366
9.984,1,60,3568.044790986742,6766.580784574468,0.08225980718085106,0.1139102503657341,3466.9520983580583,0.0,0.0,25,1.5253333333333334,0.5582979321479797,0.5313184261322021,750.0,20.66620709470818,7,0.016271532296108036,0.614626944065094,-229.09815271021262,118.55507710205943,-77.59380453884043,-13.33690885670404,-46.18541768492867,-32.18668880208307,-71.16290733415516,1.4665718954682214,-43.33562590748587,1.0273519524349073,-15.065234808979346,-17.18823805324004,-5.196799783268145,2264.4448338007132,3830.9092420212764,0.049344975897606384,0.12308692932128906,2815.5167412388705,-1303.5999571860289,0.009176678955554962,31,0.32,0.4991060495376587,0.5587358474731445,890.625,20.025007718117333,24,0.00015922476664128856,0.58314049243927,-204.98828573349974,159.92240441844655,-80.60229054793253,-25.59761829993945,-52.74669434055887,-48.86334220129784,-73.03828054685044,-9.562377449546103,-45.41596766870479,-11.73593134677031,-32.48110526822454,-24.226597327341164,-8.006645801663735,2588.24404719436,4627.036236702128,0.054219996675531915,0.10800990462303162,2910.376155746567,323.7992133936468,-0.015077024698257446,31,0.9066666666666666,0.5531337857246399,0.5465176105499268,984.375,22.171478454837285,24,0.00023179497495435524,0.5589228868484497,-207.92879571355786,152.48333102871615,-91.33617441163183,-23.7435736694317,-61.42437638367239,-39.19377843742305,-57.42765885573871,2.31649769734588,-39.30356214722657,-14.4309331194247,-39.457267566945795,-32.1284734874077,-14.410850670605981,2603.6654658280454,4597.614694148936,0.05651076296542553,0.07130295783281326,2859.634074339242,15.421418633685334,-0.03670694679021835,25,0.13866666666666666,0.4712664484977722,0.6125397086143494,1101.5625,12.750193836380715,33,0.0002528052600681274,0.3664957880973816,-243.5358165070652,149.35276736795362,-82.50490684732308,-32.778726036153245,-50.40144258485093,-36.26821107302641,-45.900619463992754,10.761558953231702,-34.56519407627855,-17.639195115403023,-33.067897998506524,-31.609837434201623,-10.77126305075535,2516.2195654872453,4239.320146276596,0.05543810255984043,0.07727234810590744,2869.7938454847877,-87.44590034080011,0.005969390273094177,31,1.1306666666666667,0.4635625183582306,0.6237248778343201,1101.5625,13.161833976156537,33,0.00018794271634467962,0.3926115930080414,-235.96857447566535,155.1866132713447,-86.4805337252018,-37.38812658218908,-51.26526820406423,-27.355684654536482,-48.07477591591663,6.749413585608763,-43.10130016924182,-17.643699402215294,-36.177780726393614,-36.861368243133604,-12.164817420533243
10.0267,1,60,3716.5322852056693,7339.285714285715,0.08814639136904762,0.09403371810913086,3652.0264020001796,0.0,0.0,31,1.28,0.5431801080703735,0.5525438785552979,796.875,18.575214429536842,27,0.01630446360052228,0.5150142908096313,-241.6693226795277,110.39596706557634,-72.64057971227983,-11.632249598118072,-46.60810584526212,-30.23611857568306,-69.92488342598885,3.4676206695259038,-39.52149194435691,-0.4606851581790258,-15.04968586481257,-18.65013512498272,-2.8867013138867788,2431.8664507893336,4344.866071428572,0.052088500330687834,0.11902888864278793,2993.5223227395218,-1284.6658344163357,0.024995170533657074,32,1.088,0.4879659116268158,0.5695096254348755,867.1875,21.47509596004297,28,0.0001959679474799481,0.4282544255256653,-200.42434325813545,152.94503683458157,-74.52658026958865,-25.906159516418647,-54.90737665068069,-46.74563631229681,-67.45738274368291,-7.455572657260584,-41.13819512900344,-11.050923633953216,-29.431932781917293,-23.650446977862394,-4.580940815045598,2548.5752621118827,4522.445436507936,0.05521453373015873,0.10221198946237564,2926.765641976296,116.70881132254908,-0.016816899180412292,30,1.2693333333333334,0.5184780359268188,0.5708389282226562,984.375,19.576428971503606,32,0.00034205152692902896,0.5674675107002258,-215.9848502798174,156.60064906514307,-85.21910200897732,-25.086410688751716,-55.81841771433634,-40.59821817454638,-57.15386758291405,6.587317170345991,-39.31471374966088,-13.521617300942511,-41.63830820895554,-31.63668899212827,-12.000134275405648,2437.3366792186252,4243.055555555556,0.05191798941798942,0.09282026439905167,2748.016659891512,-111.23858289325744,-0.009391725063323975,27,0.6186666666666667,0.5194149017333984,0.5719423294067383,1054.6875,16.41793095330527,32,0.00021565717662391426,0.47516971826553345,-222.94758342200535,159.64020850799935,-87.0824981571535,-35.15118579215947,-54.059316087189075,-34.73915720497728,-49.51878465893432,9.336665718461164,-39.200604480715505,-17.56459074404086,-35.43347355148316,-34.897465645120256,-12.520196902933417,2432.749061361974,4058.655753968254,0.05405712632275132,0.08074399083852768,2823.4324301218494,-4.587617856651377,-0.012076273560523987,29,1.2053333333333334,0.4514455497264862,0.6255437731742859,1101.5625,14.139230789739566,32,0.00017738985304586834,0.3599478602409363,-234.28973073733818,156.1373341052319,-81.64240530902046,-43.11973714483176,-48.52108141766852,-26.966632993165856,-44.086905473173594,10.659260738130516,-39.34709069375292,-18.51538215526858,-32.742811085911946,-36.202825511534584,-10.385463840212642
9.088,1,60,3706.699972381797,7084.429824561404,0.08757938139619884,0.09504354000091553,3598.982418318373,0.0,0.0,30,0.6613333333333333,0.4286549985408783,0.6591199040412903,843.75,17.646746004660223,27,0.012942478464857347,0.4860059916973114,-225.8057116417239,110.14330073321497,-75.63802805574983,-14.360569768481795,-54.80466232009231,-29.495054747353148,-68.12703304918142,-2.790380525581075,-33.7741892070603,-1.8953187107583416,-20.988853967981438,-14.847482322059435,-0.7914292054964154,2856.8290558207573,5704.084429824561,0.055541278326023395,0.1003715768456459,3468.9027648154192,-849.8709165610398,0.005328036844730377,29,1.792,0.5183077454566956,0.5464894771575928,867.1875,17.213748821031984,27,0.00040373293939303213,0.676077663898468,-199.80880538761883,140.68949461884296,-72.37415694045418,-16.392199715426788,-69.47570928328793,-33.6242386959943,-68.02709080040756,-11.162773955647975,-45.13570043868975,-7.164216950419836,-32.70994032737805,-29.951998774426837,-7.537449036239792,2997.667692929605,6111.8421052631575,0.05795984100877193,0.10392023622989655,3563.2815324847993,140.8386371088477,0.003548659384250641,26,0.48,0.535860538482666,0.5477376580238342,984.375,20.305190776034184,24,0.000312596412767543,0.4274708032608032,-197.03163483860948,137.8818786019288,-70.44762738523023,-23.022224325893987,-71.88173866535044,-32.311862180835,-49.911854810597504,5.22400802020185,-44.38210525255923,-9.090021256706319,-34.54388142062023,-35.26179739428459,-15.536891526049871,3240.965564886556,6389.939692982456,0.06318245157163743,0.08018312603235245,3468.5108283106633,243.29787195695098,-0.023737110197544098,34,0.39466666666666667,0.4285896122455597,0.6579104661941528,1078.125,13.885635981640103,13,0.0005195582109003149,0.30643388628959656,-211.8364379639608,128.00193514962916,-68.00116822497141,-17.30985302159894,-67.98902414250861,-31.967518630548177,-33.141358867888925,6.9082521718684236,-38.7719140832871,-15.479359340485686,-34.02182706946442,-26.835685693893506,-13.706228420250314,3252.529683366692,6565.378289473684,0.06594937865497076,0.07421715557575226,3490.6815227836423,11.56411848013613,-0.005965970456600189,28,0.3413333333333333,0.4309973418712616,0.6560612916946411,1218.75,10.778748631919258,13,0.00045985239176908973,0.3828137218952179,-219.7302719290311,136.0657314341666,-84.65465695502506,-15.158927738451268,-75.1671838055053,-19.84610010404667,-34.890401585647375,5.230380085417451,-51.15638905540416,-12.577861152062987,-36.43046932945802,-32.073254242680385,-12.970400520263919
8.4907,1,60,3302.7385886838733,7012.060546875,0.073419189453125,0.11867822706699371,3728.0817064179414,0.0,0.0,27,0.7573333333333333,0.5336949229240417,0.5293322801589966,843.75,23.698924749833203,7,0.014004139831956636,0.5623000264167786,-206.2659517405341,121.068777783601,-69.29924945393628,-26.148566275597013,-63.52900457420028,-30.664366606244833,-70.47098312598669,-5.033356215873091,-36.417672480447806,1.805931796004014,-19.525129126330917,-14.90604639305218,-1.6996521283607997,2634.444168801936,5058.251953125,0.05352783203125,0.11748693883419037,3319.526780570577,-668.2944198819373,-0.0011912882328033447,29,0.608,0.459878534078598,0.5939158797264099,867.1875,18.566465221038484,8,0.0003269477697816851,0.4603828489780426,-194.68533870862308,145.48261915112334,-68.16515596385668,-19.186217908880348,-66.06940272920369,-38.23709746445196,-68.13228214773281,-8.510606323558973,-46.682901203374925,-12.310502847760088,-29.503791710749102,-32.06711060419845,-4.393388758611642,2846.9065291687825,5619.43359375,0.0566741943359375,0.0923456996679306,3296.704524556351,212.4623603668465,-0.025141239166259766,26,1.5786666666666667,0.5349149107933044,0.5490245819091797,1031.25,18.953646006631384,23,0.0005188229489353298,0.7589530348777771,-204.46144159864934,138.21123307932643,-71.93425939200367,-20.1225523274603,-65.47922409549288,-32.27544495016234,-50.12472619373621,0.3318142833515932,-36.40800767961749,-15.95652100425246,-33.42459208265831,-34.056418580130995,-18.156305039596702,3397.084323164602,6928.857421875,0.0648101806640625,0.07924281060695648,3657.6727260689163,550.1777939958197,-0.013102889060974121,25,0.30933333333333335,0.465066134929657,0.6267216205596924,1101.5625,13.751803795065602,13,0.0005444799425251143,0.26835817098617554,-210.9940215506811,127.82487003193413,-74.44225724045307,-17.092614873229444,-72.95643123543519,-25.07514472175841,-42.78507371851824,6.54100966434977,-35.673011935566024,-11.685737565565555,-35.52576265680533,-29.436682926087563,-15.641248889517703,3322.9347663827,6718.505859375,0.0661712646484375,0.07091575115919113,3529.9581545776177,-74.14955678190199,-0.00832705944776535,27,1.0026666666666666,0.4431760609149933,0.6478915810585022,1101.5625,9.83569681875191,13,0.0004378117744364567,0.43500953912734985,-221.21111808062398,131.8101120604012,-83.7977615055805,-13.225995496103366,-74.19059313485953,-22.572292369447258,-38.37649515300652,7.672769953684482,-44.54782571084869,-15.814674036770949,-37.09479195049819,-29.055191352201085,-11.182230849136062
8.8107,1,60,3394.854152586314,6808.028990963855,0.07438052993222892,0.08059509843587875,3608.362516481519,0.0,0.0,25,0.6506666666666666,0.5279675126075745,0.544131875038147,867.1875,16.936123433697524,7,0.015052215916379025,0.47936612367630005,-251.78577491770034,120.75387119631051,-76.25359498908898,-21.869258094818964,-58.755068696270705,-30.506183552465266,-68.61259028047351,-3.454876758366413,-38.172842054922754,1.610773437742288,-20.468719169483574,-14.888133797922738,-1.5192245759866878,3018.7079991451783,6172.392695783133,0.058899661144578314,0.08962396532297134,3555.4274739197986,-376.14615344113554,0.00902886688709259,31,1.536,0.45848527550697327,0.6028273105621338,937.5,13.199705026247026,8,0.00036523892069350856,0.6545723080635071,-207.77000824328545,140.86047795684294,-76.23216144035273,-11.85323112557589,-65.2906777506132,-33.46823076353715,-71.98335347561797,-3.7026249420427675,-46.64034867519246,-11.235779789093241,-33.04961134512727,-31.55749283645256,-4.778968989667631,3009.0605293616964,6035.15625,0.05882024190512048,0.08876829594373703,3408.3366239103957,-9.647469783481938,-0.000855669379234314,26,1.5786666666666667,0.5362777709960938,0.5529568195343018,1031.25,15.45763665148711,12,0.0006626418584754381,0.6135426759719849,-206.37455364697192,141.97304910127505,-83.75217161287932,-14.894916002018187,-70.64517162832777,-25.886419075376132,-57.7720641565723,7.699018834325565,-41.544856836558914,-13.730179881003309,-34.53056289195465,-38.12633751884977,-14.916552300340422,3363.2923742242533,6936.935240963855,0.06595326618975904,0.08769385516643524,3635.561618018545,354.23184486255695,-0.0010744407773017883,29,1.4933333333333334,0.4573500156402588,0.6276848912239075,1101.5625,16.647123559053835,33,0.0005860556656826862,0.5097843408584595,-201.55593712584556,128.3732772755407,-81.1124852819436,-12.099598553768702,-73.92945315978147,-23.62494471504604,-46.28366475224918,9.112501463329119,-37.960861212101285,-14.993111297834933,-37.08063322375436,-30.52350802317104,-16.66354009943682,3109.882311373688,6200.207078313253,0.06045863140060241,0.08694606274366379,3481.4671691878557,-253.41006285056528,-0.0007477924227714539,28,0.224,0.4225771427154541,0.6671072244644165,1218.75,12.52207611666251,13,0.00043562895106265606,0.4346320331096649,-212.51765984162353,136.60407870237626,-79.12522085866023,-20.593609920380416,-77.0628639316113,-20.3688621460117,-41.01747560237253,5.6225811753472525,-43.4116378637712,-15.451276444777502,-34.48504056774478,-27.199946284306648,-13.225469354897244
8.5333,1,60,3072.7037050190593,6273.097826086957,0.06559345885093168,0.12917713820934296,3603.728868621801,0.0,0.0,27,0.288,0.5286067128181458,0.5382064580917358,679.6875,24.796864092286565,26,0.018690168353596492,0.5307788848876953,-205.30479625892897,128.2463101046975,-73.65026838549875,-25.512025688125856,-66.54338978632799,-30.670604819725803,-74.61938628338162,-5.052796173219481,-39.27385107870624,0.6675420057494101,-22.145354684786092,-16.59668052754043,1.2740507077048222,2932.0648585920662,5896.059782608696,0.05687415081521739,0.11311326175928116,3533.403837015187,-140.63884642699304,-0.016063876450061798,29,1.0666666666666667,0.47978585958480835,0.5749672651290894,679.6875,17.37810991161916,28,0.0005288916479816679,0.3635265827178955,-192.7139411870434,141.1009581084788,-70.079877982459,-16.2103295726428,-70.9863525068498,-31.855514250276592,-71.49106061776091,-6.591113253635793,-45.73393372641849,-10.454150925000585,-31.095410408937816,-32.15190867502891,-6.236178683902733,2995.7986977287123,6010.77251552795,0.058408749029503104,0.10915137827396393,3453.7756114350414,63.73383913664611,-0.00396188348531723,24,1.28,0.5066765546798706,0.5770458579063416,1031.25,20.826575998596685,12,0.00047630832112637115,0.39401111006736755,-193.38713864071283,136.73117032798643,-74.83862134945602,-18.28282005343971,-73.2603491048762,-29.317737908114378,-51.41975623977811,4.585219550624816,-41.23785463134694,-14.868886436586475,-34.77490084216785,-37.38010092763827,-16.150931502229202,3158.6678401740014,6304.833074534162,0.06296098602484472,0.07310602068901062,3488.9631528950176,162.86914244528907,-0.03604535758495331,26,0.07466666666666667,0.46987590193748474,0.6112188696861267,1101.5625,12.801087888822163,13,0.000551342310953448,0.40108075737953186,-222.3084356840491,134.6875462309544,-77.08319622421652,-18.5245682741142,-71.49386125278929,-26.295791167039265,-42.79580163331382,7.617115331932181,-39.47593309662122,-15.446174266077143,-33.99645730436818,-30.072382928992624,-16.134640146921598,3025.800936668675,5859.375,0.06169630725931677,0.08017697185277939,3325.8410812183256,-132.86690350532626,0.007070951163768768,26,0.5333333333333333,0.42720702290534973,0.6500495672225952,1101.5625,12.690323838407643,12,0.000432228585229314,0.4357737898826599,-212.3780370800021,137.71941468624135,-82.41300938926585,-20.609603794064164,-71.32276311246258,-21.635113996765313,-37.87659495747729,3.7054787573098245,-44.507639561241085,-17.799496524377325,-33.58576455054171,-28.695997674151556,-13.920017554232569
8.96,1,60,3438.85628069877,6729.3361686390535,0.07699819711538461,0.09441981464624405,3661.9094418713735,0.0,0.0,24,1.3866666666666667,0.5390994548797607,0.531385064125061,843.75,17.849233890039233,7,0.012772993498096845,0.5826345682144165,-230.96948516286847,120.35611519475474,-77.90876864447834,-19.05420950993868,-59.303481591235546,-27.56089730557008,-73.87985133021247,-2.3808138939838472,-37.293699077914525,-1.1767818398579613,-20.638463294846474,-15.798574781283788,-4.319808085763501,2805.443891095195,5859.92973372781,0.05205829326923077,0.11769603192806244,3412.932368624052,-633.4123896035753,0.02327621728181839,28,0.05333333333333334,0.4784911572933197,0.5800982713699341,867.1875,19.45138941601325,8,0.00029950915142915296,0.5189781785011292,-193.18455828907344,146.2412432226766,-69.25053067706531,-19.12062383989419,-65.31706174076145,-36.19082749015822,-70.7325221849169,-5.816810858037738,-46.19166429920497,-11.39957804959133,-28.74156296644555,-33.82708296593564,-5.737651604402978,3212.9855548966484,6342.409393491124,0.06225152551775148,0.09976737946271896,3543.067630981357,407.5416638014535,-0.017928652465343475,29,0.224,0.5409144759178162,0.5521511435508728,1031.25,20.72720631865463,32,0.00043500402031161633,0.36149677634239197,-198.65186052175318,132.11321613212795,-73.04645357187395,-19.484577334823662,-58.690374641522475,-35.91504254060674,-53.100756890212544,14.899020937993388,-41.08438068309947,-10.091364814675075,-29.87833930574523,-39.69581342164665,-13.614221372933356,3108.0712452551084,5908.746301775148,0.06548458302514792,0.08363513648509979,3425.289970587099,-104.91430964154006,-0.01613224297761917,29,1.3333333333333333,0.43372204899787903,0.6579732894897461,1101.5625,13.650690128239267,32,0.0005391577739567664,0.3583983778953552,-215.08066229344823,134.62964083083077,-82.54098062450335,-20.186525525917666,-65.04392685076085,-25.419978163532942,-47.285907450118316,13.462732457486547,-40.72700168624371,-16.401488573353937,-28.903789525053963,-33.81557292170999,-14.92764047632599,3106.9693493475015,6135.355029585799,0.06633690828402367,0.07097575813531876,3382.8305238887597,-1.1018959076068313,-0.012659378349781036,28,0.05333333333333334,0.44165194034576416,0.6482384204864502,1101.5625,11.129252487190573,12,0.0003743740941371296,0.40102243423461914,-222.18083255966434,139.0474051530965,-89.15026269588299,-25.608614887770074,-62.9417593406338,-16.583482829443028,-44.640897521618115,9.448588358116876,-45.07137059642835,-16.015648044294394,-29.92640966913558,-32.00348771447595,-14.870393150430468
8.6613,1,60,3522.1012130212966,7170.437116564417,0.07786438362730061,0.10389824211597443,3717.022605224402,0.0,0.0,26,1.0453333333333332,0.5137844085693359,0.5593937635421753,843.75,20.296779194840262,27,0.014609272209396423,0.5291799306869507,-227.31979230122718,116.15741076434604,-77.05923815520717,-19.38565749317006,-61.747626291829214,-27.335283481511162,-72.70100391996844,-2.724100470692105,-38.93379551305684,2.8200855799163644,-21.86738497364151,-15.499444551254665,0.46140767259100324,2959.534408270975,6062.979294478528,0.05585278470092025,0.10098721832036972,3553.081471731789,-562.5668047503218,-0.002911023795604706,30,1.184,0.4706108868122101,0.5907750129699707,867.1875,16.51510332189321,8,0.00041743223930571383,0.4771270155906677,-198.49557676382057,137.73558081858434,-67.89634271100236,-15.764169624493672,-69.3578660619276,-36.142798064471556,-65.68998460744153,-4.039063180044753,-48.0814529967599,-11.018013158643734,-26.119088400207566,-33.45533387793666,-5.847865646362223,2993.180029152639,6053.633052147239,0.057868817101226995,0.09873076528310776,3511.291346312999,33.645620881663945,-0.002256453037261963,30,0.7466666666666667,0.5209811329841614,0.5589941143989563,1031.25,20.272977996180465,4,0.00045784016957925753,0.5351833701133728,-198.41362330008852,137.3406772357859,-72.45071272681201,-20.319302293448978,-72.47082376213032,-29.149957587037612,-54.37213605113789,5.206452425420681,-41.725842022946125,-14.502167164321719,-29.266789804068157,-36.01383051215871,-14.645722127837765,3076.50150975955,6105.972009202454,0.058381063075153374,0.10826738178730011,3502.586603784412,83.32148060691134,0.009536616504192352,27,0.6293333333333333,0.44833242893218994,0.6204140186309814,1101.5625,19.44044869988198,13,0.00039771849471455397,0.3823661804199219,-198.07529784527947,135.56565234440856,-76.16732019325136,-21.122614093909572,-75.32150819644906,-28.017027873566743,-47.93537399250447,8.80033692103524,-40.379812755712216,-14.668044022669305,-32.60454842601448,-31.342708682648908,-17.713328516775725,3266.53342167217,6402.319785276074,0.06426440279907976,0.06735153496265411,3525.2526944968236,190.03191191261976,-0.040915846824645996,24,0.416,0.4690793752670288,0.6375705599784851,1101.5625,10.183926832076073,12,0.00044388507901795503,0.47768452763557434,-229.50171588670443,136.3193348624001,-87.51004237463201,-15.808796750529327,-75.97383746973337,-18.478283485214444,-42.90194986632583,10.375147358068325,-46.534663004409516,-15.645599637877561,-34.695405409602024,-26.129921730453635,-17.09593262253407
7.2107,1,60,3340.731348412599,6401.3671875,0.0777444278492647,0.14252328872680664,3479.881188324738,0.0,0.0,20,0.736,0.5670627951622009,0.516994833946228,703.125,30.804122390366768,24,0.016055996319347125,0.5865408182144165,-182.8304540604191,115.40966962572368,-91.88876176218004,-6.470448071978865,-65.8198689300398,-42.76894594928078,-72.22388330315101,-6.567651351148602,-49.837507504266476,3.14173131730278,-17.38077045410237,-15.574278148503614,-5.004554410139104,2993.6875168142783,5516.773897058823,0.06476548138786764,0.10259151458740234,3342.4298744231955,-347.0438315983206,-0.0399317741394043,18,0.5973333333333334,0.46262574195861816,0.6039217114448547,914.0625,15.00879781567672,24,0.000376836289355477,0.3957032263278961,-189.59587320342936,133.09343728926584,-86.90727229935283,-7.823495295529951,-56.8266808276727,-45.18097827629954,-70.7416870962652,-6.330203404786216,-47.6962770312197,-8.26273996668479,-32.70931959783481,-28.666954927190748,-8.751810565775987,2961.95977799954,5284.122242647059,0.06637034696691177,0.09364906698465347,3190.066643657731,-31.72773881473813,-0.00894244760274887,21,0.832,0.5104844570159912,0.5689376592636108,984.375,16.639702711321483,32,0.00035935710943371365,0.5808000564575195,-202.00143453164333,138.90708464636953,-95.92779575589529,-12.836017478891785,-58.65377643922292,-40.77408040014261,-63.27808983906969,9.99021216862809,-41.724552802883096,-11.27862965715486,-38.30035870026435,-34.458935649321425,-13.577853368461797,3175.707738973181,5961.9140625,0.07002527573529412,0.07712572067975998,3450.199385970182,213.74796097364106,-0.016523346304893494,20,0.288,0.46264928579330444,0.6275457143783569,1125.0,11.421592001496581,33,0.00048052945931143865,0.427606999874115,-216.39686338830703,136.5242207194579,-95.64225215299489,-22.693330682194368,-63.29958898119462,-24.917964405707917,-59.13962706298498,16.30095383364953,-42.957542083825714,-12.078655899106465,-35.12076734501927,-33.25052454538825,-15.030312127987676,3232.6975293772857,5967.601102941177,0.07552203010110294,0.07274264097213745,3431.4701506741003,56.9897904041045,-0.004383079707622528,17,0.16,0.41282689571380615,0.6878295540809631,1125.0,10.037175942634644,32,0.0004958286710210158,0.42524340748786926,-225.70579988351656,133.1302197558181,-103.3375922117352,-25.959719133621192,-59.66105936197352,-15.652961481263205,-55.79293161446344,14.937024263990777,-43.313751066059524,-10.011549190420487,-36.049042964338156,-32.56284438424956,-10.117751191889763
6.8907,1,60,3292.234215619749,6555.46875,0.07539438100961539,0.1508205384016037,3551.5672859109213,0.0,0.0,23,0.5653333333333334,0.561959981918335,0.5170591473579407,796.875,27.749552748717143,25,0.017049073875023253,0.66354900598526,-180.52341649888052,120.74268854546591,-90.43259198242535,-11.393955912391462,-65.16279284334895,-40.07557731854728,-74.93424518076618,-5.603640759673347,-52.34551505029841,4.045502982517049,-21.121204841908042,-19.06087367044112,-5.703412460297906,3107.8084585487372,6141.526442307692,0.06084735576923077,0.11707106232643127,3505.4953995398396,-184.42575707101196,-0.033749476075172424,20,0.576,0.5079739689826965,0.5590763688087463,914.0625,17.822987932482633,22,0.0003384939162729344,0.5968636870384216,-184.06394811145236,138.22360488945273,-88.10712183279654,-9.388757734843468,-67.19950165771343,-37.162922087214845,-76.25274204716202,-8.770244057684284,-52.60213652244271,-7.0692976465237995,-37.46633179305932,-31.50317800853161,-7.447285605174387,2971.371885897747,5744.711538461538,0.05929987980769231,0.10137898474931717,3353.47672408839,-136.43657265099046,-0.015692077577114105,17,0.16,0.558342695236206,0.5362784266471863,1007.8125,19.29308375976145,32,0.0004123203577821913,0.409231036901474,-192.0642612707584,135.74518761085764,-87.30070566006361,-15.919323236249998,-62.88491467258045,-36.190161782149715,-59.795469737119575,3.4547739880183297,-40.401052512716255,-6.759988502721276,-36.500559351325435,-35.883655534813464,-14.44250631823767,3062.5904751153516,5700.540865384615,0.06755558894230769,0.1040407195687294,3371.0607879227978,91.21858921760486,0.0026617348194122314,20,0.5653333333333334,0.4797849655151367,0.626445472240448,1054.6875,16.770580419529164,30,0.0004440848498149051,0.3596296012401581,-189.45317636248706,133.81729417002498,-93.59508259808922,-24.323324895438184,-57.77065826846577,-28.089952667121526,-56.167592643912506,10.40426403164389,-40.60603046655416,-10.034871656844862,-34.96093569401813,-33.606228372133074,-15.295923938075454,3377.0522849336994,6784.254807692308,0.07252103365384616,0.06953669339418411,3702.257402435987,314.4618098183478,-0.03450402617454529,24,1.1946666666666668,0.4306364059448242,0.6566893458366394,1125.0,9.53901514157066,32,0.000515183279106894,0.5477591156959534,-225.9660888056225,133.32955049077057,-94.49132956417834,-29.564175032940092,-62.4806020300208,-18.70790440272778,-55.45781238988791,17.01173431370669,-48.25842498317849,-8.704691955766116,-34.526036755135664,-34.52451977900809,-10.195228531760922
10.4107,1,60,3204.8581075664215,5969.148596938776,0.07308274872448979,0.1430232673883438,3238.0870312768125,0.0,0.0,33,1.92,0.6102891564369202,0.47588032484054565,773.4375,31.07181511436842,7,0.015574175883776142,0.604080855846405,-211.84809253345634,127.37663766926596,-77.96295964400687,-19.446118784847727,-50.43764164913425,-40.423753636066735,-70.67579207254525,-2.619955869201408,-40.18190453997874,2.999430874501693,-17.759660247064282,-17.604201825157894,-2.7869183618089393,2156.504606311347,3731.106505102041,0.046473911830357144,0.10731169581413269,2658.827898881802,-1048.3535012550747,-0.03571157157421112,35,0.05333333333333334,0.46625497937202454,0.5904207825660706,703.125,17.13949509736901,6,0.00012399193456522146,0.47091567516326904,-226.86526324366318,162.59768987420674,-75.7038769859461,-30.131243376198476,-51.285030993679,-50.856802793781064,-67.89616987929318,-13.928669412806826,-43.91784114720561,-10.787431625584146,-30.56695510014313,-27.860780449488203,-2.339237405658319,2424.026327851453,4269.212372448979,0.05135921556122449,0.10271607339382172,2826.412693977935,267.5217215401062,-0.004595622420310974,33,1.0026666666666666,0.5374218225479126,0.5397112965583801,1031.25,19.338017884332466,24,0.00017871928403145803,0.6015885472297668,-216.7960559473452,154.0318004077588,-82.43915555551291,-31.73872281776182,-52.79272373764211,-44.06384180690362,-51.10356580481803,-0.9528673776138259,-38.787496564700234,-10.430190286656309,-40.87977365477877,-33.77367225220758,-10.568828261140586,2610.219825833401,4530.731823979592,0.0562744140625,0.08305604010820389,2923.281955251373,186.19349798194798,-0.01966003328561783,31,0.6186666666666667,0.4740033447742462,0.6106249690055847,1078.125,13.699587650412731,33,0.00022148922398265657,0.4810749888420105,-233.4029032165938,152.52781109253564,-89.5758533216386,-34.047348455766034,-60.01001799856846,-32.06342592291546,-52.95711605208642,7.6952489243810085,-39.42471910378518,-14.853386844516177,-35.84020632187955,-34.93150622906939,-11.995358105381516,2884.855951116102,5243.9014668367345,0.0609130859375,0.06418273597955704,3140.9372725851385,274.63612528270096,-0.01887330412864685,29,0.8106666666666666,0.4652046859264374,0.6190013885498047,1101.5625,12.08607586596366,33,0.00036989953903615423,0.44031983613967896,-246.34093731206883,146.47905327521448,-88.66834327805196,-30.72361703259917,-58.89567694417368,-21.67260959561753,-46.66406318358501,9.234007461784861,-45.678837473811484,-19.06414683058974,-35.246124630331394,-38.176459154921666,-9.668217288347462
6.976,1,60,3844.3670954269396,7468.69036259542,0.09616904222328244,0.11247982084751129,3709.899025440254,0.0,0.0,23,0.544,0.5693519115447998,0.5181222558021545,796.875,22.31555875996963,25,0.019566312885997,0.6555673480033875,-212.70675638646674,102.2414637350347,-84.4234292287427,-6.216229705895396,-55.49225443171749,-36.0922900268738,-71.02199266452584,-1.4795176169190272,-47.3218334335931,4.769859335564063,-15.127433665656786,-17.4115723586402,-5.256675516190758,2986.6056827912516,5680.283874045802,0.05817628816793893,0.11040592938661575,3408.4603255533884,-857.761412635688,-0.0020738914608955383,26,0.021333333333333333,0.4933960437774658,0.5756316781044006,914.0625,17.28586689119946,26,0.0003585943838970822,0.40766164660453796,-185.3221503777976,135.05845680550723,-83.69680826139562,-5.465574605884318,-62.186933003965585,-43.29350002429151,-72.07129188603218,-11.252825579933782,-50.19647466144609,-5.8390024366516045,-35.010509475011276,-27.249991115377558,-7.885306313558958,3181.5202058580885,6068.702290076336,0.06678271111641221,0.10432635247707367,3418.539772251477,194.91452306683686,-0.006079576909542084,23,0.6186666666666667,0.5512039065361023,0.5488273501396179,984.375,20.105686363272564,32,0.00038118820160440447,0.5789395570755005,-181.37408834345894,130.27909381395116,-88.75054982369893,-10.303855685740372,-60.87595240198585,-38.99145338616524,-57.95730522088982,4.059983652344652,-40.89191875336447,-5.038724472913529,-39.71124998076472,-34.071387124776756,-13.526791368729343,3318.943441915865,6536.020992366412,0.06898929508587787,0.1079401820898056,3494.5162089003593,137.42323605777665,0.0036138296127319336,24,0.544,0.46572303771972656,0.6234740614891052,1054.6875,18.236786530514337,33,0.0006161348750543321,0.4715421199798584,-176.43418718723865,127.28789266067693,-95.32745996264305,-16.234256311645677,-69.06458367731321,-28.090921261674136,-56.4945704031818,9.9994482169892,-40.50897541343204,-12.60617410435142,-36.360210017193296,-34.81166367252754,-13.498410035616512,3480.3501397879672,6753.399332061069,0.0722097149332061,0.08346601575613022,3638.294278459804,161.4066978721021,-0.024474166333675385,23,0.5866666666666667,0.4500173330307007,0.6496485471725464,1125.0,12.436173169772587,33,0.0007952102549577619,0.5097981095314026,-198.24531443194883,126.9816686647603,-98.8056973221665,-14.271978288691662,-70.16440018947134,-19.34828607799454,-56.398469562939056,11.709351884089886,-46.22619312728166,-11.860456985749533,-37.39123703553576,-36.283227741887465,-14.811678963274222
6.784,1,60,3820.861748004685,8017.63916015625,0.08072280883789062,0.10487314313650131,3899.8673736290384,0.0,0.0,16,0.992,0.5085365772247314,0.5597299337387085,796.875,18.901239197115768,25,0.01796426384954097,0.5507434606552124,-203.5851740766606,107.27691663156659,-87.35818506837491,-9.842977964646957,-69.17676116077492,-33.67407588756094,-71.27896346370895,0.02251420836728707,-44.49089322899917,2.5289924177952665,-19.082316809565334,-14.655025584583061,-9.11580386005675,3512.031510702526,7444.7021484375,0.06862258911132812,0.11107101291418076,3810.7052695488774,-308.8302373021593,0.006197869777679443,23,0.07466666666666667,0.4900171160697937,0.5711036324501038,914.0625,20.34824728585103,28,0.0008400587245177367,0.47328200936317444,-177.93582691912027,125.88978588972341,-79.47316456449724,-2.9728260172278684,-71.98081253244314,-37.29390738497132,-73.35099610881343,-7.752046695700386,-48.08385501322449,-5.773645204659861,-36.25560910413145,-27.423994865184685,-9.011255193148074,3503.3294721915227,6810.791015625,0.0746002197265625,0.10119300335645676,3591.4420395635766,-8.702038511003138,-0.009878009557723999,20,0.11733333333333333,0.5274630784988403,0.5772324800491333,937.5,17.85834559759017,32,0.0013212723651813856,0.5615615844726562,-179.95170429901714,123.48722078863516,-92.063343525952,-7.6494963868263675,-68.52396720294836,-27.93864511153218,-58.52169851489609,4.168233644789677,-39.61177126600723,-5.495892832623111,-39.61014909424203,-33.34605771441494,-12.588301480746123,3735.8838202120187,7490.8447265625,0.07525634765625,0.08527649194002151,3751.7740197226003,232.55434802049604,-0.01591651141643524,21,1.2053333333333334,0.45175689458847046,0.6399469971656799,1101.5625,12.871311725176351,33,0.0010421385980403642,0.47294342517852783,-189.96273402328467,118.69554038844687,-93.17411563320248,-9.939437851225769,-73.93483843992594,-21.22822469657462,-53.96202050118619,9.621315861077804,-38.54420173205787,-10.115143167403485,-34.89817092707588,-29.90159675825065,-11.807314554329887,3916.384026130271,8242.49267578125,0.08081436157226562,0.0836302638053894,3980.7260286387827,180.5002059182525,-0.0016462281346321106,21,0.23466666666666666,0.43148553371429443,0.6612343788146973,1125.0,11.3475272351413,32,0.0007925717251412132,0.514563798904419,-196.20575696200257,121.79494964279827,-98.66901173978368,-15.623163225870194,-76.38203883202837,-12.54248726096536,-59.623651987585234,15.686085079587155,-48.71574575239046,-11.656159065095778,-36.9452157215294,-30.629301584074234,-9.623110969809158
7.168,1,60,3157.364508864237,6100.868055555556,0.0723488136574074,0.11799415946006775,3519.3744092046127,0.0,0.0,19,0.6186666666666667,0.4846338927745819,0.5803671479225159,867.1875,23.07876493248578,25,0.016507707471697972,0.5600879192352295,-210.11960816243158,121.41077587969146,-85.64303863707458,-22.724659514962596,-64.49115328073461,-35.814885841701106,-74.55011725281013,-3.1947969214483782,-40.92035562462839,2.399149576947549,-19.064962967188848,-19.280602125730972,-4.749356981321275,2938.2079287036045,5978.819444444444,0.05737847222222222,0.10378386080265045,3522.8416801561793,-219.15658016063253,-0.014210298657417297,22,1.3333333333333333,0.4478791058063507,0.6080090999603271,914.0625,17.158270768074875,27,0.0006359675639286528,0.49813657999038696,-202.144514329869,141.64513507770585,-76.07010187405336,-15.249466603926743,-62.443028714645614,-39.69423893362934,-71.43504951147055,-12.852800426050113,-48.14649554551276,-3.9345909372996624,-38.645863926150746,-30.080940517400833,-3.885510102839538,2838.0641077583505,5212.326388888889,0.061342592592592594,0.09510685503482819,3263.2599254929955,-100.14382094525399,-0.008677005767822266,24,1.344,0.5247578024864197,0.5564484000205994,1031.25,17.482657171805894,31,0.0004456118229830873,0.6713172793388367,-204.30498783387515,141.17228728219794,-84.6190221819005,-19.072790362862772,-67.47807663509509,-36.62588245902283,-59.18246126868575,1.5946929714263034,-42.00234605423572,-6.144964970403311,-38.95264195184644,-37.647165776619175,-8.063099726310629,3264.2574194701415,6636.458333333333,0.0683521412037037,0.0733293667435646,3559.7104192078027,426.193311711791,-0.02177748829126358,20,0.416,0.5025378465652466,0.5782077312469482,1054.6875,12.691472017523624,32,0.0008647701887394617,0.5321086049079895,-213.67026710867347,132.86363258572646,-90.72502888781555,-17.587164138244102,-70.53623973277483,-23.32758334012909,-54.154456410646596,8.864441010145685,-41.91825924858888,-8.631805668359467,-36.708293479355504,-36.5920188491481,-13.07382593634262,3318.9585108986616,6453.819444444444,0.07625868055555556,0.06758036464452744,3543.1208500226044,54.70109142852016,-0.00574900209903717,18,0.14933333333333335,0.4559294581413269,0.6205109357833862,1125.0,9.413907015498294,12,0.0005422873901409568,0.5305699706077576,-223.23359779744237,134.37196528384933,-95.83545790458238,-26.116201246557285,-65.96255785772843,-19.532324149951908,-49.44065776595331,13.473523693841877,-52.571981175892105,-10.39844921409806,-35.49038826476713,-36.143916526241085,-9.325325732674628
13.5253,1,80,3198.2940507799644,5829.57062007874,0.07428987758366142,0.08213544636964798,3257.046151046569,0.0,0.0,45,1.9093333333333333,0.5078333616256714,0.5665320158004761,867.1875,15.336725448755868,7,0.012082709519826386,0.4622993469238281,-257.4660370051819,119.74647778590823,-73.21461996902993,-15.409413854937167,-45.87384566621903,-38.52482377562162,-69.44103942819768,-3.0911830863916867,-36.02243163223457,-2.1344862796355732,-14.122707250902309,-19.52330735180424,-3.1132648452274987,2510.0666203321916,4389.087106299213,0.05450295275590551,0.08318791538476944,2889.2365333206108,-688.2274304477728,0.00105246901512146,46,1.8453333333333333,0.5097521543502808,0.5691625475883484,960.9375,14.933454307113141,24,0.00018693571175325898,0.42641645669937134,-234.72095209935853,154.09571633276985,-86.06823029632842,-22.517145440733415,-53.22585267070322,-45.939642897984676,-65.18756817378332,-0.7363724167422706,-42.966679363387826,-13.925560440678858,-33.78127844819987,-33.74330287829977,-6.93326844479044,2759.942777672636,5096.641240157481,0.057995893823818895,0.09349337220191956,3084.839008949573,249.87615734044448,0.010305456817150116,45,0.416,0.47890061140060425,0.6067628264427185,1054.6875,18.720796308939345,31,0.0002278312964995323,0.35518625378608704,-212.26760894213334,141.9045486392305,-82.4482178782043,-32.70837538413816,-47.08280436816142,-36.83662018238003,-49.284414562146054,9.418878482509008,-37.324055188683666,-12.420023874812465,-33.918171534027245,-37.278340915574056,-9.477177244253184,2669.1332124308924,4540.231299212598,0.061615711122047244,0.0802382156252861,2991.508800738238,-90.80956524174371,-0.013255156576633453,44,1.7813333333333334,0.4057306945323944,0.6785616874694824,1125.0,12.57051802750858,13,0.00024489469522714707,0.42580699920654297,-226.1461079905329,149.23153146176534,-88.97363474045699,-44.10461304433578,-45.859614117447265,-21.521982954422757,-47.80349629288729,8.104173277424675,-47.08757158968445,-15.40885152015141,-32.61206653581432,-38.449883782396434,-9.956479948973055,2922.573502328116,5189.6530511811025,0.06409748708169291,0.062474727630615234,3193.705205438276,253.44028989722347,-0.017763487994670868,37,1.5146666666666666,0.4135328531265259,0.6818766593933105,1125.0,6.997708592372136,13,0.00029936777438649583,0.39077672362327576,-236.814548069377,144.44994142796997,-90.29212154674065,-40.04094924864587,-38.22790511393545,-14.865184230981374,-48.22042922389841,-0.09000517805330892,-46.71614300154646,-9.474107124982192,-34.661311071996316,-33.75272767823592,-7.568175952400332
13.6107,1,80,3485.740098179637,6785.614013671875,0.07656478881835938,0.11718444526195526,3587.8444223814454,0.0,0.0,42,1.024,0.5210416316986084,0.551712155342102,867.1875,21.84923300143898,8,0.011991275031396543,0.5673404932022095,-223.16193477358007,123.91598620869317,-70.05992902974711,-19.377757335630374,-55.71276652663409,-33.70231334710043,-74.0189410968363,-4.649738929812886,-44.20924210168478,3.1724877485480967,-18.294203699282622,-19.94705982903369,-1.9422252824660433,2466.470472625005,4292.266845703125,0.05064582824707031,0.0983874648809433,3053.590175933644,-1019.2696255546316,-0.018796980381011963,50,2.2186666666666666,0.5298989415168762,0.5581105947494507,960.9375,17.023998764695396,23,0.00016099394069814184,0.6044045090675354,-219.9335560653831,154.19336176704036,-74.8127253553199,-33.18505518700805,-57.60667233441859,-36.85948988683787,-63.82871592051981,-4.5063571066768455,-46.04472558045593,-8.664532960771522,-34.220238263486685,-40.36482435369233,-4.674486177832057,2645.3808928804283,4791.778564453125,0.05611610412597656,0.08517078310251236,3081.6401759584814,178.9104202554231,-0.013216681778430939,50,0.9173333333333333,0.5036503672599792,0.5791577696800232,1031.25,16.721874365754374,32,0.0002452942652950578,0.32481616735458374,-231.2661779187312,146.7931259693655,-75.72392293036602,-37.84157815059875,-56.38841202290727,-32.31895561636713,-47.74271668636702,9.427935518647978,-38.40433483310185,-14.955048581821961,-29.751556456647428,-38.164983501142736,-11.725835409518627,2816.802012377624,5156.524658203125,0.060359954833984375,0.06089239567518234,3162.613444482453,171.42111949719583,-0.024278387427330017,45,2.464,0.4352264404296875,0.6532792448997498,1101.5625,9.123405650281997,13,0.00037611435437502405,0.4697801470756531,-250.4259252144347,150.63125165852517,-90.68879400315569,-33.257034141920315,-60.197826885737456,-15.784843180358378,-54.031046856325474,7.952962327675767,-48.06812889720225,-18.035091486396496,-32.86133611962746,-36.67550464022649,-14.138254454963686,2786.1293646690915,4900.45166015625,0.06090354919433594,0.05121397227048874,3152.727498411393,-30.672647708532622,-0.009678423404693604,34,1.2906666666666666,0.42678168416023254,0.6659817695617676,351.5625,6.121851035662992,14,0.0005830687865258958,0.38255128264427185,-261.02489150044255,150.46226573598136,-88.44434020386296,-35.927358819378824,-47.28283042966045,-8.381766229773424,-51.57505761121127,-1.3181834793083615,-46.37347287204954,-16.06075800121612,-33.197290314913566,-31.203037004182676,-12.675099516776704
13.4613,1,80,3090.6679300584688,5651.957756916996,0.07297971220355731,0.0664670541882515,3255.0164680693492,0.0,0.0,48,2.6666666666666665,0.520538866519928,0.557723343372345,726.5625,12.933009326880635,6,0.012347258153305318,0.9737155437469482,-290.3144877369317,121.25786121631737,-61.50073846727071,-22.94045289641972,-38.70536356339241,-42.28868545198342,-63.23054432001096,-8.643790090059507,-34.37839690830567,1.9129362632393505,-15.441333762384682,-15.483031664263828,-1.831181653492517,2238.8996807275416,3810.863389328063,0.046209161931818184,0.09719135612249374,2827.694051068767,-851.7682493309271,0.03072430193424225,47,2.1653333333333333,0.5030443072319031,0.5626053810119629,937.5,16.216571766533434,28,0.00018255362752485718,0.48948556184768677,-233.7789595351005,161.27132112922712,-74.16548407282048,-37.57542273885982,-53.91243696887111,-45.13749681246372,-62.41589271812552,-9.34400633666332,-47.66977729770575,-6.104903972588757,-33.36868277046434,-35.78712054129261,-2.3541466578580033,2534.7551116071577,4522.881669960474,0.05737594182312253,0.07756668329238892,2973.8422627118357,295.85543087961605,-0.019624672830104828,44,0.33066666666666666,0.47655239701271057,0.604991614818573,1031.25,13.927052911826324,32,0.00021081284905661877,0.3967658579349518,-243.0225375762985,154.51286364308388,-84.86749035352415,-42.280511978336115,-54.55303164567369,-34.47656345094461,-54.553458671363,8.76258913359027,-43.353534406392114,-12.640021058419626,-31.801626336734138,-38.603532368372896,-10.306806320528521,2556.3743933412748,4360.949851778656,0.05694555953557312,0.06890110671520233,2969.3044174083693,21.619281734117067,-0.008665576577186584,44,0.042666666666666665,0.40663230419158936,0.6653598546981812,1101.5625,10.987671273715513,13,0.0002404621420497565,0.32321834564208984,-247.36350479901023,152.2084554122369,-81.99202716862723,-47.07531991408898,-50.10694862146916,-25.70615196534312,-44.92085709010986,6.520418166819597,-46.013244372569666,-19.69871470478711,-30.912429560497763,-35.185105158558144,-10.493987318736773,2830.404766005126,5078.989624505929,0.06450716403162056,0.06447958946228027,3269.7090136735387,274.03037266385127,-0.004421517252922058,43,1.792,0.38425323367118835,0.6881158351898193,1125.0,7.106573466934148,15,0.0002673469828240869,0.35504037141799927,-249.10875523927695,151.5381405294481,-90.8568897418587,-47.608507123056626,-49.8903593362894,-8.761292701873497,-54.5128180676364,1.571677750122873,-52.37396259684585,-11.556287354753845,-34.06353527865677,-35.86172767487742,-7.332561868774784
13.0773,1,80,3188.1668301652853,6001.238567073171,0.07388330475101626,0.11551646143198013,3329.345155408206,0.0,0.0,43,1.7066666666666668,0.5571406483650208,0.5118125081062317,867.1875,21.727278884516487,25,0.012350364469085844,0.6421416997909546,-229.97133082621653,124.53508618927617,-76.14817889522213,-12.698051168411276,-50.52631962269223,-38.580743225517864,-73.51099428839149,-7.159134142860747,-41.846883823841125,2.4527393978158196,-18.307574098232703,-18.05125736994303,-4.020544755274452,2564.6554025785877,4711.890243902439,0.05149977769308943,0.09819363802671432,2997.0847825634983,-623.5114275866977,-0.017322823405265808,47,0.7253333333333334,0.4618239402770996,0.6070460677146912,960.9375,16.660047943527513,4,0.00023752227480114106,0.3595099151134491,-214.49884612037002,149.2313165943313,-78.09404777700001,-24.376552644568427,-55.707000785873355,-40.249610448613204,-59.89422544096352,-12.072741498919834,-41.620276064668495,-10.295078020728104,-34.85366199913553,-31.785283005675023,-9.072412120778232,2615.344661439657,4738.28125,0.0554516800050813,0.07711812853813171,2994.913143486355,50.68925886106945,-0.02107550948858261,41,0.704,0.4895504117012024,0.5910432934761047,1031.25,15.655242062102678,12,0.00035120830614439525,0.32829537987709045,-240.29712036166603,148.03849687520693,-79.09467260486407,-35.06658919838064,-52.781091495915476,-39.096129390536696,-43.59093052949909,8.89895212058326,-39.65716977466635,-11.924920407318602,-33.8617848879594,-35.836487574977255,-9.40116035779521,2705.42756337861,4767.435213414634,0.06039403899898374,0.07241872698068619,3057.2875879404214,90.082901938953,-0.004699401557445526,44,1.0133333333333334,0.43356576561927795,0.6507349610328674,1125.0,11.518433625071491,33,0.00031989081951934066,0.3554741144180298,-238.56540907481087,149.55845041399328,-92.34212650284438,-35.9059199015005,-56.90484754970584,-23.035486110577285,-47.05520708843545,8.01481337963583,-45.56629983635649,-13.579025206350348,-35.39532034022673,-36.46216194781922,-12.479443927223793,2811.370930817089,5033.44131097561,0.062432513973577235,0.06283635646104813,3191.3524142022984,105.94336743847907,-0.009582370519638062,43,1.0026666666666666,0.3827081024646759,0.6947782635688782,1242.1875,8.347821891343271,14,0.00037591861736296814,0.27306658029556274,-245.73485670095823,146.89571258677466,-81.72018709072204,-48.06932577947604,-42.72278346997762,-13.991747133083384,-46.17830707402796,3.371208545295225,-44.89599100453621,-19.752359195243905,-32.7911563666378,-29.1938461997228,-13.342302453330177
13.12,1,80,3074.422632369206,5912.038208502025,0.0657934273785425,0.13590379059314728,3386.834337070404,0.0,0.0,39,1.2053333333333334,0.5549172759056091,0.5165949463844299,726.5625,25.430148151836892,7,0.012469455087309178,0.5560474395751953,-215.9464465862553,129.54182131008875,-67.94453024464558,-24.468746153000343,-49.992711998656354,-34.52204161221593,-71.4115671311535,-8.20825781872015,-38.7244215838512,0.8868718739150083,-17.392557407389134,-18.36623365439158,-2.6409374396954064,2350.8588485020773,4166.2765688259105,0.05026133919534413,0.1101653203368187,2904.151713017268,-723.5637838671287,-0.025738470256328583,45,1.6,0.5244052410125732,0.5526268482208252,960.9375,19.05030777304342,28,0.0002226976282422182,0.45596015453338623,-212.1890937153439,157.99946728069847,-74.85816869999887,-35.47270155178213,-53.83562988567937,-40.51493040316134,-61.8339208728844,-7.7043389288580055,-44.61850910063238,-7.093634470697631,-32.12209881633291,-37.191329483380116,-3.7959763926738543,2474.5722644392067,4312.594888663968,0.053341267079959516,0.08758622407913208,2965.6748004523843,123.71341593712941,-0.022579096257686615,42,2.4426666666666668,0.5237106084823608,0.559914231300354,1031.25,17.12283509090926,32,0.00020565701474468669,0.3411558270454407,-232.17410844397014,151.69873438623645,-77.38372179931748,-38.17432851004128,-55.71308969279388,-33.0269246558213,-48.90084064543767,9.114127304592504,-38.250421735560074,-14.644764315200865,-30.29083653295964,-38.137488844968395,-13.689540808802207,2725.617653141414,4839.132085020243,0.057510437753036436,0.07424404472112656,3149.320837352387,251.04538870220722,-0.013342179358005524,36,1.1306666666666667,0.41839879751205444,0.6709595322608948,1101.5625,11.059127477347866,13,0.0002821099877124019,0.4288302958011627,-238.6356473935614,149.70504705308835,-81.63824046976987,-41.30188135159256,-51.79612089848221,-21.34893541482213,-46.24649883581688,9.719589104673108,-46.53110196099573,-15.737059152523425,-32.78420548939589,-36.90352566015841,-11.74710292611393,2825.9029242210145,5053.675354251012,0.061058878415991905,0.0669158473610878,3222.224278214037,100.28527107960053,-0.007328197360038757,40,2.026666666666667,0.39916181564331055,0.6867047548294067,1242.1875,8.863505194063912,13,0.0002804991328013973,0.33894580602645874,-246.6122682232681,150.24774319985772,-90.22395042367052,-46.27962803956951,-50.82340996713085,-6.207952393017617,-49.694016703612306,5.065401504665354,-46.28862192752864,-14.629744347370332,-33.78736832135943,-31.398749396440444,-14.823939484652218
12.9067,1,80,3187.8946455913624,5877.700617283951,0.07803055877057613,0.11574293673038483,3249.4012386966365,0.0,0.0,37,1.6213333333333333,0.5075879096984863,0.5592450499534607,867.1875,19.967208614806836,26,0.012800805121231655,0.5664266347885132,-224.5172401989202,126.63469985692058,-78.78684370615304,-16.730089839871514,-48.58253930645293,-39.486912625461116,-70.85939722027904,-5.721196392137187,-42.59241334194899,-0.10127322094240813,-19.3313718620929,-19.446187676004293,-3.6956842244059263,2168.8493672321383,3571.759259259259,0.04898485725308642,0.130471333861351,2621.0779282767335,-1019.0452783592241,0.014728397130966187,47,2.474666666666667,0.47367703914642334,0.5969408750534058,960.9375,22.591293607852855,23,0.00010982687656409899,0.3461664021015167,-206.5273994527159,162.9037903814756,-79.03714423138267,-33.87120014952568,-53.91998923935468,-45.36905975877179,-58.95133371301751,-10.762690296716162,-39.685414527866705,-9.266054035478344,-36.12629279699077,-31.733773698225548,-7.837253011907389,2561.1872643188835,4396.797839506173,0.05670090663580247,0.08202018588781357,2895.6452027005403,392.3378970867452,-0.048451147973537445,41,1.5146666666666666,0.5212759971618652,0.5704637169837952,1078.125,14.890116996434438,32,0.0003293354656135491,0.37136510014533997,-232.92272403342312,149.9552594328475,-87.68292050160176,-32.60814770709702,-56.838641044149306,-36.009538859841065,-46.05334600018174,4.488416348483709,-40.30284339623596,-12.282602731397336,-38.17194182182016,-35.3959033457412,-11.420844250808479,2755.1969716117696,4974.633487654321,0.0602173353909465,0.05298834666609764,3022.563114181574,194.0097072928861,-0.029031839221715927,42,1.3866666666666667,0.41186848282814026,0.6697326302528381,1125.0,7.559410026983522,33,0.00040534308940471465,0.3239513337612152,-268.55679500347503,149.2792312778502,-89.82780300970117,-33.87937694439311,-56.242431885062416,-22.129430542664345,-46.80285247974198,10.450308766793526,-42.00108100039276,-18.871944329214415,-34.005441082778155,-36.02024678657388,-6.903786186711895,2792.37453433748,4970.582561728395,0.06160381301440329,0.0472794771194458,3115.0238837812053,37.17756272571023,-0.00570886954665184,46,1.8453333333333333,0.4378019869327545,0.65560382604599,1289.0625,5.496698010474686,15,0.00032440849843136,0.5601046085357666,-275.6215526014699,155.63036001422947,-95.36060184749095,-38.921353912215686,-48.50171222370382,-5.0415714424735265,-58.36045495200724,4.638375395079732,-42.73767452956747,-20.197888416051704,-38.41403404706747,-29.815483189005025,-13.000120084393739
13.6747,1,80,3293.230843656986,6147.282344357976,0.075204812135214,0.12548352777957916,3308.4183937059097,0.0,0.0,42,1.5466666666666666,0.527452290058136,0.5528284311294556,867.1875,22.46222517321931,29,0.01214731131646337,0.48059067130088806,-208.20120121628005,121.2913243111773,-76.03981579830419,-3.435590285763443,-59.95932166126782,-42.01145662110034,-65.38085155585026,-5.357976895285074,-42.63724382631445,-4.573366421170755,-14.710412715576846,-18.63506314588515,-6.960456447472539,2957.859244308952,5806.663424124514,0.05731699902723735,0.11889011412858963,3397.1739612688275,-335.3715993480341,-0.0065934136509895325,50,1.632,0.49886271357536316,0.5832021832466125,984.375,20.83877758832847,24,0.000324100435062917,0.47985896468162537,-186.8703279096304,140.197222312305,-81.81151550234853,-16.11183756055706,-65.57195604738611,-36.39230156643779,-67.23704545755915,1.4704048669975023,-42.72697568852895,-14.089108085752391,-34.851127718309655,-31.474371607045533,-11.07974900009034,3127.4928603559533,6162.694552529183,0.062051617217898834,0.08922818303108215,3476.741039883931,169.6336160470014,-0.029661931097507477,43,0.224,0.4897221326828003,0.6053938865661621,1101.5625,14.88288278424545,32,0.0004064081594867468,0.43628349900245667,-207.5735876616712,135.71596719339027,-83.23514598692077,-26.087308998902817,-62.660248848620625,-23.867591725981367,-56.545314467121536,10.782701983913142,-38.25437831454178,-14.167976933561295,-34.95468107193788,-38.067323821470815,-10.939374412224668,2957.3668029819983,5573.200389105058,0.062099115393968875,0.07003853470087051,3272.961627869458,-170.12605737395506,-0.01918964833021164,46,0.49066666666666664,0.41526415944099426,0.673478901386261,1125.0,9.388312861816402,33,0.00045090205410114553,0.36226943135261536,-234.04923173271328,144.32080091369303,-86.67306028612751,-34.5409696437564,-51.40691889978327,-16.329292341579233,-54.8120196125059,11.90262166797513,-41.781858417011875,-20.903138640055626,-33.06337858517539,-37.78474203120959,-8.476734276888937,2749.9860415680773,4956.438472762646,0.060102292071984434,0.056324396282434464,3023.8495952467906,-207.38076141392094,-0.01371413841843605,42,0.21333333333333335,0.42714348435401917,0.6686422824859619,1242.1875,7.229667958498441,33,0.00033301954345723325,0.37800195813179016,-261.3985048495807,156.97777242852217,-91.78684584283208,-38.90511641128294,-45.740330915933896,-7.57107451914131,-58.07940445437436,5.3839496172907015,-40.036856230432,-21.997630234733787,-33.958161333169734,-33.7598434807051,-9.303453940398226
11.8613,1,80,3875.7318732331187,7532.476177130045,0.09370839756165919,0.1408943086862564,3719.9374002803925,0.0,0.0,40,1.3973333333333333,0.5412120819091797,0.5392085909843445,867.1875,31.266865258158266,28,0.014131397372567111,0.4941187798976898,-186.7917866436292,103.75453673277121,-81.34650599392954,-19.092275224757152,-69.66811813818647,-34.608237352518906,-74.34868045783514,-3.8378446859885957,-33.07734722540172,-5.71230393452272,-20.808745463737573,-10.873006250149299,-1.8309868818104282,2939.949835645987,5675.028026905829,0.0601352298206278,0.11299364268779755,3397.406616247571,-935.7820375871315,-0.027900665998458862,39,0.24533333333333332,0.5204135775566101,0.5563808083534241,984.375,18.79672284643602,24,0.00026627455074200776,0.5171863436698914,-185.94653247529777,135.73175422208715,-83.05076134452136,-24.938453113611665,-64.16065729691998,-37.80770393328621,-67.2430070698392,0.5368011760630972,-38.80023117481198,-12.424791764833977,-33.30247401902875,-27.688745323716393,-9.220832055809206,3312.9806783160607,6822.624719730941,0.06814260440022421,0.10000035911798477,3629.766398250045,373.0308426700735,-0.012993283569812775,34,1.184,0.4876382648944855,0.5952333211898804,1078.125,19.937581621149214,33,0.000610735823491427,0.41663989424705505,-195.37358458893044,125.5598477410477,-85.50281971689023,-28.9970970374979,-71.84026537600413,-32.52695685975701,-54.65515018537911,9.284258730459703,-43.00168620227454,-10.213364107616616,-33.14619798674816,-33.15627028430558,-7.014095513662687,3458.9896633320095,6824.411434977578,0.07595729400224215,0.06771812587976456,3559.0061105397663,146.00898501594884,-0.032282233238220215,40,0.2773333333333333,0.4123290777206421,0.6688469648361206,1125.0,10.07197060685456,11,0.0006805761785485803,0.2714420258998871,-230.51468250567646,118.66641376459344,-92.00951640113207,-30.646701068936764,-71.95524905394029,-23.446140534560918,-47.55658267348798,4.789394501784714,-46.541143320128256,-17.06963750435961,-28.602745637810013,-27.306389620869485,-6.705098849762881,3053.0386429163173,5633.408071748879,0.07257216928251121,0.05509772524237633,3141.2348726570413,-405.95102041569226,-0.01262040063738823,34,2.176,0.4333219826221466,0.6465567946434021,468.75,6.88233001845901,15,0.0003953526220776617,0.4846488833427429,-249.6724731078228,134.14721643758173,-107.13801611569625,-31.381892911286876,-64.8673931015055,-17.235384842374554,-49.56695199350328,-5.817904500951443,-51.26939037428003,-16.796392121420286,-30.503098071375604,-30.56555664803391,-8.90032658701936
10.3467,1,80,2794.4115840170757,5129.086538461538,0.06417518028846154,0.12975363433361053,3130.1861771094527,0.0,0.0,30,0.39466666666666667,0.5162173509597778,0.5458260774612427,867.1875,23.168962873896554,25,0.015567957890565346,0.47358646988868713,-191.49437707272622,132.01544982086023,-82.26362335727909,-12.215597607145607,-58.70323917602829,-50.066536958175476,-70.08096563355134,-7.403415012571694,-43.37479162018617,-3.797048642944991,-19.837432162023465,-23.708060655319894,-2.094704985585037,2833.3056016372157,5119.951923076923,0.06428535657051282,0.08167825639247894,3181.2509309618454,38.89401762013995,-0.04807537794113159,26,1.8133333333333332,0.48328182101249695,0.5961122512817383,1007.8125,13.302395174480075,24,0.0003666857411616176,0.3911680579185486,-214.0504965913791,137.11207085870873,-83.9921289999455,-14.95664283614286,-55.4685417128209,-38.959822098915566,-61.52073884287761,0.8297828865239216,-38.44133574368821,-15.50845917609052,-31.132116966041643,-34.623112066853615,-13.402300137826487,2983.182370775139,5568.870192307692,0.06846955128205129,0.08000601083040237,3246.979188905712,149.87676913792347,-0.0016722455620765686,27,0.30933333333333335,0.4303356409072876,0.6549935340881348,1031.25,13.025707375852102,32,0.0003769882605588246,0.36000189185142517,-219.79026527572782,132.97603381850948,-90.57594262664243,-25.400297818530536,-64.04802295606352,-23.43231604978223,-53.13486187005005,8.072329205277187,-29.51670583646037,-13.77084611876938,-32.16568882222722,-31.464399424631065,-14.855436813875741,3117.53382831734,5756.129807692308,0.07338491586538462,0.06901006400585175,3298.3880059466715,134.35145754220093,-0.010995946824550629,32,0.042666666666666665,0.42374932765960693,0.6666970252990723,1148.4375,8.922932671457717,33,0.0005182623060969587,0.46869683265686035,-218.7822980711936,131.08537847961233,-97.44478566406848,-22.166237835538517,-63.05726883624248,-10.43627498796408,-45.62184072697865,0.5561389156516363,-38.60724850254167,-14.197471302076812,-39.32543932346653,-31.51559422712559,-13.139875285619432,3317.992692103062,6212.740384615385,0.0759940905448718,0.06289545446634293,3281.0082463759763,200.45886378572186,-0.00611460953950882,27,1.7066666666666668,0.407147616147995,0.6998680830001831,1148.4375,7.070245538535267,12,0.0005024827644698443,0.49245476722717285,-226.54092795464882,130.40172799943576,-102.6698964096618,-16.937451572083997,-59.47063769616079,-6.663809861810555,-42.27277473568897,-7.872126162467589,-43.531207316690605,-7.330163017043307,-41.663004993682385,-30.86671978178215,-5.479591241939048
9.7493,1,80,3118.839535387534,6090.804303278688,0.0690824581625683,0.09937738627195358,3533.034279375512,0.0,0.0,29,1.2266666666666666,0.5015115737915039,0.5568939447402954,867.1875,18.73600963703297,7,0.014784354210874508,0.48193874955177307,-224.52539784304585,124.1254125263806,-80.50056683185076,-19.414914317874302,-62.570516300632725,-41.266931737963304,-69.80569738729675,-7.2733208938305935,-45.25008427979487,1.8690206480934013,-22.584832617352603,-18.141774399427096,-3.5880653622264784,2755.656558617736,5204.918032786885,0.055493297472677595,0.08933616429567337,3229.885125256424,-363.18297676979773,-0.010041221976280212,29,0.288,0.5264951586723328,0.5531889200210571,984.375,14.63442211839376,23,0.00027220997303736155,0.491123765707016,-213.43023524708755,145.31298172891962,-85.00830275035626,-15.72590060896701,-62.801050950288094,-39.20185166608916,-64.63853078420674,-5.706520956443823,-46.48041209947853,-6.532423952846024,-39.29693888382372,-36.06061736162261,-9.89094897051228,2886.2804024277307,5180.8401639344265,0.0625853825136612,0.08531559258699417,3262.9330960770553,130.62384380999447,-0.004020571708679199,32,0.021333333333333333,0.49686139822006226,0.5953783988952637,1078.125,13.623153792566818,33,0.00032131269880312504,0.4777561128139496,-213.9950228872438,144.71247069405084,-95.32834017441245,-22.752423162484103,-65.73449824749922,-29.001866994915886,-57.82692606701434,10.413972424908708,-44.35198628068788,-9.465732985111277,-38.834024693954326,-34.41556157702759,-13.448671285961833,2890.971254130199,5132.940573770492,0.06913048582650273,0.075022391974926,3234.04833278889,4.690851702468535,-0.010293200612068176,29,0.8106666666666666,0.44341984391212463,0.6515344977378845,1148.4375,11.7440322991452,32,0.0003169339417868797,0.3572588562965393,-229.4633966977084,139.9659646018769,-94.82853606468396,-36.91175179281322,-55.45302715205064,-20.249551273745677,-46.94587653909902,9.519529450312303,-43.03049446713861,-5.8332364066318725,-32.490311584899516,-31.836048634622227,-11.43713875518228,3250.6475993687304,6382.8125,0.07448023394808743,0.06439920514822006,3525.6564996228526,359.6763452385312,-0.010623186826705933,30,1.8773333333333333,0.4566955864429474,0.6352312564849854,1242.1875,8.809306441079643,13,0.000475187760911883,0.6833277344703674,-229.79633835536217,136.59290439073754,-96.93871516994083,-35.89805911820347,-57.70908508978503,-4.746860081388504,-50.24395799059289,2.9069215617990984,-47.95650619151574,-3.6219481447887,-37.391884355463034,-35.55991222642317,-4.215179783903427
11.5627,1,80,3403.059233257684,6896.349366359447,0.07798099078341014,0.11328689008951187,3752.7232018548734,0.0,0.0,36,1.6853333333333333,0.5471980571746826,0.5214937925338745,703.125,20.74576912475344,6,0.01097847185697734,0.4767071604728699,-209.0544043124752,119.59522906418967,-74.95832157081216,-18.9846464915122,-62.07879648457634,-34.786680943977736,-75.49527077146777,-4.686885289699955,-47.10264477953463,-1.7376249987445513,-20.33087560390751,-18.56581635520924,-5.023935749982568,2942.441528897895,5525.6336405529955,0.060992403513824886,0.10408788174390793,3402.8453901440757,-460.61770435978906,-0.009199008345603943,40,2.026666666666667,0.49987706542015076,0.5871285200119019,1007.8125,16.960479716128056,24,0.0002791727140624239,0.6012628078460693,-191.78314731415307,137.1239678603053,-78.68174619120074,-21.50716479769515,-60.84930832418173,-35.07617553788227,-62.465895532529764,1.9446112449910646,-43.90620092141661,-12.15929971153797,-33.083490650276595,-35.18113736978431,-9.775932446928401,3134.75134158728,6254.572292626728,0.06227723574308756,0.09091708809137344,3480.1279612460826,192.30981268938513,-0.013170793652534485,36,0.5226666666666666,0.45790866017341614,0.6316146850585938,1031.25,16.594115443993868,12,0.000360021197156463,0.3924497961997986,-205.30080962220137,130.6916314467626,-79.3514497314577,-24.387384802751843,-69.64835576462572,-25.853335039943328,-50.81551080244552,10.28385126229713,-38.757771111964146,-15.36848845801026,-29.20991483223668,-36.44795938226486,-12.64385906033951,3292.7322341555896,6531.610023041475,0.06615873415898617,0.06418810784816742,3531.87192384325,157.98089256830963,-0.026728980243206024,35,0.49066666666666664,0.4655941128730774,0.6376861333847046,281.25,9.827388348266272,12,0.000505907801386793,0.4912375211715698,-227.76205193940342,131.3779962604873,-91.34958537743576,-17.76569112559241,-72.87965271867326,-11.733498698246793,-43.546818191348976,3.135975397947065,-45.53113023926488,-12.893216873042222,-39.04420628013688,-31.198313765078698,-14.23583254303179,3552.0203222642117,7154.701900921659,0.06947544642857142,0.05596746876835823,3657.2319423812974,259.2880881086221,-0.008220639079809189,35,0.9173333333333333,0.46014320850372314,0.6742164492607117,281.25,10.74175029384985,14,0.0008578442259055324,0.4710557758808136,-234.53279749483474,126.63465709116461,-94.14636520357175,-15.808038758275385,-63.1797897164653,-6.838580636033844,-46.651540803551576,3.5997394327417505,-46.93573792006974,-14.078538347875394,-33.7809495697961,-27.23591063520338,-13.825086459463849
12.3093,1,80,3339.7920048609035,6911.931818181818,0.06964666193181818,0.12283796072006226,3662.663165574875,0.0,0.0,42,1.024,0.5506049394607544,0.5164490342140198,867.1875,21.999230077201947,27,0.010854880492440997,0.49598804116249084,-200.85977840177404,126.43508468007511,-74.80482310192211,-16.876135982337356,-70.45541163371196,-28.06622840754058,-73.97309562788038,-7.625925213820743,-40.45835754750671,-5.852223748595109,-21.794652489541413,-20.86637533329526,-4.412350412859432,3077.3477854289313,6258.725649350649,0.06050037202380952,0.10975105315446854,3551.8727559294457,-262.4442194319722,-0.01308690756559372,37,0.9066666666666666,0.48953235149383545,0.5939726829528809,1007.8125,18.607602676396773,24,0.0003877024883009199,0.5061057209968567,-190.94677191439598,133.8193121833464,-70.98021366620772,-17.08509842379769,-68.00485186177784,-31.35723405302892,-59.980758525827994,3.4446971647840217,-41.86864839303851,-15.014585359787887,-33.38784369775021,-35.316923377707624,-13.715103163007841,3189.196752077295,6368.607954545455,0.06404305330086581,0.09432161599397659,3524.959210160939,111.84896664836378,-0.015429437160491943,42,2.1866666666666665,0.47429224848747253,0.6151765584945679,1101.5625,17.51155641153674,12,0.0004862624562285385,0.40612950921058655,-199.34800585213998,128.30141914553292,-73.73650119654549,-20.843794822267228,-72.7352136667135,-24.379599462560197,-43.62577276186382,8.674992007302444,-35.082145118306435,-18.150308747650698,-30.07101074696285,-29.94584249345158,-17.749215844143794,3362.211564067971,6685.673701298701,0.06614202854437229,0.07190783321857452,3530.189330764878,173.01481199067575,-0.02241378277540207,38,1.9306666666666668,0.4320542514324188,0.6779999732971191,281.25,10.758119477759644,13,0.0005169949956091639,0.43330177664756775,-216.4880687313773,130.79313193004867,-90.38309241962553,-14.985256880743833,-71.50818255579246,-11.493200985513038,-43.44413582006596,5.50874389561992,-45.0238202191112,-16.408373514833187,-35.63543022282806,-29.36488958039946,-16.317554493732448,3178.5145850340086,6149.756493506494,0.06341314935064934,0.0615588016808033,3320.210181421561,-183.69697903396218,-0.010349031537771225,37,0.544,0.4378574788570404,0.691406786441803,281.25,11.720950770924697,12,0.0006793876972828612,0.4307897090911865,-234.55093528508144,138.26801304881818,-92.71093242837797,-15.41961603476412,-62.15510532123752,-9.749272827945534,-41.62972115632756,-0.03379022831440883,-46.32474100141803,-14.127368967489591,-34.87907137348859,-28.00788717593475,-12.86852820923265
10.6453,1,80,3203.5985835378838,6413.0859375,0.070703125,0.13906970620155334,3573.8729703306744,0.0,0.0,32,1.5253333333333334,0.5363515615463257,0.524976372718811,867.1875,25.09863995807774,25,0.011821580627934793,0.5403733253479004,-186.65098028211716,126.82912060122455,-85.80188219506852,-16.89301897868074,-62.213692179493485,-40.23408628049739,-75.86028951149841,-6.9686906252203515,-46.4261508672809,1.867230483196131,-26.26892939118321,-19.758199274693713,-5.119078967559337,3028.85852600575,5682.7734375,0.06524658203125,0.09902815520763397,3344.8896118862344,-174.74005753213396,-0.04004155099391937,30,1.248,0.45178279280662537,0.6320204138755798,937.5,15.890677330627444,28,0.0004236761602247563,0.4063660800457001,-199.42346437856327,138.0451264091398,-88.39834198513843,-15.547658175004864,-59.687826228982985,-35.72490784233616,-64.58520879916463,-2.9504981335545954,-46.29025164072372,-6.7776958632043485,-38.601035106167814,-33.67099626472796,-8.063805183539994,2927.292588237369,5449.8046875,0.0620068359375,0.10284124314785004,3250.1207800384877,-101.56593776838099,0.0038130879402160645,35,0.4053333333333333,0.47170305252075195,0.6107553243637085,1031.25,17.514718685771744,32,0.0004995639688173202,0.436054527759552,-199.09393087965535,137.59097027904977,-87.42325737635147,-24.78931935187,-63.73106051922186,-34.1536413054174,-51.25157867470119,7.954889675791881,-39.63773296352028,-7.808538111201174,-35.12928283699036,-33.93712170499878,-13.568820200876582,3283.2315448848367,6515.859375,0.07111083984375,0.07158113270998001,3560.8357183308085,355.9389566474679,-0.031260110437870026,33,0.13866666666666666,0.42429080605506897,0.6614792943000793,1125.0,9.615446223926355,13,0.0005375608123797362,0.45153963565826416,-221.82669612312228,134.73480872771066,-93.20016230297064,-23.95721598380197,-65.68597557587171,-18.05831542045723,-51.52253285950146,10.139368365576168,-52.304596946323265,-12.393991578393207,-35.15038408782949,-37.126623578889124,-10.929290711960421,3502.8779098566633,7006.40625,0.07195556640625,0.07459954917430878,3721.1093820071283,219.64636497182664,0.003018416464328766,34,1.152,0.36889731884002686,0.7029543519020081,1101.5625,8.390589563581388,13,0.0005501628606656571,0.4468059539794922,-217.61580797736,134.13354330177413,-93.8855087419023,-30.81930284771586,-63.92239695350294,-7.268871646409611,-53.58169189294796,3.903606261368527,-56.62857560886007,-8.9911150637569,-37.89683220131476,-36.03078581517521,-5.4196446784134125
10.6453,1,80,3144.5358159246716,6111.6796875,0.07486328125,0.12036365270614624,3405.4560361352237,0.0,0.0,32,0.736,0.5162856578826904,0.550161600112915,796.875,23.288552402833933,25,0.012070970259422503,0.5517181754112244,-209.60770957325678,123.88290689360817,-83.43804017693145,-17.62801355010335,-59.29248685672906,-39.18636901589638,-70.25005335620912,-5.930451470014418,-46.81320780296943,1.3826553696297879,-20.19943437502911,-18.65146692660298,-2.4775197380884646,2786.6232620335336,5350.546875,0.055595703125,0.09863629937171936,3238.244961417997,-357.91255389113803,-0.02172735333442688,40,0.608,0.5181053280830383,0.5540589690208435,914.0625,15.770739081481823,23,0.0003795341945552602,0.5275425314903259,-204.2887152522087,145.62360395946286,-84.08626634091615,-17.870593012891568,-63.88128619265374,-38.31671253670259,-65.5927898758796,-6.750192902604811,-46.719132387596076,-8.12073736063151,-38.861423555788626,-33.66101048206863,-7.928968681370204,2784.277620335238,4947.421875,0.06165771484375,0.07880041003227234,3094.8283646906725,-2.345641698295367,-0.01983588933944702,35,0.832,0.53703773021698,0.5487443208694458,1031.25,13.140126773314368,32,0.00033228843706623496,0.4130357503890991,-219.32331019452104,142.87174092350938,-90.50922447925078,-23.757024681081642,-59.73845873818369,-33.33037163603145,-50.20053006726321,6.5089680824115215,-40.049033082029666,-10.09457701876564,-33.88544039629707,-36.31615084431396,-12.329656998167083,3187.22121239833,6036.796875,0.06815185546875,0.06199114769697189,3361.51757668378,402.9435920630917,-0.016809262335300446,35,0.042666666666666665,0.4224313795566559,0.667231023311615,1148.4375,8.853893303145384,12,0.0005648722396546957,0.30834364891052246,-232.12966896262117,129.63382175278304,-86.58298896877652,-22.307904880211872,-59.41275608290829,-20.330947016372797,-40.928704401082136,4.3660808085975,-38.12403408717544,-12.593675422412415,-35.1856020456126,-31.419283695329476,-12.128740590876838,3080.9716014471614,5812.03125,0.06647216796875,0.06641800701618195,3272.2923877508797,-106.2496109511685,0.0044268593192100525,32,0.021333333333333333,0.4061765968799591,0.6881434917449951,1148.4375,7.798804137671682,13,0.0005051456016599881,0.4434935748577118,-228.50326304352163,140.58805127483714,-100.9217792520643,-21.080498523451833,-65.77526803502803,-7.5606622420855345,-46.89079081044767,-3.271262873524994,-45.98755876426606,-9.42839286343156,-40.053100579860775,-30.727192611903064,-11.414558543979384
10.6027,1,80,2980.4162840858107,6057.23932160804,0.06416359139447236,0.13483309745788574,3467.452084722175,0.0,0.0,31,0.7466666666666667,0.5629098415374756,0.5036953091621399,703.125,26.52536302391011,25,0.011422652404009005,0.5245193243026733,-201.70318508382908,128.5347802497185,-77.61569317464469,-16.68893780745417,-63.33035807037529,-46.61910008331609,-77.7319768101763,-8.390283902984464,-47.297821290584935,1.2002682471917747,-21.20597152067358,-19.81800423101753,-2.9177272722606116,2843.4860425848824,5405.582600502513,0.0593347597361809,0.09185756742954254,3264.055857527094,-136.93024150092833,-0.0429755300283432,29,2.1013333333333333,0.5335062146186829,0.5518693923950195,1007.8125,16.465149078393388,23,0.00032225010427574857,0.997665524482727,-210.80440309740277,138.81179415482904,-84.90963542654266,-19.04626105013359,-61.71378938825046,-40.40698865849485,-63.8720028976577,-5.5336201543634,-42.19005852865029,-7.907652329316043,-39.39836886816651,-32.59448897253247,-9.52672794495128,2985.499038745853,5756.085113065326,0.06081677920854271,0.07809913158416748,3314.0425630454124,142.0129961609705,-0.013758435845375061,28,0.64,0.488163560628891,0.6021336317062378,1078.125,13.138916986509669,33,0.0003915104062477508,0.40116363763809204,-221.49142641586275,135.7781734108642,-87.35868433768138,-23.743802310574342,-63.55946423676465,-30.689986172984376,-51.566252255498014,7.851566490610031,-36.458228498411536,-11.32290492956241,-36.85995678095149,-31.712813389709336,-14.66445786454939,3383.4460679004023,6631.281407035176,0.07253798288316583,0.07563599944114685,3593.625775474229,397.94702915454945,-0.00246313214302063,32,2.058666666666667,0.4013998508453369,0.682992696762085,1078.125,10.544339593161403,33,0.0005674489494164652,0.5477732419967651,-221.85908920658315,129.54895167665555,-94.7030365538004,-27.34032459510557,-67.46947812683061,-17.592466506968123,-49.66603380986628,9.80988682428108,-48.01548626230063,-8.558568266970454,-36.21079923238852,-34.71739919637531,-9.333740785482263,3523.55570276074,7366.323806532663,0.07402736337939698,0.06225304305553436,3840.82601939286,140.1096348603378,-0.013382956385612488,30,0.416,0.39561325311660767,0.6906840801239014,1218.75,7.7596002506509425,14,0.0006746046086891571,0.36113154888153076,-237.27089894399438,131.2915590511462,-88.4302890133502,-36.67494600597705,-63.874555161605755,2.127890405310824,-55.083978875264805,2.32718607529635,-45.12093221452889,-10.045730802558893,-38.16929730504037,-30.43412865218546,-8.99438657543774
19.4347,2,100,3038.160251013844,5737.435787671233,0.05318252354452055,0.1436125636100769,3321.7832992124686,0.0,0.0,55,2.112,0.7652402520179749,0.3567470908164978,632.8125,43.85596478276158,20,0.008690367029421896,0.41242745518684387,-222.82258505901012,122.36834287623685,-53.15980943025134,-19.744370096280054,-34.71483522932843,-28.128081347768205,-64.32478804310274,-20.19916833351549,-52.62839939336092,-18.23355244533162,-14.241275633948725,-15.021787526833338,-4.391126897999311,2353.9269973208966,4240.710616438356,0.04894986087328767,0.06778024882078171,2998.7703403610253,-684.2332536929475,-0.0758323147892952,55,0.5866666666666667,0.52811598777771,0.5440465807914734,750.0,12.216195028585824,7,0.00016965904778369352,0.3491024672985077,-272.87815749462493,152.89107882897756,-57.73743140157065,-33.14892567445207,-46.392789127421786,-40.40060182565642,-63.297692284981984,-17.87607965261345,-42.65411094898845,-5.223397210602153,-21.84075801963877,-26.56835749842768,-11.326195252280318,2475.6290722675103,4379.537671232877,0.05338853809931507,0.07324772328138351,2940.126164193775,121.70207494661372,0.005467474460601807,50,0.7146666666666667,0.5154396891593933,0.563884973526001,937.5,13.645335714964864,3,0.0002765817707781865,0.32571715116500854,-256.1027578699173,150.0031675707842,-72.03113363330296,-40.124983749194826,-52.567658697218654,-37.34615544781904,-49.452890988785136,0.7268232630604529,-32.3802280024414,-4.004708181708155,-27.52796950736214,-30.980816026476568,-9.822073132422732,2485.9690172933656,4269.477739726028,0.058286065924657536,0.05961133539676666,2780.939279092541,10.339945025855286,-0.013636387884616852,45,0.2773333333333333,0.4250301420688629,0.6537932753562927,1101.5625,8.595795920135703,12,0.00021068630165501113,0.2962223291397095,-273.8412669402515,155.06070336532363,-83.58640841097512,-45.14157190546599,-53.910704825489724,-21.61332510793365,-32.56960396192928,5.769876666292212,-46.52425344508494,-15.176883726614475,-24.092333021859627,-32.330540795490904,-16.317966339198062,2578.3601599485914,4253.039383561644,0.06101375214041096,0.05525914207100868,2684.730900474051,92.39114265522585,-0.00435219332575798,49,0.16,0.43635645508766174,0.6811367273330688,281.25,8.459565533391531,2,0.0003161698491601562,0.3248443305492401,-277.356151644363,159.07462373550032,-93.07988228155332,-41.27429702173308,-27.25648278292378,-8.712157371047637,-45.27473356286641,-2.262269027150671,-42.819415157533726,-11.60437202331463,-23.85490107075911,-29.997668150077626,-19.62294778714913
19.84,2,100,2723.156950306302,5154.302111260054,0.05128000377010724,0.1408223658800125,3123.6711534558403,0.0,0.0,63,1.664,0.7735601663589478,0.3415243327617645,632.8125,41.593331928302426,20,0.008370586300389084,0.45119863748550415,-228.2949581268109,126.45948915700305,-50.50085655198534,-22.97199790408214,-32.226765829212184,-33.7604907012986,-57.20388453963973,-25.342407294323337,-52.33121759594344,-16.56041190325214,-13.500868022901493,-13.887139037010614,-4.720230953896601,2424.8445567783137,4420.576407506703,0.049469566856568364,0.07138723880052567,2932.893233552131,-298.3123935279882,-0.06943512707948685,65,2.1546666666666665,0.5166789293289185,0.5619498491287231,773.4375,12.89603578542279,7,0.0002855643885140658,0.2575155794620514,-263.88012108419235,147.53958103475676,-58.57552648090076,-32.27002465918751,-41.469331748292426,-44.70450499956858,-55.82185885259474,-18.536778654261017,-41.065959867472834,-4.123131899743272,-20.60938127957471,-27.34727878157615,-10.726385133148247,2457.8874618138966,4358.8094839142095,0.05365857489946381,0.05569151043891907,2906.619830155742,33.04290503558286,-0.015695728361606598,63,2.6453333333333333,0.531658411026001,0.5543907880783081,960.9375,10.036641801316316,12,0.00025026885989226237,0.23982101678848267,-277.9607007085884,146.73678113928125,-64.16410684617271,-40.21940056321256,-47.44067786893437,-39.71035356237233,-43.41626736638274,1.6535642497877712,-29.937714186419562,-5.708759752152392,-25.1041736903947,-33.71369670842054,-12.513542144369048,2502.011109194673,4349.070040214478,0.058536151139410186,0.052467405796051025,2812.397191875958,44.12364738077622,-0.003224104642868042,59,2.6346666666666665,0.42064276337623596,0.6653786897659302,1125.0,7.068797777257515,13,0.0002351595679299882,0.32877853512763977,-278.986227899093,154.34498039291117,-81.70629546229941,-41.87746198009133,-51.38238353178617,-20.007486611984667,-33.27284419010846,3.6075556379708034,-45.437462877522144,-17.803408066519225,-25.26838394497658,-31.145613216880157,-18.070948248879372,2728.961239912243,4521.6781166219835,0.06090555881367292,0.043170150369405746,2781.5449134306054,226.95013071757012,-0.009297255426645279,52,3.6906666666666665,0.4794570803642273,0.6754121780395508,281.25,8.485500635961863,18,0.00028958672573023604,0.3582046627998352,-286.8826244560541,151.0052850904519,-95.43136414282299,-27.914286839359175,-26.301607406000066,-11.319764226743775,-40.92922234481287,-1.3375866729017916,-40.71930156985603,-9.340532313163946,-27.560593906744703,-29.914069634801873,-16.794751458179825
19.1787,2,100,2645.433249802035,4877.083333333333,0.05086398654513889,0.13174033164978027,2881.9763274865104,0.0,0.0,50,2.005333333333333,0.7836026549339294,0.32774773240089417,632.8125,38.33081221468813,20,0.00871643544929717,0.37345683574676514,-229.44887393527088,128.33816773563402,-63.93258593048249,-14.318207828513717,-38.51523263802629,-37.02216463996952,-54.27387274100582,-29.1040377711086,-56.05532504564073,-14.49115439105278,-15.608163874747309,-16.917100756550433,-2.0033448342585807,2428.4382694323212,4468.098958333333,0.05049370659722222,0.07341396808624268,2906.9373969674025,-216.99498036971363,-0.0583263635635376,54,3.0933333333333333,0.5310779213905334,0.5539553165435791,773.4375,15.009583092403195,24,0.00024092572725772457,0.2809041440486908,-257.99874583457665,145.19914011560803,-64.29423942422859,-25.634468647594318,-43.885733199936496,-45.898556478679176,-55.29962534353274,-21.169421480888317,-42.748880341838756,-3.7279358845696304,-17.990577471214703,-26.83434838009339,-14.127110400432477,2491.198827349728,4406.8359375,0.05401882595486111,0.06718379259109497,2890.2374770738347,62.76055791740691,-0.006230175495147705,52,0.9173333333333333,0.5011483430862427,0.5757448077201843,937.5,12.204065716561297,3,0.00026528115138980995,0.37149691581726074,-261.101814149528,152.4935653135136,-79.47889659211026,-33.417459889606235,-55.40207463066159,-42.48512510890175,-50.37091249357425,1.868382921238002,-40.589058089895296,-7.295283515328806,-27.684168134857632,-33.708367898784246,-14.948578997528234,2686.0538235469126,4812.174479166667,0.062117513020833334,0.05528946965932846,2954.404933906546,194.8549961971844,-0.01189432293176651,51,0.33066666666666666,0.4149987995624542,0.6665272116661072,1125.0,7.286144546672585,13,0.00027802091966088154,0.36442258954048157,-268.4144206189425,150.5099362484591,-87.89387806700731,-41.41263914410417,-48.51629406458665,-20.49709111078746,-35.233652368353425,6.421734081920028,-47.40472870326825,-12.46534621612229,-29.583175400107656,-32.611031754638375,-11.630737927590404,2816.2680815369763,4715.494791666667,0.06683892144097223,0.05581860616803169,2908.222450675339,130.21425799006374,0.0005291365087032318,51,0.6506666666666666,0.40415289998054504,0.7176977396011353,281.25,7.67167840280708,14,0.00028882164425291765,0.33471548557281494,-270.3957171078449,151.41047224779334,-99.93581917528536,-36.301665024958055,-23.844336551217012,-7.771879705805187,-49.66206709260245,0.972149669467468,-46.34977686220904,-9.293115593107533,-27.885725439457786,-28.167306547962937,-18.906449101511328
19.5413,2,100,2843.6118851624183,5315.969856948229,0.05355527290531335,0.10850951820611954,3064.6980342209517,0.0,0.0,62,1.5893333333333333,0.7348808646202087,0.38696038722991943,632.8125,32.79248606190211,20,0.008318353630337415,0.3582186698913574,-245.19815361497731,123.04526313927768,-56.11009717933441,-13.905642574253033,-36.29993447343159,-35.4146393481998,-54.31308027869963,-25.728912334332286,-53.89809271495236,-17.270420311561164,-14.875379835074487,-13.873360028575922,-4.836476453683064,2373.669279319568,4289.317949591281,0.04921662125340599,0.07822775840759277,2872.4648929594327,-469.9426058428503,-0.030281759798526764,54,2.3573333333333335,0.5170193314552307,0.5538679361343384,773.4375,14.852991775281863,24,0.00018328235061204281,0.37035149335861206,-248.74439610618214,143.98323009220988,-62.94307424364096,-26.862050884996627,-44.1586676647952,-45.10250899190433,-53.74970660894221,-22.043893951438342,-40.282699002910476,-7.473411513623013,-18.933306984466736,-22.828348771653417,-12.891513926962622,2737.4353872686656,4977.946185286103,0.057240665446185286,0.07172442972660065,3053.2462315299786,363.76610794909766,-0.0065033286809921265,59,2.570666666666667,0.5108315944671631,0.5821178555488586,960.9375,12.617906354247078,3,0.00030559498209779704,0.3829398453235626,-243.09153822774536,142.2514330587453,-79.16590986074344,-28.64146245821272,-53.2933547860348,-43.51992336163867,-47.27994472769719,1.8441424832010986,-36.821621604440296,-3.794992260353566,-30.26578535617369,-28.848788024899726,-12.847246088535888,2768.5731761267043,4993.081573569482,0.06381583148841961,0.06746385991573334,3015.2444840355806,31.137788858038675,-0.00426056981086731,66,0.021333333333333333,0.3640700876712799,0.7144631743431091,1125.0,8.85808780358048,13,0.0002565523494446621,0.3635484278202057,-253.14448892620388,150.4774329921315,-91.37565827110676,-40.87330388736382,-52.235317422377506,-21.608419889918785,-37.114949594028424,6.042868810745658,-51.501268945290136,-12.021424558781336,-32.0386822175627,-32.24383379659624,-7.744661703105333,2882.642921802753,4977.4991485013625,0.0659525608821526,0.04323748126626015,2980.318107045281,114.06974567604857,-0.02422637864947319,50,1.952,0.4242098331451416,0.7012870907783508,281.25,6.800366547504013,14,0.0003497341852996309,0.34114599227905273,-283.637365205617,144.6094241367238,-93.56315074906587,-31.1655295148883,-25.66736398451779,-8.998599224065707,-44.04642183883263,-1.731167263811463,-43.44578410112744,-12.926302049886482,-29.204748345085267,-28.812397737319685,-14.73482462069446
19.84,2,100,1992.4599468346596,3489.862600536193,0.03946700108914209,0.08848980814218521,2428.813184284051,0.0,0.0,66,0.96,0.724759578704834,0.386157751083374,632.8125,26.303347025815278,20,0.008128368577950311,0.33866095542907715,-290.28500915623084,149.48538983347004,-46.87671803056667,-36.945099944147856,-25.844444847436183,-35.677356449668146,-54.6956461812938,-31.05082604090047,-47.240928812492406,-20.934115771263517,-14.505555556275029,-12.323111438576262,-5.575931125318528,1830.1855704014963,2847.0593163538874,0.04195422461461126,0.08132681250572205,2348.3653899785295,-162.2743764331633,-0.007162995636463165,60,1.3866666666666667,0.588350772857666,0.48734208941459656,796.875,16.44393063218408,7,9.02818100650651e-05,0.4070398807525635,-276.8003330836516,169.70128604599765,-55.29678003181722,-44.73381225903215,-41.846770192549144,-40.97652106677759,-57.41268835997061,-27.328469622941306,-38.207819208986386,-8.600410380879094,-21.526521017767124,-27.754181545436403,-11.161020187616547,1879.7822500986176,2933.9602882037534,0.04548477295576407,0.0805467888712883,2225.988518063413,49.59667969712132,-0.0007800236344337463,67,1.3973333333333333,0.49813711643218994,0.5847904682159424,960.9375,13.40395309440631,3,7.451409675314358e-05,0.41009321808815,-274.9478346738097,175.00179423962632,-67.06117002578091,-51.27502455173858,-46.46374284329609,-43.762572025254684,-44.492581579240664,-8.50681766631019,-30.044486355902677,-8.579228290553466,-31.14202399293348,-30.52486161113603,-13.681857360965736,1919.7749188941334,2831.7903820375336,0.04999188379691689,0.06486280262470245,2118.613077934617,39.99266879551578,-0.015683986246585846,54,2.112,0.4218629002571106,0.6585821509361267,1242.1875,8.233531008010587,14,7.893776163258538e-05,0.32485830783843994,-284.66804617119857,177.96354372909747,-77.18339771694413,-56.74560534219286,-42.007418989792875,-27.132539096559782,-28.36122029443981,-4.510597652135121,-42.614234024453566,-19.16926952032053,-28.509630195131276,-32.39107945911563,-13.487966745540911,2239.6008261480333,3479.620475871314,0.05297131576742627,0.04822884872555733,2436.088513028243,319.8259072538999,-0.016633953899145126,55,0.576,0.41892069578170776,0.7070024609565735,281.25,7.712902210906524,14,0.0001461382377108498,0.24880516529083252,-299.7836689270237,166.74632691477697,-76.92684861571864,-52.993228729021155,-17.54436983429895,-8.40371886901693,-40.301318296668356,-10.51539680741492,-36.6332926584295,-15.147877514099786,-26.44829258273018,-29.647251106149938,-18.181389866235946
19.8187,2,100,2097.7517627198204,3770.3503024193546,0.04156691028225806,0.12569020688533783,2391.051221612037,0.0,0.0,60,1.1306666666666667,0.7667692303657532,0.3358129560947418,632.8125,36.134516517809416,20,0.008284490550324906,0.44000720977783203,-264.86178824295894,153.21230305858364,-56.210814016874394,-35.7373594369856,-29.3583373183001,-38.37828654573886,-58.44117921315825,-32.15322744061411,-49.34880356384401,-19.775055468180355,-17.011697082184845,-14.149725735813947,-6.355383512708581,1884.6057866314004,2966.733870967742,0.043785177251344086,0.06095904856920242,2344.2430897843096,-213.14597608841996,-0.0647311583161354,60,3.2,0.521009624004364,0.5538640022277832,773.4375,11.828901807718662,7,0.00015095267577674602,0.2602442502975464,-292.0877919218278,163.80855455496354,-54.544370902597024,-47.98159057551839,-31.588281764172535,-43.81684589339113,-53.55713475305597,-24.256219919590496,-35.06459442325265,-9.60097342130236,-17.46352214066065,-23.427133432136074,-13.168495441156667,2075.4361963939496,3363.029233870968,0.048001197076612906,0.0584733672440052,2561.149976133675,190.83040976254915,-0.00248568132519722,62,3.584,0.4962034523487091,0.5823172330856323,937.5,9.932125173950963,3,0.00016761107262295574,0.381085067987442,-298.01786479149354,166.40477714375734,-64.98652685301322,-47.86496882034641,-47.33193875844236,-40.55451211113857,-45.35375815586394,-3.8149756856930517,-32.1062458972603,-9.587490763438035,-31.880419165131542,-30.643908359641795,-16.000477775407344,1963.1097681316096,2952.935987903226,0.0521686512936828,0.056433215737342834,2187.928237680594,-112.32642826233996,-0.0020401515066623688,47,0.10666666666666667,0.4156081974506378,0.6619850993156433,1148.4375,8.243507765051366,13,0.00010485882101490804,0.3163086473941803,-297.03426357453975,174.35689077088892,-72.29888606287874,-65.42245463857216,-38.25740512605664,-24.282767901726036,-27.942388885557094,-3.1310476404640646,-41.70906821669077,-18.510839821342742,-26.0281155376308,-30.016675178374605,-15.023924040401079,2222.769693889964,3413.936491935484,0.04816395749327957,0.03922538459300995,2482.606411007152,259.65992575835435,-0.017207831144332886,51,0.6186666666666667,0.4692085385322571,0.672513484954834,281.25,7.811409714688325,2,0.00016104550334132027,0.2251850664615631,-320.5092259413074,167.20219634176908,-79.55049165863308,-46.226540921214195,-20.125574342803425,-7.332612599320926,-39.650461486982735,-6.616676488274819,-39.46466275096976,-14.529247266903994,-24.978752128887237,-32.52056020880286,-19.108726599251316
19.8187,2,100,2172.447415184855,3888.3568548387098,0.03897193170362903,0.12422536313533783,2522.3588632101505,0.0,0.0,58,1.4293333333333333,0.7636215090751648,0.3471801280975342,632.8125,36.69934164457442,20,0.0082515424859592,0.42004871368408203,-259.2465698360095,148.25407707283262,-55.97882899070782,-32.07448236005275,-32.61045248785438,-39.36768116727577,-56.071157798696916,-30.62192609843783,-51.88576213183899,-17.39030025828528,-13.908351968194374,-16.076549785546224,-2.5113552612897303,1816.3384278349909,2950.919858870968,0.04194624705981183,0.07121478766202927,2268.86606709554,-356.10898734986404,-0.05301057547330856,51,3.7013333333333334,0.5473235845565796,0.5287443399429321,773.4375,14.081892093603473,24,8.697718645200358e-05,0.4645070433616638,-290.88665632645467,171.33549239170185,-60.25913916391556,-44.039884495737766,-38.960749333548925,-44.32963061632785,-57.87883143058697,-28.55862651359043,-40.526906322158794,-9.74945620798271,-20.0081949346019,-27.609132838401546,-15.375907280082004,1992.0554689005,3260.7736895161293,0.04656785534274194,0.06556980311870575,2387.008545232884,175.7170410655092,-0.005644984543323517,54,0.8533333333333334,0.5031895041465759,0.5796754360198975,960.9375,12.112918358567327,3,0.00016232700823309642,0.2623935639858246,-291.8942121628455,168.28628340471667,-64.44246582824137,-53.68563752226676,-40.94724109476395,-43.29231683323616,-48.1442927913959,-3.3668744315535672,-29.426144537992972,-12.71540318912905,-26.697384969887974,-27.915943249587023,-15.027141304430916,2089.122807081497,3210.3074596774195,0.05328566028225806,0.04967881366610527,2259.7388774673905,97.06733818099679,-0.01589098945260048,52,2.176,0.4031476080417633,0.6842107772827148,1125.0,6.572134163620281,13,0.00017480660595124966,0.35899484157562256,-311.61892920067595,173.64791566682572,-81.17960840931244,-61.2922864720103,-39.66418097008023,-17.463366627973077,-33.600265562040356,-0.004040539223191663,-38.85121340903807,-21.400673420063594,-26.60787171414777,-30.414488426606173,-13.639782345090474,2363.418639216111,4263.0418346774195,0.04158922421034946,0.02465643361210823,3090.382827898037,274.2958321346141,-0.02502238005399704,38,2.208,0.42451632022857666,0.7001218795776367,281.25,4.023022446952574,3,0.0004314812605809384,0.030093656852841377,-424.85797055269626,140.22874227090875,-36.57924261440882,-41.4085208599343,-19.754997476544567,-7.009013124616583,-28.089716682255354,-11.329529649468839,-28.769668058160033,-15.12725909583389,-20.95971060927884,-26.820294862967472,-18.346895612721433
19.84,2,100,3165.1424758506655,6124.602044235925,0.054479358662868634,0.1199384555220604,3355.788247791561,0.0,0.0,61,2.058666666666667,0.7404097318649292,0.37752875685691833,632.8125,33.07265272375898,20,0.008163753882761342,0.3879565894603729,-228.9155850039262,115.28375144232918,-58.451138674751355,-7.250279233680781,-45.76617794131773,-31.515308342134613,-54.52960448882095,-25.455843688262938,-60.2655571289372,-13.699675113625183,-16.381128531295914,-17.696865404531945,-0.660380330214849,2801.1208767775324,5588.367124664879,0.053578721933646115,0.07921279221773148,3307.775840566897,-364.0215990731331,-0.04072566330432892,58,3.8506666666666667,0.5596165060997009,0.5231733918190002,773.4375,14.608601360091264,7,0.0003229515059311605,0.5219606161117554,-240.02189765677673,133.45231515008933,-65.35387934486025,-18.20516798274172,-60.62621696776308,-35.61905931397126,-60.52968030340522,-22.395021393182247,-45.687581590878935,-5.919999166024295,-18.77072417276815,-27.951643589922387,-10.901695761054691,2898.560519646803,5625.942526809651,0.05903097771447721,0.08171356469392776,3334.561853952944,97.43964286927076,0.002500772476196289,61,2.592,0.5394159555435181,0.5494802594184875,960.9375,14.945610300529099,3,0.0003673160665605263,0.3595779836177826,-240.18066317580227,135.99809149913725,-75.0323647213177,-28.844534198861506,-68.40059109039309,-35.5810830407266,-52.68311361974498,1.125961899334957,-34.912946472146615,-7.253954565747346,-31.014303114219782,-27.143429378000185,-16.79365687716161,2921.367844622538,5567.5686997319035,0.06479610003351206,0.05786517262458801,3193.0995847835284,22.8073249757349,-0.023848392069339752,55,2.1653333333333333,0.3863844871520996,0.6940049529075623,1101.5625,7.833998639879454,13,0.0004009010408164884,0.2572917938232422,-264.28572671757854,139.57389860068415,-81.20403516344972,-40.6241973136216,-57.786540186193484,-15.952771795338611,-34.10458849915859,2.244051663032007,-44.17627758906008,-15.243153891394615,-29.668170786961287,-29.918918551024685,-12.403995837592767,3038.5617646094556,5486.699899463807,0.06336136477882037,0.03735293447971344,3239.406073382525,117.19391998691754,-0.020512238144874573,53,1.024,0.41311633586883545,0.7129186391830444,281.25,5.481467420283205,10,0.00047051456081651687,0.24207763373851776,-297.9539485857472,137.86484110281623,-84.34146341366902,-37.194462100388385,-31.75970405528482,-1.6521023558759744,-48.745149657836954,0.9634418251399431,-38.8730838107429,-14.631851172387849,-25.508786951345748,-27.50783458672817,-18.899672500396292
17.536,2,100,2893.433306752767,5540.08358662614,0.05337849069148936,0.1321297138929367,3226.890081369141,0.0,0.0,54,0.8,0.7777851223945618,0.3254108130931854,632.8125,39.385571642928795,20,0.006745933002749634,0.35093042254447937,-217.06472720672852,118.78179439030575,-60.51519203283168,-9.24133327622613,-48.03681489379751,-35.405074841611466,-57.65738249131512,-29.208703316263982,-56.8494080165536,-13.975464370212991,-13.972874105930545,-17.389710322243733,-4.041005326304229,2908.2411869359216,5670.73518237082,0.055672967325227966,0.06769269704818726,3371.5803103296107,14.807880183154793,-0.06443701684474945,56,1.696,0.5919901132583618,0.4945135712623596,796.875,14.017643191794468,7,0.00039668938009744195,0.29193443059921265,-250.70438688948497,129.47049668294176,-63.891358941677446,-16.379670702461993,-55.279903988412634,-41.70204616905267,-56.922272723414764,-14.858646295668327,-40.6616205870249,-1.515397842295672,-21.73417914118157,-25.480256187909,-11.894805440867012,3314.2159893746943,6854.720744680851,0.06631126519756839,0.06232302263379097,3646.5070060514236,405.9748024387727,-0.005369674414396286,49,1.9306666666666668,0.4691450297832489,0.6133153438568115,937.5,11.261610903690661,3,0.0006135806789340456,0.30746835470199585,-253.0222765603483,126.62099550353153,-71.68103781877873,-24.51073033863538,-65.09583979269397,-32.63261794132039,-49.65056407920227,8.265665698651455,-32.6945266588737,-3.7603073481247145,-30.02909947038637,-29.49327609316562,-13.394506121337884,3001.248219143473,5727.156155015197,0.06397226443768997,0.054239701479673386,3311.663611016428,-312.9677702312215,-0.008083321154117584,51,0.9386666666666666,0.4353226125240326,0.6535373330116272,1171.875,7.107949617556595,13,0.00037364010099108513,0.43411606550216675,-261.3361003462186,142.14063113386905,-89.75570802965352,-26.884002760498948,-66.77523670902391,-12.488430028711413,-40.62580430749111,9.046395411667639,-46.44105509739685,-15.065287460154844,-29.615521311460373,-31.684209702730747,-13.713309734316438,3334.731221194723,6398.579977203647,0.06730712148556231,0.0475347675383091,3395.3543150034056,333.48300205124997,-0.006704933941364288,56,0.576,0.465801477432251,0.6827325820922852,281.25,8.646925200118652,13,0.000540570599689032,0.33573147654533386,-258.17878321715716,130.8759689073546,-92.78115324400092,-17.642370436205837,-42.31962244045527,-5.4367271065687985,-44.238336130558594,1.9184247031336192,-42.79117068103532,-7.767173018770242,-28.11520576404836,-28.252196617081403,-14.626612683101555
18.752,2,100,2909.3909597778907,5539.905894886364,0.05487060546875,0.13508397340774536,3283.3792102823068,0.0,0.0,55,1.4293333333333333,0.7357794046401978,0.367088258266449,632.8125,37.658994480369195,20,0.0064060575287484215,0.391537070274353,-202.8712498500587,120.63896265500513,-64.47112236687434,-10.663083996338958,-44.46679546403362,-36.64825621232985,-59.270023317060435,-25.64819001490973,-58.05391329439056,-14.423089183494612,-17.418681573097253,-15.599425498744763,-3.9633861302793387,3150.028970621048,6494.584517045455,0.06006552956321023,0.07603572309017181,3579.405542178877,240.6380108431572,-0.05904825031757355,56,0.7786666666666666,0.5445961356163025,0.5496975183486938,796.875,15.554424506761304,24,0.0003837414252125534,0.2708761692047119,-226.17128407543376,125.06049902430824,-61.77312196954329,-16.84568894575676,-54.32405111625416,-37.728741303614136,-56.89352061360452,-17.200694425619492,-40.24040588715067,-0.20132297500319493,-23.171072532838803,-24.580515252587567,-10.25879578238937,3094.357122481921,6040.482954545455,0.06516196511008522,0.0723390281200409,3453.021086557632,-55.67184813912672,-0.0036966949701309204,59,0.021333333333333333,0.4814428687095642,0.5998011827468872,937.5,12.421192673530484,3,0.0003784508007062259,0.39384210109710693,-239.18472420377933,132.18222146179684,-77.60163437654438,-26.21964781045891,-65.15792351039576,-31.851972173188873,-49.28340586483935,7.4595620535987965,-36.92404435387927,-4.564808749854789,-30.575939527650714,-32.589241297753475,-11.85809916913742,3177.965329063265,6215.664950284091,0.06815546209161932,0.05679072067141533,3394.6637191776067,83.6082065813439,-0.015548307448625565,53,2.2186666666666666,0.4004322588443756,0.6893822550773621,1171.875,8.143112748258904,14,0.0004715840525228216,0.30976229906082153,-249.82062502823865,131.60526405789852,-83.08155800183032,-29.38475366163864,-61.806666877834374,-13.67611106761042,-33.28289088853758,5.392826783009213,-47.06359193768824,-13.24243836860599,-26.818644648199825,-32.31607323697699,-16.22240967511062,3594.9371004086806,6791.082208806818,0.07368607954545454,0.0413028821349144,3521.7886293575693,416.9717713454156,-0.01548783853650093,57,1.3333333333333333,0.4539774954319,0.6990413069725037,281.25,7.868013757045457,14,0.0006834217308073863,0.3470589518547058,-270.74652037169557,129.58177023799183,-96.82499516184943,-7.343879544653304,-46.633340938309125,-0.7906596969656089,-45.99488283532968,2.5589719393589245,-50.632874252530314,-6.59651867285556,-29.920726692681445,-29.099455785890015,-16.828177938343714
17.8773,2,100,3001.5072495540308,5977.329799107143,0.053989955357142856,0.12519219517707825,3356.488502897668,0.0,0.0,51,1.9093333333333333,0.7669728994369507,0.34487125277519226,632.8125,39.0124867905673,20,0.005160779302088049,0.20591707527637482,-226.57152250661966,118.23325550603121,-61.62218196182959,-10.21117520304881,-47.9989919266658,-35.58101978123617,-58.246999085772075,-30.639073739373668,-58.54283949501988,-13.614548276333917,-15.14688017643114,-15.678909802837113,-2.40562981902359,2950.1343519257925,5813.337053571428,0.056179954892113096,0.06332316994667053,3413.6578935670086,-51.372897628238206,-0.061869025230407715,62,1.7813333333333334,0.5909446477890015,0.5119323134422302,796.875,14.016217468020715,7,0.0003577385156967274,0.34266558289527893,-252.05158327087753,130.07691703837426,-67.37023519996484,-15.955614361419721,-59.25803011619041,-39.84375295443678,-54.97554819169452,-17.449905725290265,-43.58295805159943,0.559106078895673,-24.72285565598266,-26.17250138926057,-12.373027291934704,2959.059068954075,5704.799107142857,0.06327747163318452,0.06438936293125153,3322.7842431123245,8.92471702828243,0.0010661929845809937,56,0.544,0.4990132749080658,0.5896667242050171,937.5,10.503038323375685,3,0.0003459657000724504,0.4011326730251312,-251.07266981833544,137.7973943558292,-82.7201408804305,-24.333600683183157,-65.631591159115,-35.61502639602116,-48.74301282131399,6.865610472362722,-39.033524510858584,-2.6439157725369307,-32.631909345482974,-32.71511147998435,-12.69675959873169,3205.393219518503,6226.771763392857,0.07187325613839286,0.06703423708677292,3376.2811465457335,246.334150564428,0.002644874155521393,47,0.896,0.40525299310684204,0.6842621564865112,1218.75,9.287203237915175,13,0.00043206589994238865,0.35748645663261414,-238.6616732439566,130.27924995344242,-88.66654392297457,-31.463694623659215,-61.17324602234848,-12.36599854146575,-32.40786892369328,5.877842723575006,-49.14983063521855,-11.903403488788669,-28.440434135983455,-31.183119626712465,-9.874223248744386,3547.2748247211575,6800.851004464285,0.07516915457589286,0.04505416378378868,3518.9665137377187,341.88160520265455,-0.021980073302984238,46,1.728,0.43674978613853455,0.7096384167671204,281.25,7.281359070501892,2,0.0006611974873556577,0.3256898820400238,-266.16976068600707,127.8211102368847,-99.28259247020785,-15.228049061882919,-44.06474569758493,-0.09608888216580863,-46.57564274968118,4.900226590725977,-47.58538731373946,-6.499068214198943,-29.00069829738094,-30.508189891535103,-16.282936070978955
18.752,2,100,2784.843828651499,5444.82421875,0.050767378373579544,0.12408044189214706,3165.5818707719222,0.0,0.0,60,0.8426666666666667,0.7665101289749146,0.34673237800598145,632.8125,36.85223578418482,20,0.00634367559020266,0.33551231026649475,-225.18330667802323,119.70517741200466,-63.324862895017986,-9.438445260294788,-47.76367028508973,-35.79703935070964,-57.51085536212153,-34.112279382061004,-55.377649022708404,-14.031063190101747,-14.019456822761844,-15.22226537842414,-2.5591188215851073,2849.2715685548296,5542.96875,0.05794039639559659,0.0679914653301239,3240.6106769350827,64.4277399033308,-0.05608897656202316,58,2.3466666666666667,0.5579086542129517,0.5329164862632751,796.875,14.222134412316246,24,0.000382687308446892,0.35037562251091003,-249.48410326975102,131.09151693953342,-70.81698083286501,-15.8519271237226,-60.028187395442934,-38.02459341698318,-57.38695174900249,-18.114655045021845,-38.37735760096868,-2.8644585679162895,-19.30020929009623,-24.974240835451496,-14.821789658661327,3388.694716305082,6862.79296875,0.07014604048295454,0.06401532143354416,3587.1036466103396,539.4231477502522,-0.003976143896579742,61,2.421333333333333,0.45006829500198364,0.6323045492172241,1031.25,9.90484079189208,3,0.0006554695131259787,0.3881399929523468,-242.96265765781325,125.51916787233482,-79.63841911181595,-19.106700985619828,-70.7369066131102,-32.49800937573868,-46.48562082588863,6.075435367429299,-38.37572454578912,-4.251871473798847,-33.38456481814966,-29.29106339529859,-14.774544882310284,3245.2009957579253,6185.569069602273,0.07135842063210228,0.05745702609419823,3381.7988075112753,-143.4937205471565,-0.006558295339345932,52,0.49066666666666664,0.40429407358169556,0.6877872347831726,1171.875,7.086329094994949,14,0.00048661393396584373,0.3938714265823364,-247.381871720871,135.76378974114584,-93.74811289001879,-26.508486989554445,-59.114027039937874,-13.883743612421746,-38.47790804907695,7.581852998814738,-53.41356829344209,-9.602525305146505,-31.59255271429454,-34.74650079449308,-6.334082466270456,3002.7056275854225,5567.87109375,0.06313948197798296,0.04504721239209175,3156.168136725279,-242.49536817250282,-0.012409813702106476,50,0.23466666666666666,0.4918745458126068,0.6500250101089478,281.25,8.611261763998247,14,0.0005416091370801401,0.3950809836387634,-273.65862263656,144.27953657678052,-93.4285259264877,-26.381661144503088,-34.05528220445131,-5.684865768450164,-45.88987743988382,3.2136242928420247,-46.021771805210484,-10.373274981864045,-26.40979794049804,-31.48570928908099,-14.689408913228378
17.8773,2,100,2956.582096190421,5684.291294642857,0.054514567057291664,0.1221095472574234,3260.8603766545107,0.0,0.0,52,1.1413333333333333,0.7169269919395447,0.3970617651939392,632.8125,35.07443223323434,20,0.00823753120144656,0.3380614221096039,-213.51475453264433,116.40148873697828,-70.39247200596898,-9.036430830215332,-47.22539008496335,-34.44805325261781,-58.77998677217373,-30.229577367910938,-58.91074125601407,-12.815456252506443,-15.83299045830758,-16.56372089437255,-0.16848430577081955,2931.372966796168,5721.609933035715,0.058147612072172616,0.06073508784174919,3298.4584747290805,-25.20912939425307,-0.06137445941567421,53,0.5226666666666666,0.5572255849838257,0.5388081073760986,796.875,13.019424712882726,3,0.0004487152076784809,0.3961280882358551,-255.7101075416524,129.76106286118696,-72.17155003083722,-13.011631075449126,-58.40192358233803,-37.4127121530009,-60.15096897099708,-20.00336451915724,-43.32452626329136,-4.790340954895322,-19.999243548531073,-25.18463865182798,-14.073444085205272,3257.3591771622846,6472.307477678572,0.06536138625372023,0.0688658058643341,3510.7959413756257,325.98621036611667,0.008130718022584915,54,1.1306666666666667,0.539822518825531,0.5601352453231812,937.5,13.153752271260222,3,0.00046302880244606406,0.3895512521266937,-239.11403627015602,124.85195236746547,-77.59764206699477,-21.372261229006106,-69.02839386728284,-32.07424857150766,-49.75705440172339,2.1126516329307212,-31.71955278228317,-6.01652680915475,-28.699029131315662,-26.078156262962686,-16.714056086398596,3259.2117337432837,6219.098772321428,0.06936790829613096,0.054932378232479095,3396.438107234468,1.852556580999135,-0.013933427631855011,46,1.664,0.40930187702178955,0.6827973127365112,1218.75,7.53007203472996,38,0.000539805369196005,0.2831272780895233,-256.266525916003,134.56189319637573,-91.83763943523921,-30.086014620091994,-61.96909292278443,-12.82017638755507,-41.10290728677126,9.174809578509999,-47.590475646152406,-10.850466316437112,-31.87982298332923,-34.190596115086706,-8.646504597223089,3247.908853533802,5801.26953125,0.07151285807291667,0.043347589671611786,3253.458662242953,-11.302880209481827,-0.01158478856086731,47,0.20266666666666666,0.45001932978630066,0.7023777961730957,281.25,7.712353565501163,13,0.0005132671122119242,0.3786187171936035,-271.4126568074899,132.38420075199133,-95.30676814870469,-19.2762724867599,-36.08194600051135,-6.219964419248367,-42.82861800125662,2.4701881250808393,-42.53328540055017,-7.250586632332285,-28.47408207155633,-33.515911332984444,-14.933391305721655
20.032,2,100,2654.821770509757,4955.472905585107,0.047797020445478726,0.1308233141899109,3004.5205647838266,0.0,0.0,59,1.888,0.7852871417999268,0.33427292108535767,632.8125,40.31105996987769,20,0.008196550618813057,0.32394981384277344,-227.96426049478387,128.8554035503169,-59.09425959248167,-18.52033106213857,-39.90751217686906,-36.08647591214127,-55.37985308287181,-26.76827132366367,-52.350140014960765,-15.959883355184473,-16.98758896407771,-13.384444945870776,-5.570398911780274,2485.3846628792307,4601.167719414893,0.04978780543550532,0.0732441321015358,3079.9908143894145,-169.43710763052604,-0.05757918208837509,66,0.8106666666666666,0.5546561479568481,0.5267366766929626,750.0,13.591290957307475,7,0.00021783316940504903,0.3747095763683319,-259.90955795072944,148.169518741967,-62.58345355890479,-25.759776791117137,-52.605907435855784,-45.21282854320474,-58.59105072386,-17.365531277414135,-48.05841547232516,-2.4437747951648396,-23.006337706533927,-27.893532217840786,-12.547487328007994,2574.2859268468646,4662.566489361702,0.054479720744680854,0.08145114034414291,2956.1170009942653,88.9012639676339,0.008207008242607117,57,1.0346666666666666,0.48008134961128235,0.5985217690467834,937.5,13.537092698990385,12,0.00021795150265705582,0.3776925206184387,-243.25788707084146,148.5700004766297,-75.52225047673235,-33.73253332115088,-58.20382503121506,-40.65669066732813,-45.423879548286635,-1.318022530295116,-35.3454676826603,-4.772826784633543,-31.209787234446566,-30.17041703817897,-13.972007247918503,2854.3051178136666,5183.240525265957,0.06372719622672872,0.06445593386888504,3067.3657715686923,280.01919096680194,-0.016995206475257874,61,1.8346666666666667,0.40091636776924133,0.676568329334259,1242.1875,9.145367121673168,14,0.0003249463896176188,0.27033331990242004,-252.72381080654222,142.3937224293816,-86.2730678485472,-36.90090308860095,-54.609636145064165,-20.520123572716958,-29.23871043294315,4.265862172596114,-48.06316985361697,-10.78040179737542,-31.16601813705355,-33.6571370612348,-9.026551827837446,2944.396112720305,5166.535073138298,0.06415574094082446,0.046868760138750076,3179.1357095237795,90.09099490663857,-0.017587173730134964,53,0.23466666666666666,0.4115745425224304,0.7055728435516357,281.25,7.056520878669205,15,0.00036101167073865364,0.3265453577041626,-278.05411922980363,145.50185001015814,-88.49951579195906,-37.016053799343055,-30.154611820700882,-5.654144995806775,-45.977319622094996,0.033079763541189564,-47.69186704810223,-9.062027439138214,-25.99496695903776,-33.08037116206961,-15.44327998227729
19.84,2,100,2951.8745614006943,5433.729892761394,0.055455921162868634,0.11656350642442703,3152.7819416066695,0.0,0.0,56,1.6853333333333333,0.7578494548797607,0.35906514525413513,632.8125,33.25060312139666,20,0.008395301207596685,0.34456491470336914,-240.6433813681755,122.72650958037966,-58.95429898255769,-18.237040254455486,-37.703870099390414,-31.376943683538226,-60.44982498984345,-27.21718507801073,-54.90243773052155,-13.966597160468343,-17.23293834934367,-15.130492956829734,-1.7469370060841491,2578.35787447355,4723.064678284182,0.05248303451742627,0.07119710743427277,2971.289515628734,-373.5166869271443,-0.045366398990154266,60,2.2293333333333334,0.5783531665802002,0.5134115219116211,773.4375,12.46573305811269,24,0.00025578284096554235,0.3131609261035919,-256.6269347467811,140.37523844297647,-68.23918272436045,-24.728628980879602,-46.07123075931572,-39.9901187012717,-60.18496960296225,-20.526270523862262,-40.167634162378576,-4.529640190501235,-19.28869093038839,-28.25946204815336,-11.302153774319391,2609.3189199699286,4766.986427613941,0.05509200108914209,0.06675675511360168,3087.629395557891,30.961045496378574,-0.0044403523206710815,53,1.504,0.5400652885437012,0.5441231727600098,960.9375,13.3348910254606,12,0.00022955845476825334,0.2884701192378998,-263.6526765109882,146.1324871107115,-73.00118434066219,-37.337938269404546,-56.07002877044484,-39.155400415949124,-47.82886296129847,3.3703585196501407,-34.71597074927432,-4.960862004706188,-31.673364900804156,-31.42884687522728,-12.491269279365298,2464.9069869787504,4268.452580428954,0.05727944872654155,0.04902028292417526,2773.426746550949,-144.41193299117822,-0.017736472189426422,56,0.672,0.4288378357887268,0.6554820537567139,1125.0,6.995573570405646,13,0.00020759988419199706,0.36418616771698,-290.2445332685655,157.94801202905694,-80.96083112730125,-48.52757864852496,-47.4666970257443,-19.0557967414309,-34.18371701734404,3.630705501101819,-45.723972913552046,-14.933326261814983,-26.507682327391148,-34.60708245015128,-12.31987186677224,2242.706567164037,3639.661528150134,0.04856369386729222,0.03224986419081688,2494.113371079744,-222.2004198147133,-0.016770418733358383,45,3.8826666666666667,0.5406330823898315,0.6161860823631287,281.25,7.4668954634441675,2,0.00017636035629686216,0.4569382965564728,-339.3978839042024,178.51101338028508,-85.00404953059441,-42.106311890282186,-24.1161195516288,-6.101453159440437,-45.92196790908874,-2.0682088134967045,-42.4541342239255,-12.21412275713205,-25.425109454666455,-32.90487492904791,-17.940830417043706
3.4133,2,20,3779.730718998887,7717.427884615385,0.07013221153846154,0.11991429328918457,3691.8577174764464,0.0,0.0,8,0.5226666666666666,0.6124510765075684,0.5168560147285461,609.375,37.417452521424416,20,0.046738585978017576,0.4361632466316223,-194.20340259751111,102.11958305534037,-82.4632825132603,-11.686379414990036,-69.44492951775403,-19.29314499005614,-52.797488676542805,-12.011769382636105,-51.44463678735684,-5.195816220353764,-20.35659405670715,-13.798876224494077,2.395371079963128,2514.208616675129,4962.259615384615,0.042810997596153845,0.1869191825389862,3116.1043231756607,-1265.5221023237577,0.06700488924980164,6,0.3413333333333333,0.8482162356376648,0.26482224464416504,632.8125,65.20532134119549,46,0.00012675965631351108,0.6174256205558777,-200.38244390753277,131.63218575365957,-63.13371618595341,-12.008518167072209,-57.542605963579895,-41.17023007359206,-60.49062627462664,-30.403111902172466,-62.1405488517503,-12.19732803042257,-12.798009565643792,-14.855183982373106,5.796553398608181,2316.7997508215517,4661.538461538462,0.03731971153846154,0.18394502997398376,3117.312187231344,-197.40886585357748,-0.0029741525650024414,10,0.10666666666666667,0.8594979047775269,0.23158417642116547,656.25,68.32557368196161,20,0.00014481318422212268,0.6122981905937195,-210.3283460749221,133.49087404461244,-53.327746717544926,-6.392123030798315,-56.35837870947152,-39.045190118070465,-63.22315649679552,-39.61886752328321,-61.653055107006146,-18.173174453159884,-13.792698701451828,-14.140599621828773,-3.205775207228438,2261.4534529077396,4179.807692307692,0.036020132211538464,0.14663268625736237,3022.9796741537293,-55.34629791381212,-0.0373123437166214,7,0.20266666666666666,0.8411018252372742,0.25346168875694275,656.25,56.664287794638206,22,0.00029377250330661343,0.4074208438396454,-219.85166982646274,138.10212499574914,-51.687132948390314,-13.943269860595619,-50.10149599640299,-44.932430109651634,-56.98302226612566,-35.30925502790215,-60.022706420418125,-13.09922483830346,-16.85582244674031,-16.790511574613,-5.274794454511368,2597.635110116891,5045.913461538462,0.046446814903846154,0.07939475774765015,3003.5165875405337,336.1816572091516,-0.06723792850971222,11,0.18133333333333335,0.6675894260406494,0.43841391801834106,679.6875,22.603485055796167,22,0.00027819370242888463,0.5097270607948303,-244.16560067846783,145.4970063537927,-81.36267802796138,-10.039110837330416,-61.55265287006197,-35.16914650595959,-60.998867802899106,-34.425400470120195,-58.051537272413725,-12.294577030268837,-25.242686326257644,-25.30272756853693,-12.028504947449688
3.6267,2,20,4992.76331260853,9259.510869565218,0.11091060914855072,0.10019205510616302,3879.9339707996214,0.0,0.0,9,0.6933333333333334,0.48849236965179443,0.635007917881012,585.9375,20.028287997205418,63,0.03170724634922647,0.8352956771850586,-220.71563885787194,73.74553015774354,-76.64960540147145,12.295839837685815,-49.13391108644548,-3.3161283695942427,-53.83570227203225,-4.327556357586215,-55.221373199893996,-9.488664008242141,-21.676887250997073,-16.4157788858071,-4.078837125425373,2707.2988025291456,5299.252717391304,0.04453974184782609,0.20926283299922943,3344.776605486131,-2285.4645100793846,0.1090707778930664,11,0.4053333333333333,0.846528172492981,0.2805960476398468,632.8125,74.35406115576131,45,0.0008669484987857016,0.5418542623519897,-170.48765680135276,126.3203317794317,-63.43845528516481,-15.95010267160704,-57.647868953314486,-37.377769227854,-62.49552633054972,-25.273080154246706,-58.18951402083984,-11.67996474871996,-10.518757917137856,-11.604480421413783,2.754257206889807,2190.655957556889,4105.978260869565,0.036182348278985504,0.17591579258441925,3040.1051647515055,-516.6428449722566,-0.03334704041481018,15,0.26666666666666666,0.8400248885154724,0.2645786702632904,632.8125,59.630424228008,20,0.00011352926878911178,0.42220747470855713,-218.6677613706539,138.2160488035155,-54.19620123477613,-16.717402745572606,-50.17858700467354,-40.05791691300367,-65.9101309533811,-33.445865246111595,-60.51696568671063,-18.581249280762623,-17.77927903719216,-15.195062452961865,-0.24349449515172322,2393.3876902893912,4690.896739130435,0.03576483242753623,0.12012253701686859,3155.835621075941,202.73173273250222,-0.05579325556755066,12,0.30933333333333335,0.8393853902816772,0.2569495737552643,656.25,48.04792064828495,6,0.001356586290833268,0.5483444333076477,-245.03407425817753,137.19302881861904,-56.18121215533948,-10.904037779967988,-46.6226746686299,-42.936894400469285,-65.87729964646623,-30.854599935486455,-62.277203193950825,-18.193428888436596,-19.169893201562882,-13.631489092637857,-6.9180323498152365,2632.844442113285,4965.692934782609,0.04196388134057971,0.1108362004160881,3099.88627795636,239.45675182389368,-0.009286336600780487,15,0.05333333333333334,0.656089723110199,0.4748839735984802,679.6875,37.43628783796794,22,0.000526339652413684,0.507398247718811,-243.15976233451912,135.95396100197536,-57.8268170638174,-10.675035591018416,-44.49457180896185,-42.754677248900855,-68.26928919648553,-29.53998227522582,-58.930906595572615,-18.412762554099494,-20.781681275461207,-17.890101493763364,-7.578982358058083
3.4133,2,20,4811.379225427271,9090.504807692309,0.10347055288461539,0.10489597171545029,3933.6323411656404,0.0,0.0,8,0.5866666666666667,0.5397024750709534,0.5918055772781372,609.375,26.161182566468376,45,0.033303365186129336,0.601987361907959,-202.81215169780543,79.73000841795093,-81.5338314252224,4.530025153035779,-56.177340841629864,-3.7680057329755785,-53.43952548064055,-5.512389773705893,-55.22950243684929,-7.320673573999244,-23.30771054294321,-14.804647682852478,2.390198916761635,3056.620093226425,6610.096153846154,0.04912860576923077,0.1636512130498886,3507.034802085988,-1754.7591322008461,0.058755241334438324,12,0.5013333333333333,0.7826336622238159,0.3326911926269531,609.375,59.533194356110286,5,0.0002766736412051935,0.4898602068424225,-183.84477191078076,118.3236693902049,-65.78939534334532,-7.282977365908794,-67.27032010932382,-32.017867593250664,-65.00192327738576,-27.92991360062686,-51.513276105219234,-11.671777656650734,-8.667410922679695,-12.701664697911529,4.192294429507747,2132.837285719119,3991.5865384615386,0.03497596153846154,0.1727602332830429,2810.0096301176823,-923.7828075073062,0.009109020233154297,11,0.37333333333333335,0.8911421895027161,0.20765990018844604,632.8125,61.84644963514672,21,0.00012366933025111232,0.5712623596191406,-215.08673587451528,141.86738187614563,-59.89502741817132,-12.710891566525277,-53.56014186490144,-41.68565772989831,-58.08467447729508,-34.039868156052016,-63.820680492690634,-21.487406838750474,-15.028742527523539,-19.311635638378565,4.665455344825512,2156.684939480984,4123.557692307692,0.03494591346153846,0.16181416809558868,2869.730219481418,23.84765376186533,-0.010946065187454224,14,0.032,0.778815746307373,0.33137544989585876,656.25,60.75298883763035,21,0.0004268215168442001,0.6043674349784851,-217.63689914296432,142.5234116259725,-56.615110062830304,-10.755407738494835,-51.154475242349825,-41.11924321376875,-61.385995714306866,-38.81204769968635,-57.69643522646444,-20.596583615605,-15.30797666923177,-19.22967499072785,-1.6273402844997686,2341.3879440831806,4528.125,0.040685096153846155,0.11382706463336945,2980.230814183734,184.70300460219642,-0.04798710346221924,13,0.23466666666666666,0.7737329602241516,0.3191056251525879,679.6875,39.15013727803228,22,0.00023162923195698347,0.3793520927429199,-233.2479068514889,136.56528526245293,-60.50523729479201,-10.488659189981863,-53.341312492664024,-40.53522349902737,-59.04553054217211,-36.326825590153,-56.045978906484955,-15.267652138145793,-19.102610694525186,-21.29363645444852,-5.1343558587909355
3.456,2,20,4790.318805899518,9087.259615384615,0.10204326923076923,0.1049342229962349,3856.77401531797,0.0,0.0,12,0.448,0.40271198749542236,0.7262412905693054,609.375,23.69380262716828,44,0.03458560785423156,0.6785818934440613,-205.07457689059035,80.7154985724801,-90.80972038723078,4.409681223757358,-64.40824040115619,-0.6361310001474819,-50.763794917449744,-5.790333658863664,-56.56766517455458,-6.516361831899182,-24.01485155211386,-18.2757660263417,-0.3544932194868092,2962.16750339485,6356.25,0.04390024038461538,0.175420880317688,3385.026887350493,-1828.1513025046684,0.0704866573214531,9,0.14933333333333335,0.8737287521362305,0.24283206462860107,632.8125,69.22838155693182,20,0.0009511110451943111,0.5508419871330261,-201.1107698981532,119.37900139448969,-58.95197331247092,-8.086967772181522,-66.97238751668327,-38.09049648952821,-60.798435488341575,-31.569839746051343,-55.895066006380084,-12.338546098759705,-15.51457270078199,-12.282503767052045,5.526804519751559,2418.4614238688214,4959.014423076923,0.037530048076923075,0.1963902860879898,3220.350757001023,-543.7060795260286,0.02096940577030182,13,0.032,0.8613617420196533,0.25493425130844116,632.8125,79.4258237436052,22,0.0001910940585434366,0.5125268697738647,-208.4268330734678,125.34430544013694,-48.76946556852826,-12.120497574040218,-50.88012472747131,-39.463444227034955,-63.33550349016225,-38.1042435948783,-60.8135511346685,-14.409461526471553,-11.64817030376107,-12.575542496070355,4.086069482624012,2449.133893290161,5034.735576923077,0.04051231971153846,0.11644245684146881,3187.538305631238,30.67246942133943,-0.079947829246521,9,0.5653333333333334,0.8430662751197815,0.2615946829319,656.25,43.371381326781865,6,0.0002575682406043764,0.5042778849601746,-245.87052924021467,128.7657143103034,-49.21126632023708,-9.832814597517311,-54.09458875658185,-38.88832710639659,-56.960282447818045,-37.742623589121045,-60.06703343210163,-15.32757219698612,-12.52878069992708,-16.831387830112604,0.4797216482282881,2506.7672327596447,5115.865384615385,0.04266826923076923,0.08790697157382965,3211.584674623322,57.63333946948387,-0.02853548526763916,11,0.3413333333333333,0.6908385753631592,0.4015386998653412,679.6875,29.199180290343218,22,0.0002260269785633154,0.43639764189720154,-242.2954876193541,135.2370604345511,-57.9781211322663,-14.58863252536017,-55.07695467569268,-33.84689465369932,-60.273173633148915,-35.39619785767075,-57.99777936454434,-18.056741165719263,-17.097261702467655,-22.089668918606723,-6.866018288251641
3.6053,2,20,4754.633853928885,8899.35661764706,0.11325970818014706,0.06336239725351334,3793.242822771952,0.0,0.0,12,0.48,0.42268064618110657,0.7087830305099487,609.375,14.853116469315514,39,0.03238687900242553,0.47170931100845337,-260.07614629803544,71.82938362757875,-87.8657478513378,5.688379570225943,-44.45409648482015,-3.7367719374805306,-50.03904638761304,-8.49649369029853,-53.01634527069628,-4.07978990853444,-23.482340174338397,-16.57465682046762,1.2592989702870672,2947.1022427085936,6218.175551470588,0.04821059283088235,0.19092388451099396,3566.4435115210517,-1807.5316112202918,0.12756147980690002,11,0.37333333333333335,0.8511021137237549,0.26016128063201904,609.375,68.44531619927572,20,0.00035171974489305415,0.5289017558097839,-191.42283452205686,116.79499279846944,-58.65875646200362,-11.767138970733296,-61.602315551564544,-36.0020161343014,-66.68438892412985,-28.595529576981132,-52.95112695656291,-8.837998143562302,-10.663563185600573,-11.186171483141655,3.7950315571838664,2139.5492675639816,3832.03125,0.03351189108455882,0.18781204521656036,2933.761064993511,-807.552975144612,-0.0031118392944335938,10,0.096,0.8922985196113586,0.22295993566513062,632.8125,73.33847673309215,20,0.0004993349898740997,0.6138340830802917,-217.9247128155715,136.98402733744015,-51.171806693720264,-14.62842331401123,-53.381612425844644,-42.75144588033201,-61.11598722423308,-39.77644395145883,-61.29802919529458,-12.96942970741619,-15.534986724112922,-14.27580736483931,2.0031569542400356,2425.236774364301,4638.21231617647,0.03909122242647059,0.11550645530223846,3129.110437999312,285.68750680031917,-0.0723055899143219,15,0.21333333333333335,0.7478265762329102,0.3769146502017975,656.25,41.097466051931434,22,0.0002993068154255801,0.46421730518341064,-232.4137904280328,134.0497375735167,-62.876298923753744,-8.927720605911436,-48.069879066510175,-41.49373578277746,-61.681638923551375,-33.234838799757036,-63.12688916227503,-15.451722395376828,-19.606273370482544,-18.562261387788887,-1.5601584493533776,2824.724704392123,5484.030330882353,0.04580508961397059,0.07987263053655624,3311.37081599799,399.48793002782213,-0.03563382476568222,15,0.14933333333333335,0.7074666023254395,0.378457248210907,679.6875,26.29063630034302,6,0.0005740819079909094,0.45032256841659546,-257.6842527372313,129.52823525504107,-56.49710101392903,-9.201431281780893,-52.133256611664756,-38.99300410047882,-60.03431049524726,-28.69052801497062,-55.367425581470975,-13.081542344948701,-19.99874560313265,-24.149777960625517,-4.163751427859387
3.52,2,20,4651.053037491859,9709.771455223881,0.09254022854477612,0.10432823747396469,4107.251815525336,0.0,0.0,10,0.5866666666666667,0.49539193511009216,0.6546190977096558,609.375,26.876281505742668,39,0.033092351247168486,0.7629456520080566,-203.54929878236166,81.21272701666157,-81.00885878159684,-0.18096856466325112,-55.34906206523735,-4.139623042003533,-48.47180692772658,-5.746501147027843,-55.266146585073365,-8.278473800918649,-21.261736517830926,-15.758674994766933,0.32553910581546724,2334.9738459612713,4414.645522388059,0.038115088619402986,0.2017877697944641,3084.5326380003175,-2316.0791915305877,0.09745953232049942,10,0.5546666666666666,0.84890216588974,0.2569652795791626,632.8125,75.15950093318132,20,0.00037491878648697143,0.7315347790718079,-194.97547685238027,136.47282913253858,-56.6286135159608,-17.887312189381227,-57.19299560866603,-42.7520257141805,-64.58859196498517,-30.25765228910004,-55.34401048439252,-11.41161153003062,-11.53319601411482,-12.079029654645685,5.082260881247646,2318.2354173828353,4667.560634328358,0.03299177938432836,0.2066165655851364,3117.3880645464264,-16.738428578436015,0.004828795790672302,10,0.2773333333333333,0.8833097815513611,0.21193073689937592,656.25,78.33192196843402,5,0.00019548531308390612,0.5751563310623169,-206.4462624358974,130.9154957412742,-52.25767333942189,-5.084567068901088,-53.766299938827814,-41.88032934005069,-63.80562599209059,-37.03209802398232,-64.12298451691382,-16.94083269183631,-15.174666555643004,-16.314969687365988,3.6333615208951247,2614.9583724384556,5194.729477611941,0.04130713619402985,0.1291666328907013,3315.984926825091,296.72295505562033,-0.07744993269443512,8,0.37333333333333335,0.7061307430267334,0.3904426395893097,656.25,47.16293989464105,6,0.0004933380316945986,0.36977246403694153,-225.17169358284474,129.3440395188761,-52.89603441424993,-7.776282334948921,-53.829824207613285,-37.754115296638844,-57.090839539007014,-31.274419411201634,-58.72621948206689,-16.777947530967175,-21.778360523144123,-20.94582180869638,1.4061011502020477,3058.209240032656,6221.7817164179105,0.046984316697761194,0.05596650019288063,3421.50122804571,443.2508675942004,-0.07320013642311096,8,0.5546666666666666,0.6287803649902344,0.47036847472190857,679.6875,14.565702997125689,6,0.000361618299457496,0.6062297821044922,-273.5767829301948,130.4857237600388,-72.18984704435258,4.586108199991924,-61.433407403898464,-31.541659535528325,-69.98735286821915,-25.255920351314742,-59.319911748374984,-20.456417854636378,-24.301119646543327,-27.813175950173484,-10.301366194619593
3.456,2,20,5043.166669227847,8988.461538461539,0.10569411057692307,0.08705314993858337,3820.938973802266,0.0,0.0,10,0.608,0.4224987030029297,0.7106561064720154,632.8125,16.806478228216907,21,0.03370714558180774,0.6253417730331421,-227.25031364992913,74.87010280297685,-82.13643894839167,3.5128372323912433,-48.86951286464752,-3.16525279876306,-48.35818468212738,-3.982495322354011,-57.14739098933244,-6.51848002621464,-20.23568819784821,-17.957582389473455,0.7169181186937863,2438.5666978623094,4805.7692307692305,0.03998647836538462,0.19751068949699402,2962.336062017004,-2604.5999713655374,0.11045753955841064,13,0.6613333333333333,0.8255689740180969,0.28942108154296875,632.8125,76.10183188569181,20,0.00013478356396266598,0.9327447414398193,-177.69627949915986,139.30895990486013,-72.41180516211055,-18.47402907258139,-62.738705395090676,-42.57566821704836,-62.30792360081556,-29.070969735957707,-54.04347308579469,-4.795049858095796,-13.290117633510425,-14.948009014953865,5.640162251249318,2418.737831343202,4894.110576923077,0.034833233173076926,0.17531001567840576,3242.428535951216,-19.828866519107578,-0.022200673818588257,12,0.5973333333333334,0.8674604892730713,0.23727737367153168,656.25,69.6348227109881,20,0.00019599098407639874,0.5889524221420288,-204.69568969197894,131.0142989172463,-53.90992414101889,-12.772098086979534,-54.49621854847314,-37.351993728530736,-66.6504313536094,-34.73233759940375,-60.58206983031105,-17.937770003552473,-16.221623828359192,-10.640024702967574,0.8705959191456281,2305.1817068315677,4611.057692307692,0.036876502403846156,0.13817910850048065,3236.7481846047813,-113.55612451163415,-0.03713090717792511,13,0.021333333333333333,0.8396894931793213,0.2628374993801117,656.25,54.26241484147852,22,0.00010352044953273971,0.5289857387542725,-236.07379084854708,133.06282680339507,-47.00692543684327,-9.974921738684946,-44.391526997430084,-42.224892713833285,-68.09571219165683,-35.409743208601974,-60.589443450555436,-15.072871627086782,-17.944947155037337,-15.33376337381589,-3.303656496851298,2992.7343585065146,6132.692307692308,0.05106670673076923,0.08290204405784607,3583.6245454810373,687.5526516749469,-0.05527706444263458,11,0.21333333333333335,0.6826523542404175,0.40887245535850525,656.25,26.019018359315933,22,0.0004166087701263912,0.5153465867042542,-246.39525076312268,131.07854172204028,-67.6749604471965,-10.879320743970688,-56.936685531717195,-30.87041847178664,-71.70499584706818,-26.486049043071286,-62.44762667251347,-13.473647576110094,-23.697109392277163,-23.072398367591987,-7.653274484398483
3.2427,2,20,5229.652683970635,10267.930327868853,0.11936475409836066,0.10731591284275055,4190.359751162635,0.0,0.0,10,0.45866666666666667,0.47194913029670715,0.6574001312255859,609.375,22.396658668519922,54,0.04017499026483196,0.7400364279747009,-206.1980754634661,80.45121149244565,-97.07234493822527,7.072598792994855,-52.49791525177648,0.2196606442892814,-61.02073278281081,-0.3160359765213609,-62.90855773953869,-9.108482149180796,-25.261185350934994,-14.955748422498017,0.1371093539823557,2688.1305871370864,5483.990778688524,0.04735527663934426,0.22347570955753326,3352.562663053523,-2541.5220968335484,0.11615979671478271,11,0.48,0.8371515274047852,0.2849465012550354,609.375,83.09922905233257,20,0.0002620073756383989,0.713748574256897,-167.01437684525962,132.49152355643966,-70.2859892728386,-19.73991226075713,-61.76070325991701,-36.07426737336515,-74.02499223947424,-27.263397304515088,-57.19000600334738,-9.068728557300856,-18.21992099746101,-8.726098103785324,4.552786680328489,2270.157926756984,4120.773565573771,0.036348936987704916,0.18657085299491882,3018.5104149889958,-417.9726603801023,-0.03690485656261444,9,0.192,0.8837993144989014,0.21845975518226624,632.8125,68.90909070316368,21,0.000497627187754203,0.5151166915893555,-213.35634257014183,132.04910460744819,-52.24950570874775,-13.833000692974023,-44.034815516456085,-44.18542096623554,-64.28539669197727,-36.05173758468594,-60.53146926553883,-10.992448316175942,-16.46554154236089,-12.554211103867129,3.89504829790239,2333.62032628443,4350.922131147541,0.0352843237704918,0.12002189457416534,3070.559777844801,63.462399527445996,-0.06654895842075348,10,0.11733333333333333,0.7816851735115051,0.3405660092830658,656.25,39.795934711786416,21,0.00014927115555369623,0.45195841789245605,-239.91239974423408,138.6423955923471,-59.74838912291665,-13.882603699794064,-46.29884122480762,-38.94937985389615,-66.02952369318015,-34.147944188158085,-65.82362664136211,-16.875910134885242,-23.18418096811391,-15.68436814430732,-1.013322743561221,2569.3370049257364,5177.382172131148,0.040919569672131145,0.0844917967915535,3165.64224166689,235.71667864130632,-0.03553009778261185,12,0.608,0.7744724154472351,0.3358897566795349,656.25,29.761571625636485,22,0.00029360978777872237,0.6535013914108276,-263.56558028442646,137.75481683707847,-63.28836905599045,-10.800809901987195,-51.923363791345906,-33.85164204696162,-63.648909187752544,-37.0360717837071,-64.01455395861322,-12.644046259598321,-22.368336490152338,-22.858335245892746,-4.424472650267261
2.3893,2,20,4040.1590615159876,8246.875,0.08226996527777777,0.10739283263683319,3884.0994434095624,0.0,0.0,8,0.448,0.4899221360683441,0.602424681186676,585.9375,22.98161282919086,41,0.04804430558591572,0.8970177173614502,-218.9191009706093,95.45762760477992,-82.98709182650113,-5.170325919257214,-60.125347357252565,-11.977124620737136,-56.55834250218423,-2.554858325095686,-52.06970874256343,-7.413790540500852,-15.741459488693993,-15.020659270272775,-6.308263221031125,2450.0373738361327,4396.875,0.03982204861111111,0.15323302149772644,3063.467517210146,-1590.1216876798549,0.04584018886089325,7,0.07466666666666667,0.7843035459518433,0.3329419791698456,632.8125,52.632867839809585,20,0.0002303187406326702,0.46538203954696655,-201.67433879053755,133.07746314356717,-65.43533562588088,-11.50664300879565,-51.23647108278219,-37.250732236424945,-68.35910013817684,-29.367994206291947,-55.45666457807186,-16.46768343506244,-8.07983773070319,-14.13763246136607,-0.5019668861917653,1989.4982029916994,3497.3958333333335,0.03446180555555556,0.16175433993339539,2798.346584773577,-460.53917084443333,0.008521318435668945,10,0.33066666666666666,0.8255666494369507,0.2655102014541626,632.8125,54.560657680128344,21,7.138509967480767e-05,0.5091439485549927,-228.6214067245714,144.03310149917172,-53.01481367582739,-16.715981812441676,-48.309472375585855,-38.58227773358512,-65.01730848456378,-35.10049735342183,-61.88605428860901,-24.89076384919405,-12.756649005942807,-14.108026206604306,-2.136015708436832,2105.4995187417735,3892.7083333333335,0.035655381944444446,0.11459331214427948,2942.2092558411077,116.00131575007413,-0.047161027789115906,9,0.192,0.7317879796028137,0.34013423323631287,656.25,34.641744506918144,22,0.00012977761761895346,0.604630172252655,-243.2639514235371,146.55193136601412,-55.79166631753794,-10.680701098424334,-43.676379249427065,-38.347329232879396,-67.2809200855691,-30.400649965301405,-64.02463020911297,-25.877599959777307,-20.49642930676202,-22.83274977613221,-10.357543584386416,2347.174444585009,4358.854166666667,0.04187282986111111,0.10679895430803299,3026.941885992433,241.67492584323554,-0.0077943578362464905,9,0.021333333333333333,0.7008835673332214,0.3888241648674011,656.25,33.10783419799651,21,0.00019007368917959604,0.4945164918899536,-222.67108724587993,143.52654771354807,-66.50947758330659,-15.55936197121959,-45.661850599524286,-34.62597433837477,-63.25068920802079,-30.31434290489963,-59.087362428764635,-19.936811228145995,-24.55658495995354,-24.842628151080806,-12.140868589307626
2.1547,2,20,3876.866120847082,7792.682926829269,0.08237661966463415,0.10843111574649811,3642.429452995874,0.0,0.0,7,0.39466666666666667,0.5146302580833435,0.6370048522949219,609.375,25.74353501519241,16,0.05151177718475914,0.8931694626808167,-209.37187654178288,99.60489680365978,-92.6743970694807,-2.989582729123264,-59.34162252855976,-10.512639349231186,-56.63111635064228,-7.630564337298408,-54.71721064755461,-8.475419100498815,-16.526980845705364,-16.293024134844828,-0.654648191049793,2495.7342209659305,4745.236280487805,0.04139672256097561,0.1357908695936203,3148.4781802366247,-1381.1318998811516,0.027359753847122192,4,0.2773333333333333,0.8039013743400574,0.30274662375450134,632.8125,48.69520594417275,20,0.0004960088723409122,0.5700834393501282,-220.2958485511405,129.61140268728212,-65.35983660018016,-9.356222596343107,-51.914074425797004,-39.636996409722315,-65.49302873686,-28.715982559223647,-57.346937112661614,-13.253119960153619,-4.861384104884833,-13.181997630860925,4.854877779757039,2528.4732522233458,5099.657012195122,0.038050209603658534,0.11144226044416428,3083.4641161432455,32.73903125741526,-0.024348609149456024,7,0.23466666666666666,0.8590026497840881,0.2625938951969147,632.8125,33.04513949750962,21,0.00016113395966088422,0.5962361693382263,-233.3746860810998,130.27659274378874,-66.50356111780629,3.777615690016359,-45.79319860067606,-38.38587590949822,-64.06631682061256,-30.77379361741651,-63.78389444981084,-24.828124003753608,-16.818448093726285,-19.134009593042407,-1.3374003478505445,2237.868717395231,4209.6036585365855,0.03727610518292683,0.1092958003282547,2944.864255701878,-290.60453482811454,-0.0021464601159095764,6,0.07466666666666667,0.7269279956817627,0.34641000628471375,656.25,33.255200257667866,21,0.00019983233495547085,0.39465945959091187,-241.96256029465994,138.87546165661394,-56.06000412482796,-9.81458695498235,-32.86699115572033,-38.351173781566985,-64.84080122500923,-34.60275280589461,-59.884563607212954,-21.704633543542524,-12.36331977812318,-20.067825924281973,-7.128702268547588,2386.4864345137335,4665.205792682927,0.041194264481707314,0.0952451229095459,3053.4849730068554,148.61771711850224,-0.014050677418708801,5,0.021333333333333333,0.6512253880500793,0.43032872676849365,679.6875,30.598859494075775,6,0.00019811040884114178,0.5246403813362122,-239.79942828797735,140.30062790289472,-64.00312587477285,-2.897629989636475,-51.04298769536348,-40.88156118197056,-63.96867751999764,-28.93425475896461,-62.37291708212083,-19.831970191122156,-19.88685951665873,-27.467705214276204,-10.963281603578597
2.1547,2,20,2546.4370366209987,5168.254573170731,0.0487328506097561,0.11999497562646866,3106.5019063008754,0.0,0.0,5,0.26666666666666666,0.6712620854377747,0.45784375071525574,609.375,40.985559458674025,20,0.05767519173990231,0.512016773223877,-247.88175166229107,118.22734133556719,-59.367621683668894,-19.81481670105364,-56.85793808416757,-36.65151730797367,-56.717452618307895,-16.07272462162837,-48.592737865123645,-7.2535758647217845,-5.747515659589229,-15.482357419901351,0.7293880294160212,2301.277184476765,4153.582317073171,0.040003334603658534,0.1268298625946045,3027.6715255017853,-245.1598521442338,0.006834886968135834,5,0.416,0.8349819183349609,0.2716250717639923,585.9375,42.47948594876887,20,0.00013175178739336591,0.9970172047615051,-242.73916200682407,135.9115167386555,-63.17076214251431,-11.133449500608336,-46.2956214392518,-34.751920252335566,-69.89310948248159,-31.964381603807,-65.69010252186075,-20.30211420000773,-7.158074444317092,-15.710761749529686,-0.32670461369418724,2302.11090911996,4179.306402439024,0.03813357469512195,0.1289484053850174,2990.3961893392675,0.8337246431951826,0.002118542790412903,6,0.4053333333333333,0.8071324229240417,0.31022852659225464,632.8125,38.927022223990946,21,0.00023602615306718427,0.9158369898796082,-226.20104944030564,137.2556136717488,-62.74528768779518,-2.740105918808629,-49.32177579867917,-41.58849800824597,-65.64837107826176,-31.459386825641182,-61.17718106484517,-21.11829853169378,-14.152557830992603,-19.45413699796151,-9.044114212888328,2490.5875080067303,4774.961890243902,0.04025342987804878,0.1178121343255043,3124.249321141966,188.47659888677026,-0.011136271059513092,8,0.33066666666666666,0.8113104701042175,0.29559239745140076,656.25,38.66285134127598,17,0.00035637023619850716,0.5933848023414612,-222.24378453180702,132.04912189268236,-57.47917317068172,-7.435185614746205,-41.226149325876236,-32.52500359391422,-59.11491450178769,-35.516494187938676,-56.44005386350771,-18.440963914082378,-15.745724398718359,-17.670514135595877,-8.377003870597497,2814.6258500050453,5715.891768292683,0.046029439786585365,0.10452841222286224,3404.7592550913855,324.038341998315,-0.01328372210264206,7,0.021333333333333333,0.6394514441490173,0.458059161901474,679.6875,29.14705308028556,22,0.000720133544214036,0.5559367537498474,-224.99509448272644,131.87425519672894,-64.65750868093414,-3.2314015374527107,-46.28210892853185,-37.87071438456152,-68.10131639573538,-25.012341306265114,-63.87825891275135,-17.757270411145115,-19.838879269806352,-22.091108655512148,-13.823398324072421
3.84,2,20,4665.552821140186,8888.270547945205,0.10730816566780822,0.07640781998634338,3814.681361070726,0.0,0.0,10,0.64,0.4413311183452606,0.7021201252937317,609.375,16.881148015135615,42,0.032652423537868486,0.5333379507064819,-234.61249602838188,74.89663128135042,-81.50395193747994,11.03019386020532,-40.65672760066718,-8.384867749548214,-50.22122805583328,-2.0914524260481846,-55.428639333796866,-12.344759070173744,-19.713272793241586,-15.91379872211853,-1.816461274345422,2715.7185920941483,5450.663527397261,0.04439346104452055,0.22275665402412415,3357.85912553973,-1949.8342290460378,0.14634883403778076,14,0.13866666666666666,0.8309605717658997,0.29125383496284485,632.8125,81.12501459375822,20,0.0002194765423569061,0.6711775660514832,-173.7504854113441,127.14184756341885,-64.02283941035056,-15.321595447741617,-58.1040229624982,-35.94911854062459,-68.00964438601987,-28.47674151663698,-59.03591241340382,-11.147130515405,-13.799182480843706,-10.036720078132886,5.546821400602727,2477.280133851461,4812.3929794520545,0.037443814212328765,0.191527858376503,3179.20400519496,-238.43845824268737,-0.031228795647621155,13,0.544,0.8537635803222656,0.2743085026741028,632.8125,74.7773845750255,20,0.0005212862707362443,0.5110636353492737,-189.58659888745265,129.5726492152563,-57.267089203257605,-12.45870752551802,-52.25058305595558,-37.3313939324299,-63.21653705484071,-37.627814155160785,-60.91634784106956,-12.064775420035453,-15.610512937123397,-14.776932301649305,3.030127221721709,2610.7725839520426,5208.904109589041,0.03980495505136986,0.13270121812820435,3211.4093260454847,133.49245010058166,-0.058826640248298645,14,0.7466666666666667,0.8364312648773193,0.2651810050010681,656.25,48.2238734407061,21,0.00019713905950714705,0.795196533203125,-225.92573724519443,127.04310468016378,-48.16970200796036,-6.426064415939683,-48.349509068729276,-37.176771240775366,-60.12217841877912,-37.79601983648902,-57.17420849702697,-17.78924521456181,-17.992882076599596,-15.423419491867351,0.6696178181714044,2351.3096392832863,4616.545376712329,0.0395775363869863,0.10805577039718628,3096.4571658602845,-259.46294466875634,-0.024645447731018066,9,0.042666666666666665,0.79120272397995,0.32381919026374817,679.6875,38.91467750031292,22,0.0001206458661818434,0.5374059081077576,-241.96939148434578,140.29448301454244,-60.74528082846829,-12.121784858801997,-58.21635214052377,-34.27076561434951,-65.63578545321403,-38.00445287451326,-64.59718845932566,-12.849333213665714,-19.872114628408767,-23.942062141094684,-2.6782495273110336
3.6693,2,20,4639.967080120441,9399.45652173913,0.09532806838768115,0.08808775246143341,4040.4941359335476,0.0,0.0,10,0.5226666666666666,0.4969755709171295,0.6551347374916077,609.375,21.83305475705355,20,0.031112585710312998,0.587579607963562,-220.8257941329639,83.64029757276147,-78.81154851781281,2.445012595814779,-49.340565850628394,-7.673439662370435,-55.099701615515094,-3.8804748387664794,-49.96626364648223,-6.073479586521488,-23.70364887955018,-16.209836111307478,-2.6966007357811406,2679.2417478684483,5258.83152173913,0.043181046195652176,0.19414465129375458,3350.454161161498,-1960.7253322519928,0.10605689883232117,15,0.21333333333333335,0.8251054286956787,0.28463125228881836,609.375,74.13174095142772,20,0.0002932941207573591,0.5397676229476929,-185.0771867385031,129.0869922992413,-65.60512940191799,-16.89058357692465,-57.72192502251609,-39.48248742868647,-65.89722450083444,-25.201560401131477,-59.75879109851619,-9.49612669725624,-13.67014555612766,-11.208301102901284,4.9719025024776276,2421.508865633191,4506.114130434783,0.03759057971014493,0.18520675599575043,3212.2793539240056,-257.7328822352574,-0.00893789529800415,11,0.608,0.8754030466079712,0.227290078997612,632.8125,69.76201293552789,44,0.000495521801209689,0.48094871640205383,-210.28137517668057,129.7040576153924,-54.41897920532027,-13.99791335814675,-46.57976372560007,-40.57768812520841,-66.61429992074281,-33.53376540553249,-61.62738346008993,-13.769294339520581,-15.626991342835073,-13.097720853761466,2.820704221251806,2324.599824663945,4583.899456521739,0.034908571105072464,0.14743290841579437,3248.3709948600253,-96.90904096924578,-0.037773847579956055,14,0.18133333333333335,0.836904764175415,0.2635514736175537,656.25,55.092593532003676,22,0.00033422447622556695,0.6136963963508606,-223.36498820372185,139.13141749175364,-47.390968551312575,-17.149928918301608,-47.49769663873618,-34.73021523402966,-69.34299353268365,-34.54957094361334,-63.667861758738084,-15.374877455170282,-21.28996352318719,-20.556289795706327,0.027997740641302348,2603.554526160706,5117.527173913043,0.043357959692028984,0.10364078730344772,3256.753873951716,278.95470149676066,-0.04379212111234665,10,0.5653333333333334,0.7286334037780762,0.36200588941574097,656.25,34.11267972901615,22,0.00018305667123539232,0.3791719973087311,-234.82765718817683,138.22678400784116,-56.586245256003636,-14.545921165070023,-53.494288184736355,-39.66028804774022,-62.25175781170699,-27.426621233663553,-60.917790979756084,-14.925249515789362,-20.630821724006175,-22.742873290018863,-4.787116982015707
2.816,2,20,3238.048399796168,6719.044811320755,0.06785266804245282,0.09782159328460693,3447.7414710936964,0.0,0.0,7,0.544,0.5242166519165039,0.5934655070304871,632.8125,22.986028199939142,38,0.039440738227730705,0.9914007186889648,-228.98632102349058,118.69027302966661,-81.23819858127834,-17.688858101229652,-46.37095967887287,-15.520409811690344,-58.66680466688753,-3.4458008473174204,-47.57341258576305,-15.387374087176875,-11.0609208081279,-7.747166710920627,-14.545755118306623,2410.1021750442924,4683.520047169812,0.03635392099056604,0.1653721034526825,3254.1740145947783,-827.9462247518754,0.06755051016807556,9,0.448,0.8050594925880432,0.29839253425598145,632.8125,57.46465293944881,21,0.0007142465488658617,0.6251208186149597,-208.18267369787873,137.3640872365257,-53.09906625095581,-18.911765892167505,-47.34253911249714,-34.68005000484948,-69.8557735107702,-25.84984619128946,-51.6847467301997,-21.835734633365327,-12.590347329995417,-10.028411270834628,-8.634598786508608,2103.507801382113,3965.3596698113206,0.0358287883254717,0.17090129852294922,2899.799537746988,-306.59437366217935,0.005529195070266724,7,0.256,0.8057736158370972,0.31335365772247314,656.25,61.80843254085252,22,0.00019727125732966273,0.5063753128051758,-217.11144829014685,147.53528676547452,-48.54182440812678,-20.622263568053402,-40.30035586703467,-37.56242210373279,-63.13092380376917,-32.776088448872564,-64.02380183478559,-21.461150802270616,-11.24213831909645,-17.46664641392508,-14.49759864147124,2064.7497349493838,3577.5353773584907,0.03708173643867924,0.11581707000732422,2886.975394718551,-38.758066432729265,-0.055084228515625,10,0.26666666666666666,0.7573413848876953,0.3332177996635437,679.6875,40.8340386817565,6,0.000128925656284899,0.45407727360725403,-249.0925728980036,151.68998414583143,-43.18090893996875,-16.537723994869765,-49.491677791848026,-37.863476698949825,-65.17615148410752,-29.01219109770471,-57.6043029129899,-25.106014712894318,-15.75569202249004,-19.293523499653002,-17.143035750257127,2487.081797379758,4655.218160377359,0.04346624410377359,0.08581603318452835,3213.63055414856,422.3320624303742,-0.030001036822795868,10,0.33066666666666666,0.5204868316650391,0.5640870332717896,703.125,22.632175842717878,23,0.0006014140289776343,0.3208838105201721,-248.32476738513802,147.1122984388835,-59.505747133456026,-13.554001216214143,-52.6306370551864,-35.88925532455888,-67.17193345871823,-21.507298808207604,-56.59697771439359,-17.04893292146545,-22.28860852351924,-21.74513924810626,-16.525518469475863
2.56,2,20,3677.8635592388537,7758.290816326531,0.0675522161989796,0.1319621503353119,3784.2143745599283,0.0,0.0,7,0.39466666666666667,0.6102827191352844,0.5141198635101318,609.375,38.178399724248045,20,0.04346625103959108,0.7561467289924622,-191.67022396576783,103.7343854751758,-80.3205379254054,-6.439454217332424,-61.39223828102976,-13.588505545149559,-66.35921704876954,-9.521996889247745,-51.82077664902888,-9.36803832931169,-14.475904852469945,-15.464160089576755,-1.0313972250023133,2385.1367805842874,4432.0790816326535,0.03806600765306122,0.2263043224811554,3040.7668163848243,-1292.7267786545663,0.0943421721458435,5,0.288,0.8436474800109863,0.2705869674682617,632.8125,76.96252390232722,20,0.00039950420428932717,0.6436334252357483,-173.55684145786424,138.3115924548051,-65.4101810668173,-13.482278800815113,-57.22726247803181,-40.910369235711904,-68.429354788732,-28.8018293170494,-62.08271297925859,-14.373253760966131,-8.202439307764992,-13.634832258666966,-0.8584600440066775,2138.2495767757787,3808.3545918367345,0.03463807397959184,0.19282004237174988,2952.8485676165087,-246.88720380850873,-0.03348428010940552,7,0.17066666666666666,0.8423129320144653,0.2546948492527008,656.25,71.0610506562917,21,0.0002654162447075425,0.6168246269226074,-197.74142066345036,140.88654927402513,-54.40397025414402,-11.734863717212063,-42.754438955113244,-43.02411449783888,-66.33287033767937,-34.005325240717596,-62.4669730414922,-16.79102258394496,-10.944223475753923,-18.93046493435574,-1.0907645658799823,2311.297980756821,4549.744897959184,0.03952088647959184,0.14859400689601898,3116.7495157118324,173.04840398104216,-0.044226035475730896,6,0.3626666666666667,0.7733415365219116,0.3158814311027527,656.25,54.029373802522585,22,0.0002925306036910456,0.6140840649604797,-215.1439149738379,138.7253508096315,-53.66967232768883,-6.921118948540626,-43.82314985958606,-39.21912730068418,-67.42099921052554,-33.9529274622564,-64.46853534745449,-20.674410903190193,-18.559881406915228,-18.937945026785254,-8.775595239092281,2613.434494062497,4761.639030612245,0.04569913903061224,0.11668062210083008,3203.0018763293183,302.1365133056761,-0.031913384795188904,4,0.32,0.6237941980361938,0.44551947712898254,679.6875,38.27525632470147,6,0.00022855421418384417,0.3087344467639923,-229.8743906316463,128.28711847977704,-54.415841752782306,-1.3490592266676598,-45.9436305449478,-42.96000861735101,-58.112976092941466,-29.235984636570088,-63.25131332905537,-16.908367217964834,-18.49259715871157,-23.03152185850148,-14.942653742524294
7.1253,2,40,3786.5197481924815,7549.148787313433,0.06950355643656717,0.1272011250257492,3650.7368872203047,0.0,0.0,19,1.024,0.6966350078582764,0.4309593439102173,609.375,36.9629435272375,20,0.016862619710044487,0.5754499435424805,-208.34830159847203,100.53517065664487,-69.69191329242163,-8.955533108882449,-52.90806913609835,-20.992490612322968,-54.18271718357239,-20.90967223386261,-57.336992136709654,-8.269044319608152,-15.373314653095111,-15.187838398767493,3.005048792584367,2219.9352521864826,4068.505130597015,0.035812150186567165,0.15556563436985016,2937.867163346485,-1566.584496005999,0.028364509344100952,27,0.8213333333333334,0.8437832593917847,0.2708170413970947,656.25,55.269073493431,21,0.0001490488490957263,0.39513981342315674,-221.65595148047927,134.85118489075066,-54.574602364604075,-14.579584269862321,-46.97185319303813,-42.74038360612073,-59.27902392811306,-39.687903160059555,-62.38882662256841,-15.551450912272895,-16.97102003816261,-17.168988472187234,-0.8805377788473093,2862.9344250674476,5575.676305970149,0.052934788945895525,0.0674629658460617,3365.005396218438,642.999172880965,-0.08810266852378845,24,0.23466666666666666,0.6223622560501099,0.478777140378952,679.6875,17.10222991961975,22,0.00031733808441307594,0.5243809223175049,-250.20108284236403,133.27061603538408,-74.40913422131223,-6.8992084425380105,-55.55374586657087,-37.250976624651784,-65.06511012832328,-25.304089221118495,-62.99908905925224,-9.210375891552479,-23.26528900207172,-28.06300631060979,-12.42400156897391,2726.9470266161716,5220.265858208955,0.05351781133395522,0.08131305873394012,3232.796482884325,-135.98739845127602,0.013850092887878418,26,0.8106666666666666,0.5249844789505005,0.5512976050376892,750.0,17.088888810815455,23,0.00036883299023818386,0.3856990933418274,-241.46708452361844,135.1761418129985,-66.13652187104464,-17.950920015873574,-54.06625301432291,-42.990366280403805,-57.51760012810928,-22.015356998892464,-48.5387026864039,-2.757461779379082,-17.302935906386306,-22.97592052548318,-13.901385695380533,2799.7996689195434,5249.1254664179105,0.05652766441231343,0.07668469846248627,3286.7511656417373,72.8526423033718,-0.004628360271453857,17,0.7146666666666667,0.5795109272003174,0.5200022459030151,843.75,17.389867272175216,25,0.0002646649361156537,0.41378024220466614,-238.97064710323124,136.18328656934804,-69.67989267615962,-26.049984971380848,-54.16715159035934,-42.70789036882457,-60.38166127861229,-10.1903095725429,-39.030760191873384,-1.5275589923096191,-22.32497676617092,-25.86127789085361,-15.236314713340143
7.168,2,40,3593.473762582781,7139.583333333333,0.07192201967592593,0.14976656436920166,3541.9955178544315,0.0,0.0,25,1.0026666666666666,0.7407029867172241,0.3911554515361786,609.375,47.716306395434906,20,0.01741616849064874,0.5729057788848877,-199.13278273209107,104.64436365085439,-73.77643203750925,-9.292546447731205,-51.74027749560085,-24.054264088903302,-59.94385723981958,-21.079373357834058,-57.83367622665173,-8.20490990383576,-16.848000954669523,-12.407727531636482,2.291019791882693,2265.0526207328035,4203.125,0.03663556134259259,0.133818581700325,2895.89645691169,-1328.4211418499776,-0.015947982668876648,24,0.128,0.8300055861473083,0.2861657440662384,656.25,47.051749554152124,20,9.753402201423191e-05,0.4378149211406708,-233.88127350771316,138.27868104538572,-53.41755407158546,-18.00179976581066,-42.807616190432086,-42.73803311795964,-55.92945200523257,-37.67176561625428,-62.03444159108018,-16.112918626530075,-16.978731373315146,-16.896247858849357,-0.8207321313040683,2655.197026701339,5228.993055555556,0.050835503472222224,0.06722930818796158,3200.8195925284435,390.14440596853547,-0.06658927351236343,19,0.08533333333333333,0.5487098097801208,0.5237038135528564,679.6875,15.822928062813599,22,0.00039176855104129166,0.32315942645072937,-255.49103700679692,137.39778657708678,-62.8877613396381,-15.578529286838684,-48.96756463880501,-37.941179448599215,-56.70733946955354,-29.698369363573004,-56.63272820345194,-10.87876943546416,-21.29697393470811,-25.17917622826421,-12.32840366179866,2567.5416331415213,4806.944444444444,0.05492259837962963,0.07899654656648636,3121.127260382271,-87.65539355981764,0.01176723837852478,22,1.3333333333333333,0.5065063238143921,0.563934326171875,796.875,17.002299402424466,7,0.00024335506251795783,0.4765382409095764,-250.00615316335214,144.82201118545663,-64.90454811705169,-23.142189597578735,-57.008320854953034,-44.51088110348571,-55.224775948058905,-22.341400656234622,-47.59877552235254,3.864742235456538,-22.786838467437615,-26.0510986550556,-12.65800553819117,2701.790651800485,4958.159722222223,0.054868344907407406,0.07270880043506622,3126.3101997204435,134.2490186589639,-0.0062877461314201355,24,1.0133333333333334,0.5900683403015137,0.5081698894500732,796.875,16.22470412017692,7,0.000276877965654102,0.4023761749267578,-259.289633893881,142.6305191369839,-74.7031535333925,-24.29847721577876,-60.01749960090534,-42.33373930717323,-60.237289365356204,-11.20412234206166,-40.01171538962825,3.2093161580836393,-25.74087138434272,-27.062592241907932,-11.662621470616857
6.336,2,40,3847.2248718961805,7844.2752100840335,0.07460445115546219,0.13584525883197784,3648.6939248218887,0.0,0.0,21,0.49066666666666664,0.7014371752738953,0.42552509903907776,609.375,42.76703544091151,29,0.019925187634440195,0.6463833451271057,-196.5550834549367,99.89763969814196,-71.99752337881674,-7.551166412203373,-60.212807063062094,-21.849304238479558,-52.67244636537783,-15.631966115235617,-55.18690806706328,-11.750667729730592,-15.044411849861687,-14.656175486923761,5.429921073803143,2410.1118090220093,4784.795168067227,0.03570607930672269,0.18791519105434418,3095.756885237883,-1437.1130628741712,0.05206993222236633,20,0.3626666666666667,0.8608853220939636,0.2561810612678528,632.8125,69.70948720393196,21,0.0001765145765597965,0.4718262255191803,-198.84676874763846,128.38789873751827,-56.43391762568028,-4.83667294191498,-52.6288617669719,-40.78217477664241,-60.275190815426384,-39.23650523768786,-63.952112386746904,-17.852997723873557,-16.70464492464103,-16.81618954578775,2.303977048305934,2750.518445296828,5538.734243697479,0.04739200367647059,0.09017521142959595,3277.2220853780204,340.40663627481854,-0.09773997962474823,20,0.37333333333333335,0.7505465745925903,0.33833491802215576,656.25,31.727274759378325,22,0.00039953676042902767,0.24459663033485413,-237.58050194387843,125.40353869216553,-53.75264012740242,-8.760506903783915,-45.08189105830048,-35.753910530933524,-51.23981202826207,-34.17596050188369,-57.55327294632279,-15.563170005207649,-14.699531666192144,-23.165576711613415,-5.774373763666016,2784.2106716911794,5341.3865546218485,0.05513064600840336,0.06454099714756012,3143.5057209230786,33.692226394351565,-0.025634214282035828,21,0.2773333333333333,0.5240329504013062,0.5426750183105469,726.5625,13.081195206681947,6,0.000357278015194781,0.34010353684425354,-248.58447278819267,135.3456921372687,-71.85436409672208,-8.00039710730011,-58.26507843793532,-42.59098673287603,-56.19110179378805,-22.699795774113497,-51.85419909301525,-7.331891078614127,-17.26915790111711,-31.073730865922403,-15.514804787847936,2735.746789401136,5222.623424369748,0.05431821165966386,0.06951749324798584,3191.8722200822617,-48.46388229004333,0.00497649610042572,22,0.11733333333333333,0.6844501495361328,0.43345680832862854,773.4375,19.032588972020644,7,0.00035352131577511475,0.5222534537315369,-255.455446299939,137.67513549575628,-73.41982837510147,-16.879504030579973,-60.6257180967506,-41.91844356781177,-55.9305929121421,-16.50083281735394,-48.33874580824698,2.2511520087275,-18.686786380077525,-25.408872429774885,-11.640154890116802
7.104,2,40,3336.0386257550904,6383.745335820896,0.07131456972947761,0.1285623162984848,3413.1664875152173,0.0,0.0,21,1.0133333333333334,0.716360867023468,0.40736696124076843,632.8125,43.01494965925244,20,0.01784242860220729,0.5879786014556885,-223.7224182432234,109.22690003263934,-70.3366782004113,-14.738063642422786,-42.76879455987462,-25.149079266743886,-61.84507944313009,-18.276185425108903,-53.41077946028447,-12.851325009103817,-12.545989724784834,-9.25370718299519,-0.8530642412337035,2317.3341763125413,4359.549906716418,0.037521134561567165,0.1203722283244133,3076.4208606374623,-1018.704449442549,-0.008190087974071503,21,0.6826666666666666,0.8210141658782959,0.28118324279785156,656.25,46.84913298946256,6,0.0001409646590695432,0.41738688945770264,-248.8185971959661,133.61969593659188,-48.73942763133214,-12.700693440541153,-41.70688900844347,-45.52008921572173,-63.26486446263073,-35.39850832734311,-61.058856333983606,-16.22519771641263,-15.421997845893161,-12.537383973378937,-2.2329223778935363,2654.6851113567236,5049.556902985075,0.04872245219216418,0.07985727488994598,3240.850127584403,337.3509350441823,-0.040514953434467316,23,0.45866666666666667,0.5752381086349487,0.512596607208252,679.6875,21.510709434278088,22,0.00039319164752833264,0.33733388781547546,-241.84474278242325,134.8918693299171,-57.877502709991575,-18.157610526211442,-47.05386094252643,-34.39802814427034,-61.33498666368244,-28.337413126677305,-53.3502901426314,-11.207919666344987,-19.826002905430983,-26.635888982187595,-9.250312789019096,2744.703713025643,5311.567164179104,0.05525959071828358,0.07074787467718124,3349.0380467533796,90.01860166891947,-0.00910940021276474,26,0.6826666666666666,0.5658578276634216,0.5261478424072266,773.4375,17.870616264746726,24,0.0003419752028158401,0.34392571449279785,-255.31671437275617,142.01270891678826,-61.86362062727834,-27.478152702745124,-51.30295187433503,-35.82988435132652,-61.82061670298646,-18.579098940522808,-45.75465955726202,-0.8563931690604626,-21.783429216579393,-25.0368685833293,-9.232170403977232,2955.3136362480936,5925.664645522388,0.057930562033582086,0.07655118405818939,3417.7080793548803,210.60992322245056,0.005803309381008148,22,1.3013333333333332,0.5274927616119385,0.5644540786743164,843.75,17.679945210998117,7,0.00037209532252209597,0.6670498847961426,-248.7171248620857,134.2865422719352,-68.30340196340423,-23.13823469214583,-58.58005919775748,-38.5377892141336,-60.92534904829163,-9.549688604080801,-40.14032118236051,-0.9822609452150874,-21.6655418512889,-26.910953033336042,-9.02216314655619
7.04,2,40,3856.0471079526833,7451.539003759399,0.0781727267387218,0.1630324274301529,3665.9540747135934,0.0,0.0,18,1.344,0.7009791731834412,0.42249795794487,632.8125,45.87789712375807,20,0.016848103274938478,0.7650055289268494,-175.9290357646563,100.15410071466333,-83.95259133034783,-6.155477029433645,-53.852311501483534,-17.94605322330129,-63.43628220401628,-17.94614285639092,-57.46911421946712,-10.538562634287885,-17.27002385227394,-13.696269027813864,2.3707131649423503,2399.936877811044,4811.736372180451,0.03711671757518797,0.15506872534751892,3122.330393179367,-1456.1102301416395,-0.007963702082633972,19,0.07466666666666667,0.8488674163818359,0.25803858041763306,656.25,56.59629859163631,21,0.0002624494609691115,0.40562704205513,-218.14849638334255,131.0688270293337,-52.35068264673387,-10.856615250933979,-47.52095278908382,-39.65483749283594,-63.57420571150726,-37.538446653814184,-60.786798753867416,-16.647842783817485,-15.812496312352302,-18.630197734177678,-0.36859160707038896,2914.993436146566,6012.687969924812,0.05301706414473684,0.07522720843553543,3477.403764703261,515.0565583355224,-0.07984151691198349,21,0.05333333333333334,0.616481363773346,0.4702601432800293,679.6875,21.469000662616363,6,0.0003809401089807571,0.3890228569507599,-247.47952720147435,128.87910731479053,-59.8560822817512,-10.739918852305879,-60.47474129480451,-32.01540401986255,-58.80239087110869,-29.76154798632913,-56.80790461745052,-9.494504925080884,-19.57402148680616,-27.77502829561527,-5.931974474780941,3042.8793147252077,6189.790883458647,0.05617070018796992,0.07576283067464828,3436.810257002404,127.8858785786415,0.000535622239112854,22,0.6293333333333333,0.44961878657341003,0.62978595495224,820.3125,14.716504683571388,24,0.0003942968350193738,0.41179633140563965,-235.61775733331328,132.82625490285878,-68.38785059481422,-13.508165870365975,-62.85847207504746,-35.71769827550836,-61.13381146459505,-20.405534756294113,-46.888411251655626,-1.5191087054662749,-21.773967064584465,-31.677945715634635,-9.812374177821397,2976.818037199326,6023.261278195489,0.05398261278195489,0.06990807503461838,3415.218941360981,-66.06127752588145,-0.005854755640029907,21,0.064,0.6276055574417114,0.470866322517395,796.875,17.117960037541277,3,0.00036423361373827845,0.346479594707489,-249.01154036640378,129.14910249422738,-64.7379612500373,-18.2836224706332,-59.03816603461508,-40.555684628757625,-54.57728712034711,-12.105611661178022,-35.4821664105111,2.920698733913618,-20.024841696549302,-22.77708378506737,-10.911428399448736
7.0187,2,40,4174.62297195478,8496.09375,0.07695608428030302,0.14496414363384247,3968.2107116445427,0.0,0.0,25,1.1093333333333333,0.7250990271568298,0.3987395763397217,609.375,50.2516536660797,20,0.018741518938656252,0.49717986583709717,-185.81234149708015,98.55334367373035,-74.79492589283925,-8.536332636321431,-55.49839229208634,-18.125982347797205,-61.037246667929935,-16.161685879021956,-56.17073979382978,-8.582212687097375,-21.01144244382269,-12.919546389619649,5.540331349365391,2339.6520462336143,4441.40625,0.03626967921401515,0.14834007620811462,3048.252458931052,-1834.9709257211657,0.0033759325742721558,26,0.3626666666666667,0.8450363874435425,0.26987776160240173,632.8125,51.62316961564611,21,0.00017606739044759469,0.33959370851516724,-221.9130000373669,133.31802404112264,-53.56357777409328,-12.707431770236836,-45.832874859928936,-41.883783660551906,-61.621342816047616,-37.7469306969801,-59.59151952358409,-14.892539947102478,-18.17788062248412,-15.491157297092808,-0.6738399898494544,2231.5460005011264,4180.042613636364,0.04087136008522727,0.09575551748275757,2933.007369014155,-108.10604573248793,-0.052584558725357056,23,0.448,0.6482029557228088,0.4302355945110321,679.6875,31.14204564235286,6,0.00024184896629602458,0.3298873007297516,-250.97228285030243,144.65080058459148,-55.13883054613991,-18.615466866550452,-50.90994788645748,-42.33100861667802,-55.81702532252987,-35.82991612983845,-55.343479737194045,-12.258860385792032,-20.721139459604537,-21.39056098373932,-10.043901172458295,2681.969277167959,5193.181818181818,0.0526123046875,0.0721573531627655,3197.5062250609044,450.4232766668324,-0.023598164319992065,22,0.05333333333333334,0.5065687894821167,0.5726741552352905,773.4375,15.747246990678775,7,0.0004115249672728625,0.34890055656433105,-251.1769965208673,141.51552138445822,-64.38229848846478,-19.306968894347175,-55.09363551778145,-39.98663856339958,-56.819935130389666,-22.714722101922895,-49.618003834239225,-0.9043571111935497,-24.886887459647838,-26.322602826811032,-11.119022182364436,2786.23654902438,5390.980113636364,0.054132634943181816,0.06545408070087433,3362.3356278350316,104.2672718564213,-0.006703272461891174,22,0.7146666666666667,0.6429080367088318,0.4611746668815613,773.4375,15.902461066616189,3,0.0003649016871901527,0.25046804547309875,-260.1771456628715,134.38387640282664,-61.20962466572643,-27.27294526494727,-54.740578797392374,-38.386656937620266,-52.6485192523567,-10.347083470165288,-37.379486240385255,1.518702942320136,-19.321194620193488,-24.694870647547877,-12.060444389075458
7.8293,2,40,3694.840840916774,7583.386479591837,0.06851881377551021,0.1593424677848816,3652.1672443608963,0.0,0.0,27,0.9813333333333333,0.7332940697669983,0.3960493206977844,609.375,54.55661636315082,20,0.01518016396092335,0.6163827180862427,-193.37319961332946,102.22909125088135,-71.26835473669564,-7.844356428777141,-56.739300934029345,-22.655318605858188,-56.214459581707416,-19.534510704062125,-55.23971887821686,-9.191004696542793,-16.795613628725405,-13.504663570461403,4.075946835506285,2351.2090443933744,4492.665816326531,0.037923177083333336,0.15207071602344513,2988.0620012287995,-1343.6317965233998,-0.007271751761436462,22,0.10666666666666667,0.8460050225257874,0.26662755012512207,656.25,57.1073359647814,21,0.0001347902778152174,0.4366709887981415,-222.62289610439134,130.42510348469213,-55.0740565835349,-14.462614785666775,-45.77819525426391,-43.382722986635976,-58.83022080384582,-38.26617187088558,-59.26688634603409,-12.978725813697638,-12.348851045793127,-16.46121057434375,3.7760331223404022,2816.51226652476,5662.468112244898,0.050103635204081634,0.07150310277938843,3370.4677064288826,465.3032221313856,-0.0805676132440567,26,1.0133333333333334,0.5946884751319885,0.49326053261756897,679.6875,21.115499301940037,22,0.0003387098418195433,0.25371426343917847,-256.04907992591797,129.287391710095,-56.27612879192047,-14.508604102419401,-48.87225114712057,-36.02322646372941,-57.555216596914796,-29.695075155247125,-53.523815489279144,-10.048647610800213,-18.026251565427653,-23.843516359447168,-7.039076930737885,2922.931127174123,5768.0165816326535,0.056318425807823126,0.06198597699403763,3376.036563883761,106.41886064936307,-0.0095171257853508,23,0.37333333333333335,0.48104584217071533,0.5943824052810669,679.6875,11.290430681339693,6,0.00041148215169850826,0.3648664355278015,-252.27148942343288,133.59058508915192,-73.09177594282407,-9.506498335941126,-64.34147510754322,-33.74975353414981,-64.88485646346886,-25.14125460853145,-52.29717778580169,-8.333410608752711,-21.740554532169593,-29.4619523181079,-11.217367583603888,2958.676069321524,6112.244897959184,0.05415603741496599,0.07862520217895508,3509.2969307139756,35.74494214740116,0.01663922518491745,32,1.5253333333333334,0.6070820689201355,0.4910496175289154,843.75,19.30601064046183,7,0.0003508591745723843,0.8600738048553467,-240.66985501968261,131.08807439287642,-61.5792552266309,-19.658431425762274,-66.4609806910799,-38.12982238568947,-61.10168163377437,-16.367571183783962,-40.408199609338254,-0.09285643227203114,-22.430316880340662,-28.41001165837551,-13.647533122426486
5.3973,2,40,2611.720590385896,4851.5625,0.053466796875,0.13222956657409668,3026.758621237136,0.0,0.0,16,0.6933333333333334,0.793833315372467,0.30569425225257874,609.375,41.823253170042,20,0.0251625936418954,0.6495237350463867,-224.1479380790683,123.01429094911948,-72.15423606710613,-17.778648020504328,-40.332942927244545,-35.634642429048355,-57.20129261239399,-23.77703963081652,-53.597566210065,-12.149217347827909,-14.505045728972032,-8.427373369889036,-0.6527636575217819,2510.411031408403,4747.012867647059,0.04470645680147059,0.13892507553100586,3196.961785110799,-101.309558977493,0.00669550895690918,18,0.08533333333333333,0.7526540756225586,0.33924952149391174,656.25,42.711147437836125,22,0.0002534150404961551,0.4869716167449951,-203.65046469872487,137.51777170889088,-66.02635260703833,-9.34520691282953,-46.92330084911921,-39.68309203603369,-65.76028055827071,-30.511201261713815,-65.21137644627208,-18.14727512549331,-22.137715193070207,-16.57627359585157,-6.885375356293684,2414.6472728758695,4418.42830882353,0.04610906862745098,0.10210863500833511,3017.6720461345117,-95.7637585325333,-0.036816440522670746,15,0.5866666666666667,0.5348474979400635,0.5357832908630371,703.125,25.40688977287559,22,0.00045312403743975107,0.31406840682029724,-221.75794520484183,144.74615089529928,-61.989488288689515,-16.80047239987628,-42.64959050290698,-43.702471203207686,-61.21906433344799,-22.768869530895856,-50.316092874165506,-12.608658810955482,-23.242786968468288,-23.214505893430193,-8.779140519432332,2571.0967902226903,4943.933823529412,0.05144665287990196,0.08735275268554688,3227.005579583717,156.4495173468208,-0.014755882322788239,20,0.4053333333333333,0.6975319981575012,0.4113723933696747,773.4375,24.1165352401118,20,0.0004034993908834778,0.4040915369987488,-236.76825862217606,141.51541452476928,-63.6557568951153,-19.006722540124116,-53.546416338908436,-38.56539882203137,-64.20934322170719,-16.200198831232047,-42.13318860670919,-2.9730058217444393,-18.883325326449143,-23.275067166898168,-10.264956511053628,2704.350036316855,5101.10294117647,0.04952225030637255,0.08251972496509552,3219.680305896829,133.25324609416475,-0.004833027720451355,17,0.3413333333333333,0.6612906455993652,0.4423779249191284,796.875,22.31264291748233,3,0.00023339401131699798,0.3582990765571594,-235.93551416633017,137.2807886758795,-66.3920494796052,-21.225364210324923,-58.72270378721704,-38.79673366542272,-60.7188414906194,-9.261516575558629,-33.16791440733589,-4.142488516301372,-22.092101274152544,-26.20437498348756,-9.048012417049515
5.248,2,40,3052.481402772574,6030.30303030303,0.055718315972222224,0.17893613874912262,3277.624173484642,0.0,0.0,14,0.8,0.780598521232605,0.3316827714443207,585.9375,49.66368167143471,44,0.02254304085318844,0.628542423248291,-185.63545737705147,112.08565069560309,-74.79943148288721,-2.489886198479302,-58.330187999134516,-32.781376532306176,-60.954347747055095,-23.057903294109845,-60.11862365470844,-16.573888497184015,-10.82604524962118,-17.503785845941792,1.772251737050582,2424.246318681406,4680.397727272727,0.04143978851010101,0.11942380666732788,3049.4823326132846,-628.2350840911677,-0.05951233208179474,11,0.16,0.685225784778595,0.3939875364303589,656.25,35.16249430178137,22,0.0005124744495409981,0.46555471420288086,-219.30067121727618,138.4798836385909,-62.43618868465797,-2.754817334840074,-44.73731258877611,-41.770459355123556,-63.08828726260536,-31.202222627073898,-67.82143694625279,-22.299162359765884,-19.890519109234813,-24.751483280630154,-12.46830015614346,2792.9390578606326,5357.954545454545,0.058036418876262624,0.07052391767501831,3307.7854906523717,368.69273917922646,-0.04889988899230957,15,0.9706666666666667,0.550417423248291,0.5366266965866089,679.6875,17.27796878411159,6,0.0006914081727041763,0.47558051347732544,-243.17105655828635,131.33170262037916,-66.62494855934712,-7.822304609867043,-49.730567835579464,-39.5850637058264,-61.88721206214165,-20.933397551612995,-51.305848198551494,-11.410983437604445,-19.152444238390007,-22.117314921980196,-19.18597301159829,3009.77091252172,5896.780303030303,0.05781447285353535,0.07360377907752991,3387.6081959723965,216.83185466108762,0.0030798614025115967,15,0.8213333333333334,0.6593392491340637,0.4757634401321411,796.875,17.817936828397222,3,0.0004073343005528593,0.5562781095504761,-235.93090595116246,131.93696517618667,-78.19420497994238,-6.374770699282022,-57.884587971194996,-40.17459824913991,-63.13877781878498,-12.201158885506592,-45.28597539322902,-0.6682769761573942,-21.23478240645768,-24.351948283665337,-14.504714777375627,3078.3861711577188,5788.825757575758,0.05986130839646465,0.07725214213132858,3429.8692096416953,68.61525863599854,0.0036483630537986755,17,0.4266666666666667,0.6385343670845032,0.4776887595653534,796.875,18.79734995185352,3,0.0005333667801786179,0.4147610366344452,-234.84853715195507,127.27082621261853,-71.84832151938954,-7.92717930716948,-57.15065951567622,-44.365532181032975,-60.293741493651275,-4.577586786939442,-41.564259101994836,-2.923169003111399,-21.271692003599682,-25.246255294962523,-13.336526648975143
5.248,2,40,3105.894108652476,6101.089015151515,0.05722754892676768,0.15430569648742676,3330.8960854934417,0.0,0.0,15,0.5866666666666667,0.7287725806236267,0.38480231165885925,609.375,43.74708873307123,44,0.02181714285849547,0.4980132579803467,-180.2117517070751,110.54542227777564,-75.1838524076923,-4.0788268773206555,-57.87019910774322,-34.30085181741329,-56.041992606797685,-22.52147980096116,-60.164570554278235,-12.217638694644018,-13.420897278649667,-14.32885676300759,-0.005113315334113191,2536.200760994931,5034.090909090909,0.04216481218434343,0.16974802315235138,3132.053684719416,-569.693347657545,0.015442326664924622,16,0.33066666666666666,0.8211138248443604,0.28010088205337524,656.25,54.681695911849836,45,0.00017246688956313097,0.46150991320610046,-193.77736509176628,127.39308366946375,-58.70924649830424,1.6048641368145586,-41.928098704653735,-46.57320395327155,-62.85954788847921,-31.25667927809341,-66.05292474354576,-19.580744830303,-13.695859655166453,-22.30248984429351,-9.288638131478702,2831.115366316418,5288.352272727273,0.055328677398989896,0.08373195677995682,3174.0456736898186,294.9146053214872,-0.08601606637239456,18,0.7146666666666667,0.539976954460144,0.5536788105964661,679.6875,20.825591447084616,22,0.0004742381157340891,0.4150545001029968,-222.48949827790986,132.2317271257682,-73.37071068793107,-2.46297950403487,-47.58598264970728,-42.591312925671204,-56.631387830135814,-23.115117500164317,-58.37720731782664,-10.085599105100538,-19.963355351478064,-23.842403774542056,-16.042905938479365,2817.039585493541,5108.42803030303,0.057059856376262624,0.09961618483066559,3158.6088163360537,-14.075780822877277,0.01588422805070877,15,0.928,0.6392810940742493,0.46563073992729187,773.4375,26.540209457027853,24,0.00030209507313115185,0.432702898979187,-224.61855193945416,130.40253760895945,-70.57712688854227,-8.085434382907414,-53.12398862913304,-46.81280246424059,-58.01120547152101,-13.82329296285532,-42.907415014555504,-0.1140684946515032,-14.67778313977369,-20.376057608265135,-13.514445908944886,2993.692169313544,5464.725378787879,0.061370541351010104,0.09231747686862946,3207.8918622419233,176.6525838200032,-0.007298707962036133,18,0.6613333333333333,0.6307996511459351,0.48235106468200684,796.875,21.478442295576716,2,0.0002989844018283641,0.6133502125740051,-215.99753830547618,129.75282810584534,-84.84401873294355,-4.341253331119313,-58.5048921260029,-47.642430281060825,-59.93909404381103,-6.5894885441994235,-42.26398663957909,0.9981914081406267,-19.34401342417389,-20.73783082448708,-13.431241640772834
4.9493,2,40,2940.098734356343,5519.657258064516,0.049053889448924734,0.19517815113067627,3189.1924567296155,0.0,0.0,15,0.9706666666666667,0.8247051239013672,0.29158440232276917,632.8125,63.30024883435695,44,0.024634571370316632,0.9072701334953308,-178.48483909475846,122.88022203544571,-79.60791378943564,-5.715265105879839,-54.17440907200062,-35.647232143247436,-63.72131533077639,-26.035400691976633,-62.882164742633755,-15.164508036635933,-14.145012386220133,-16.971369622361323,-0.17196940409768202,2271.666116146436,4316.532258064516,0.03996555779569892,0.1683732271194458,2919.184814238962,-668.4326182099071,-0.02680492401123047,12,0.352,0.766243577003479,0.34181541204452515,656.25,55.86610680870557,20,0.00013673197250662616,0.4700508117675781,-199.69374844398334,138.56420495641262,-60.75504596487098,-4.666840271274332,-48.89287272167455,-41.18047687654393,-62.311726601270486,-35.86900830999384,-66.61399149193447,-23.3546599604271,-15.682131035438637,-21.069962578509983,-8.85287299460712,2843.9258786402474,5575.100806451613,0.05512852822580645,0.0903843492269516,3267.5068478783805,572.2597624938116,-0.0779888778924942,15,0.736,0.5582841038703918,0.5394981503486633,679.6875,23.63840083850319,22,0.0003055563281919861,0.4992055594921112,-218.6740976382923,133.79365121811924,-76.04470506821653,-0.31934239623966165,-51.03519743806074,-36.83899478577937,-66.12988343284277,-21.676703693284725,-57.86513822906777,-16.969858441570842,-21.25934255854579,-26.55989318476999,-18.65117710019489,2694.220650386532,5128.528225806452,0.05626260080645161,0.06562736630439758,3162.842095814269,-149.70522825371563,-0.024756982922554016,14,0.9173333333333333,0.62712162733078,0.4657665193080902,773.4375,15.507201685738721,3,0.00028057089387988895,0.6369404196739197,-241.20339255192778,138.35451165234807,-75.06964175757378,-9.40235190706487,-52.22666808676073,-38.53131757141282,-59.273134299376025,-16.79504453184543,-45.501235255948295,-5.730846535824221,-20.264670361326765,-24.897126307343235,-15.568204393444102,2998.162620507016,5993.195564516129,0.05675613239247312,0.092646524310112,3373.1442261786733,303.94197012048426,0.027019158005714417,10,0.11733333333333333,0.7415021061897278,0.38383013010025024,796.875,26.29850143843091,2,0.0003327496359369947,0.37868911027908325,-223.91462566159817,126.10903263554643,-70.24542661898485,-14.29895669200679,-52.733355699735014,-46.32838492626512,-58.15225542620855,-7.871594628055952,-35.7560552458266,5.728557118221943,-14.476203960190963,-18.875327056060005,-10.928303110639343
5.1627,2,40,3034.167682928446,6183.875644329897,0.05555835212628866,0.14577583968639374,3425.6387543831725,0.0,0.0,16,0.9813333333333333,0.7653915286064148,0.35108065605163574,632.8125,44.10645673761632,20,0.023989243652193338,0.9162363409996033,-191.30477182492214,113.02987860955804,-72.58370547454969,-7.51429843785391,-56.15677369902436,-26.80432632113601,-65.0758710301861,-26.373999409326633,-53.810705461033265,-15.183375932910781,-13.172910998310252,-11.331698237766679,-3.030771330480197,2458.6170511347295,4871.134020618557,0.03998369039948454,0.14054065942764282,3179.6700799304504,-575.5506317937165,-0.0052351802587509155,17,0.07466666666666667,0.7620550990104675,0.32596975564956665,656.25,43.90694543679481,21,0.0004196789509675146,0.3836604356765747,-209.34510753396216,133.415145911103,-55.33884619148988,-8.179762454586163,-41.96582476506944,-36.83281130022393,-60.523596670511,-32.09589186267549,-65.52963137633635,-23.414208724811154,-15.18713306251065,-19.31301920179924,-15.402589394071544,2667.964029824518,5087.870489690722,0.049069748711340205,0.0977061539888382,3236.022457159645,209.34697868978856,-0.042834505438804626,14,0.032,0.6203597187995911,0.4555656909942627,679.6875,23.342771454862216,22,0.00037536890448059096,0.3936079740524292,-219.62841649999606,137.6731735539227,-63.900672128304194,-10.244243800775475,-52.64937404761859,-39.77247271382457,-59.88735542083058,-23.212139129035297,-58.06561314591791,-12.729573143951983,-18.91260636666047,-24.961053389440917,-16.90156722780883,2831.3014648019325,5600.596005154639,0.05205984213917526,0.0709332674741745,3404.169020259703,163.33743497741443,-0.026772886514663696,13,0.672,0.6960039734840393,0.4023427665233612,750.0,20.095366110024695,3,0.0004002874094540486,0.4487440288066864,-250.33878179384345,131.44901271986282,-60.709736278915976,-12.38029140727384,-52.58694027487317,-41.40770750525077,-57.62805707901737,-16.117700797236168,-42.57757423088303,-3.0831591645512146,-18.731449844709495,-19.134596310210693,-14.801308208617998,2690.636668163936,4919.458762886598,0.0503735099871134,0.08497306704521179,3173.096213316151,-140.66479663799646,0.014039799571037292,16,0.021333333333333333,0.6910800337791443,0.42921730875968933,796.875,21.97226873693063,2,0.00025098134582448987,0.5489782094955444,-237.8322762911772,138.347031470901,-76.72568501116093,-17.225998291015948,-60.13589525216262,-40.82884431878613,-61.92715109228761,-14.111003752841043,-40.961619858884724,3.622327771776559,-21.626337805019165,-22.43350507133695,-8.184565967943998
7.36,2,40,3695.5353924049627,7385.678956834532,0.0712855496852518,0.16279058158397675,3670.9799100809637,0.0,0.0,23,1.3013333333333332,0.7261320352554321,0.4122782349586487,632.8125,53.26815984415458,20,0.01780815637261511,0.7386196851730347,-180.9986360392975,103.16952739360242,-69.7445958454458,-13.001642677545725,-45.63224183375527,-20.935624578186623,-63.17267601252103,-14.66741694953308,-49.639362147659774,-12.23017802806126,-14.207653611075092,-11.162377535685094,-1.691029693121654,2421.781221490199,4380.957733812949,0.040780266411870505,0.15312997996807098,3166.2058103014274,-1273.7541709147636,-0.009660601615905762,26,0.64,0.8314827084541321,0.2777371108531952,656.25,55.02734452187016,21,0.00022126554235295725,0.31030476093292236,-216.1098561946654,130.50709451293955,-53.65600016638428,-15.885113661495076,-39.281298012309314,-38.082386100713705,-64.19546456563147,-34.57700178438184,-59.97711750289338,-16.131718338671444,-17.154402234625056,-12.726112293164991,-5.445163870813044,2885.8095865489618,5940.141636690648,0.05215124775179856,0.07155356556177139,3518.415600503925,464.0283650587626,-0.08157641440629959,26,0.10666666666666667,0.5662196278572083,0.5118542909622192,656.25,17.454427047031103,22,0.0003864693748978724,0.3250296711921692,-247.49418329241456,135.15652257020102,-58.86141526038546,-18.797288577813827,-44.13516489204686,-36.65060219523156,-61.65382900500392,-22.3055732147472,-58.398845098455844,-6.8505284621123685,-22.972777405593483,-26.698099133516703,-9.15892386940527,2657.03604931628,5508.824190647482,0.0515154282823741,0.08726881444454193,3414.4928411609976,-228.77353723268197,0.01571524888277054,25,1.1306666666666667,0.6054480671882629,0.47239893674850464,773.4375,20.75348643792728,24,0.00023790216388585854,0.3830258250236511,-234.51861769084712,142.13022320299868,-56.34042038555209,-26.215966729958218,-51.80099952991629,-39.11331214418206,-63.26662478283697,-19.608865826477093,-46.37392748955396,-1.440961770040127,-22.58545870444594,-24.682153086231555,-10.375175210309015,2807.6930287667374,5614.88309352518,0.051915889163669064,0.08851965516805649,3467.933592850221,150.65697945045758,0.0012508407235145569,25,1.1306666666666667,0.6169471740722656,0.49036163091659546,867.1875,21.945154005992688,3,0.00025595427738336505,0.432289719581604,-241.59440368481742,137.92892883938754,-61.109860733523035,-28.989954426523884,-54.22085377695239,-37.519446517149596,-64.26325142570309,-10.887868439480748,-36.3030338189368,4.593614933613321,-23.82271935529275,-26.469729461075456,-8.700066485881978
7.4667,2,40,3670.890302830473,7219.913563829788,0.06829011524822695,0.13411380350589752,3634.113667765129,0.0,0.0,22,1.2906666666666666,0.679959237575531,0.43397870659828186,609.375,41.561304994573774,20,0.016492374469764873,0.5404925346374512,-204.1254846047999,103.57095031868556,-68.62724273624652,-10.161279803344206,-52.68326664197127,-23.251657988792708,-55.174821676985594,-21.043420054529598,-52.446279057052955,-8.823368993539825,-18.761836179663767,-11.920116373857764,3.0428213829355033,2325.9125088778787,4427.859042553191,0.03763574911347518,0.12982366979122162,3036.3345710223603,-1344.9777939525943,-0.004290133714675903,25,0.2773333333333333,0.811570405960083,0.2897278368473053,656.25,46.602377712984016,21,0.00012443919457592932,0.340127170085907,-231.2191146153363,131.94179619556203,-47.963083883706574,-16.891841042773258,-45.602915355797805,-39.296091656167214,-55.519720211924145,-40.38340322785889,-58.22023785423782,-14.190672819517745,-14.882073682589557,-13.49787284626888,0.3017484036551303,2784.7694417564876,5537.898936170212,0.05312222960992908,0.060055460780858994,3251.4624994730616,458.85693287860886,-0.06976820528507233,21,0.37333333333333335,0.546232283115387,0.5468032956123352,679.6875,15.515995399452075,22,0.0003477189669428049,0.4028952121734619,-262.925564252127,137.60418049344162,-72.42033678540133,-9.66471262884323,-58.09559663435941,-33.28667984634398,-60.746243137417835,-29.243842982542002,-56.732419953918416,-7.806859042319139,-21.397721160251887,-29.5716468370372,-11.625656512934214,2906.5443264114324,5778.42420212766,0.058268229166666664,0.06051476672291756,3392.748621849574,121.7748846549448,0.00045930594205856323,24,1.088,0.534843921661377,0.5493018627166748,773.4375,13.18403941077602,7,0.0003798993995914495,0.45511117577552795,-256.04112127294644,134.61154373237673,-71.01440061098702,-13.28765944109701,-59.79499498751157,-38.746149859156816,-58.051371260205975,-20.012044865116625,-50.87790990288964,-0.4692547033615898,-21.886861856210636,-27.488072829706173,-14.343322868718413,2773.8256591877,5172.706117021276,0.05609347296099291,0.09463529288768768,3180.213695270288,-132.7186672237326,0.034120526164770126,24,1.1306666666666667,0.5566356778144836,0.5385158061981201,867.1875,22.488565145391664,8,0.00028396316709966834,0.4747675359249115,-225.80231279293585,140.02745482310883,-74.74650170168917,-21.3543662730822,-64.10566498511142,-42.12363327991666,-59.137232569702974,-17.2888641452296,-44.43093085118246,0.4447060284451349,-25.368974512103964,-25.86301359893874,-14.722415816701156
7.3173,2,40,3572.5985210798485,6978.430706521739,0.06561367753623189,0.1609591394662857,3581.601332854688,0.0,0.0,20,0.7893333333333333,0.7754853367805481,0.3589160442352295,609.375,52.78991617241689,25,0.015646845308135433,0.5878407955169678,-194.2587482038618,105.2915228403854,-66.93325239633293,-5.933989465898629,-56.42225974384,-27.821607395079578,-61.78624750264517,-22.56676700419837,-55.36945357600489,-7.966913920472151,-21.825558552519055,-11.957547876540794,5.062596220076203,2488.501416855007,4955.163043478261,0.039642776268115944,0.1150665134191513,3057.0988816051354,-1084.0971042248416,-0.0458926260471344,26,0.6933333333333334,0.8030967712402344,0.3243049681186676,656.25,44.256182736972065,21,0.00020798828037917164,0.44158247113227844,-245.50425063719075,131.110012383403,-59.726123000748466,-11.94642468646438,-50.3860164109427,-39.57747156592703,-56.95358955708439,-39.07933669360315,-62.62294388034399,-12.813375618234105,-15.28610530024352,-17.45295455324308,3.62132055308927,2979.949646880302,6016.983695652174,0.049765766530797104,0.06729026138782501,3438.1720596995774,491.4482300252953,-0.047776252031326294,29,0.448,0.654794454574585,0.43985021114349365,679.6875,21.36949388426524,6,0.0005157132639626068,0.3156222999095917,-252.11482670303315,125.06534784759705,-56.98873062144026,-8.423671098452347,-52.96522141383923,-34.47401373713092,-59.12951254890573,-30.77779940370826,-54.093376735108194,-9.970019909704934,-17.59804979023386,-25.508873845346407,-4.559104630327985,2932.9735022265786,5783.967391304348,0.05458135190217391,0.060822293162345886,3322.3557119034695,-46.97614465372362,-0.006467968225479126,22,1.3653333333333333,0.5005666613578796,0.5797089338302612,750.0,11.939509485918386,6,0.0004716840914985885,0.5919175744056702,-257.8083887996448,132.755181742158,-70.76500392556203,-11.788998043078815,-64.24866110011507,-34.74728988009193,-58.35728445899383,-24.784711596498532,-49.81438390135442,-3.5159581767049546,-23.51326659032359,-28.24988336254895,-7.600595539675096,2905.9391173993276,5772.41847826087,0.057210286458333336,0.06388626992702484,3374.115911185481,-27.03438482725096,0.003063976764678955,24,0.864,0.6337578892707825,0.46810832619667053,843.75,14.471865167050739,7,0.0003391751744818696,0.4386468827724457,-253.08407172480022,130.9928498118862,-71.1141281526014,-16.8942970459292,-65.51627784446332,-36.953562001873685,-60.115236505408944,-15.140522931252702,-36.254245443989554,-0.534026995292457,-25.231349261007214,-26.221091026477996,-12.345986954869165
11.8187,2,60,4026.292085512025,7502.111486486487,0.0738646361204955,0.13250236213207245,3638.5684501748615,0.0,0.0,36,1.9626666666666666,0.7281029224395752,0.39740705490112305,632.8125,39.60561141799113,20,0.014280373026710563,0.5193287134170532,-214.05663328817647,93.4562530948699,-59.06347378150674,1.1020234112564669,-44.76683652282405,-25.876635004554508,-53.36896289653023,-16.240159435182868,-55.04184206207772,-11.53220768681691,-19.195898730118856,-13.834487701493046,0.914762639048944,2404.3584014536355,4421.558277027027,0.043837538710585586,0.09824472665786743,2937.8291062612134,-1621.9336840583896,-0.03425763547420502,38,0.64,0.7480101585388184,0.3514448404312134,656.25,29.811279363624426,22,0.00015618120504980513,0.3683190941810608,-239.69999262168963,134.98200962080867,-65.93383629318805,-16.5561810802267,-44.387973387909305,-38.256573507506516,-60.11880309130242,-36.597207980202946,-57.95800309821027,-15.700682737095331,-18.250778756033682,-19.62595947712503,-3.151899340294707,2670.8331584180128,5130.701013513513,0.054328987190315314,0.05884373188018799,3173.400427825362,266.4747569643773,-0.03940099477767944,40,0.544,0.5707558989524841,0.5163559317588806,773.4375,13.189613913064857,7,0.0002727990969640491,0.3714944124221802,-266.52501206018997,139.9139649791929,-72.25138216172583,-18.66579641104441,-57.72923787964404,-39.777164251109895,-64.1117012586963,-19.380420609201284,-46.45239403423592,-6.2653480046310595,-20.881875337679134,-27.32369680048687,-15.215236213045225,2910.4632203041856,5650.021114864865,0.05807027730855856,0.0636417344212532,3362.576450189803,239.63006188617283,0.004798002541065216,37,1.248,0.5757788419723511,0.5194491147994995,867.1875,13.663338450924973,8,0.00041300057895447015,0.2658144533634186,-262.85269486855384,133.81701548362628,-67.63691546786099,-26.087247017432805,-57.23401581485532,-42.43158605463961,-55.596203040446525,-4.632095667827751,-34.80993922121181,-1.3750650066572767,-26.394242993449986,-23.359041471514928,-15.13770824367254,3146.508562634414,6314.928209459459,0.06555945594031531,0.06098133698105812,3507.6112574150006,236.04534233022832,-0.0026603974401950836,38,2.2293333333333334,0.43587371706962585,0.6393470764160156,984.375,10.417816452780608,12,0.0004989078025545909,0.4293823540210724,-255.3283131124661,132.20863256169466,-73.13871836945725,-31.90087403262873,-56.09551112049383,-34.89309926954183,-46.97694577088392,11.251560837413452,-35.984858644483616,-5.880118665679412,-30.605895731705516,-29.595615021951065,-13.956488964368736
12.4587,2,60,3744.2224589512607,6979.567307692308,0.07301891359508547,0.1096339151263237,3512.2491579091807,0.0,0.0,38,1.3333333333333333,0.716360867023468,0.4169929623603821,632.8125,34.341538336603634,20,0.013628526157487247,0.5119813084602356,-238.54099665101043,96.59435384367448,-58.12153224291386,-6.571202613805938,-36.314228658499744,-25.74593328883296,-52.4661260241007,-14.959113805162442,-50.51473252202594,-15.459392362560415,-16.632055668587512,-11.715691525655402,-2.511522798387519,2563.1921703636585,5061.698717948718,0.04535798944978633,0.09754969924688339,3231.7978180645127,-1181.0302885876022,-0.012084215879440308,42,0.64,0.7267177700996399,0.3640514314174652,656.25,29.018066722486335,22,0.0003921204823919435,0.3727061450481415,-246.86856738838634,134.28009382702976,-57.95224593559637,-18.129230250352443,-43.55610661734879,-39.422285985277696,-62.84553451304053,-33.281836597987564,-56.39594356977309,-12.56694392795427,-21.87257629181911,-17.856848571311943,-5.817410481131391,2617.914699881418,4772.335737179487,0.05210002670940171,0.0645967498421669,3150.446425235358,54.72252951775954,-0.03295294940471649,37,2.272,0.5038100481033325,0.5712969899177551,773.4375,12.219398402127716,7,0.0002847467752193569,0.4378703534603119,-254.64653660537118,139.80201112484025,-66.82906363045706,-24.917779777687645,-50.66042664799565,-39.4765292288524,-61.12170270779132,-20.36965251237314,-43.456349888800055,-5.834004396371369,-22.13284265198236,-25.343058621856557,-9.00211083548082,2725.330899858549,5020.332532051282,0.05529054821047009,0.05876532196998596,3282.510814197374,107.41619997713087,-0.005831427872180939,40,1.056,0.5284920334815979,0.5601952075958252,867.1875,11.20722021544802,8,0.0002757933003382575,0.282956063747406,-269.84322268074123,143.01195556738665,-64.04641894076819,-34.32790605778927,-54.287472335634355,-39.48074057085078,-57.58774194888415,-4.357866833438586,-35.89041672637848,-3.411883410727792,-31.37495502626869,-27.32419249322916,-11.022724858562972,3039.347248525528,6154.246794871795,0.06128764356303419,0.05856266990303993,3478.4789128105376,314.01634866697896,-0.00020265206694602966,39,1.632,0.44987067580223083,0.6325493454933167,984.375,8.8858766111936,12,0.00041264218950251146,0.43452322483062744,-263.46223847651834,138.44543564603694,-75.06212705569699,-31.91939904285123,-64.79262516667897,-30.411769670845747,-49.854157338307076,10.092090100036916,-41.887270627639765,-11.439753781330225,-33.724461060007215,-33.606906121368695,-11.246263522734992
12.2453,2,60,3836.6905730222798,7417.153532608696,0.06488833220108696,0.1362696886062622,3701.0335721861816,0.0,0.0,40,1.7813333333333334,0.7755677103996277,0.34265372157096863,632.8125,42.973531230428854,20,0.013626709690941869,0.5409556031227112,-219.10555294585166,99.2740817407955,-51.77994456443981,-4.5215431960595485,-51.42916543770429,-22.781915799537302,-51.94469704091852,-13.07284203444544,-50.435627099982966,-13.522913313280114,-14.93755599474864,-16.830125638323082,-2.4218113090931572,2536.0599689001806,4987.601902173913,0.04512567934782609,0.10913413017988205,3147.499861902857,-1300.6306041220992,-0.027135558426380157,40,0.18133333333333335,0.7254067659378052,0.3727039694786072,656.25,31.78095683629661,22,0.0002102120329892753,0.3051868975162506,-229.47628136813682,130.14692962418005,-51.37694694815507,-15.226151163336644,-46.178726490244806,-39.24082871627208,-58.064280260664724,-34.861895663010756,-50.47609700851137,-12.23373725196883,-15.564407504272317,-20.399858511522297,-6.95699692385768,3055.7028264526602,6182.302989130435,0.059383491847826084,0.08211155980825424,3456.3133359624894,519.6428575524797,-0.027022570371627808,43,1.7493333333333334,0.5788860321044922,0.5199106931686401,773.4375,16.847602087081544,24,0.0003452205151714681,0.5816876292228699,-232.9175448898886,131.47886020264892,-73.84743726132533,-11.636585391078073,-63.785519108212256,-34.07336332818443,-65.23804021534087,-18.22685220979854,-45.44350249358354,-4.574665413486923,-21.518577374611688,-27.21036833458307,-14.46753450011048,2957.634307341902,5939.266304347826,0.05749405570652174,0.0846935361623764,3481.824002003928,-98.06851911075819,0.002581976354122162,42,1.2053333333333334,0.6058512330055237,0.49161601066589355,914.0625,17.383859235984584,3,0.00040150123216777813,0.38856688141822815,-231.49214670259624,134.44131953260762,-67.51304795202839,-21.89497086210504,-67.08856974351679,-38.717209651891,-60.144965952824194,-4.848166431556691,-34.32861679723394,-2.617448867261089,-32.681650070832966,-24.679469100255577,-14.310765066985057,3172.519714124704,6224.592391304348,0.06180791440217391,0.0710262581706047,3494.388567604853,214.88540678280197,-0.013667277991771698,42,0.288,0.43048912286758423,0.6544865369796753,937.5,12.354512092165137,12,0.0005488245048129167,0.3401987850666046,-244.86075085266987,135.23880797699837,-72.52845590044798,-29.229646217982623,-64.42126688142291,-32.55371285698294,-46.965146977415515,9.813815705000126,-38.83436152206828,-8.594138088673793,-35.08350107989224,-27.974492049089513,-15.780076770294121
9.92,2,60,2948.4641085910234,5719.376671122995,0.05307904411764706,0.1355084329843521,3210.175333642416,0.0,0.0,28,1.0026666666666666,0.7739243507385254,0.35428911447525024,632.8125,45.639447785365775,45,0.0115864551159089,0.4450492262840271,-216.55994362273316,116.74072615722233,-65.05551586186918,-9.802747159982694,-45.9038741494493,-32.989793213865816,-57.7520065088157,-25.49983658865476,-55.94741647869392,-12.747834763995957,-12.482066263171786,-15.97817884260948,2.182674603932507,2532.2329249582576,4791.527406417113,0.04601332720588235,0.08797424286603928,3133.563686697503,-416.2311836327658,-0.047534190118312836,31,0.096,0.6802638173103333,0.41057083010673523,656.25,26.21598651308557,22,0.00023038972066467754,0.2784128785133362,-243.80434405282978,133.57677335629504,-57.91759190723878,-12.818145863897444,-42.55841676566038,-40.93302394740689,-59.12450012128911,-31.221137215261482,-53.221221227563476,-12.39196296800728,-17.349637050425066,-24.171453641315907,-7.399102927655261,2584.0165643428872,4704.420120320856,0.05581289689171123,0.0830937996506691,3055.159826624842,51.78363938462962,-0.004880443215370178,29,1.184,0.5967317819595337,0.4934428632259369,773.4375,18.492353023665988,20,0.0002935893585411626,0.4179505407810211,-239.23133164319026,142.30323228336437,-69.6606244725623,-20.43100886599055,-48.09579498064129,-45.06634904945521,-59.421872779071194,-16.861315993589386,-43.74012317160628,-1.5020589468981325,-19.48950133380974,-26.62689013278162,-13.753514486107674,2845.607964408538,5444.142713903743,0.056107954545454544,0.07823320478200912,3316.1306539037237,261.59140006565076,-0.004860594868659973,25,1.184,0.5713465213775635,0.530535101890564,867.1875,18.174053820649412,3,0.00030455433618705434,0.3405483663082123,-241.0959783393879,137.03943264843116,-68.2929903977434,-31.92242678836606,-52.28917055535335,-42.33119542712023,-52.348499585044046,-1.757594316638855,-35.27638345758618,1.8571083641697659,-23.17149190315056,-22.91944566211539,-9.560912875124986,2837.4871983365138,5400.150401069519,0.060703542780748666,0.06933235377073288,3231.641383710689,-8.120766072024253,-0.008900851011276245,28,1.3546666666666667,0.4589967727661133,0.6215616464614868,1054.6875,11.981908685093273,12,0.00032665547229114567,0.24321745336055756,-250.4070863562781,138.8707338617441,-74.01546036002644,-36.76288138932443,-52.54476091483111,-40.61312944518469,-43.68418453301322,10.660268837331875,-35.001427376231305,-4.1577960922964765,-26.99522305585365,-28.815370353967396,-9.46469055081184
10.1547,2,60,3074.853340019157,5885.512107329843,0.055139991001308904,0.16552944481372833,3306.5103781617295,0.0,0.0,33,1.4506666666666668,0.7802942991256714,0.3373703360557556,632.8125,55.8688997336555,20,0.012340792879026067,0.3565578758716583,-196.26259015999074,113.13211215624726,-63.04976897412866,-8.835755932860085,-49.22793219097196,-33.09652671372863,-57.804573020883105,-26.69365158640973,-56.09625860655396,-13.833659611917156,-11.680294008813032,-13.857310628061995,-0.42159386929792875,2338.57946644174,4192.244764397906,0.04398877208769633,0.10001403093338013,2918.833820187336,-736.2738735774169,-0.0655154138803482,34,0.384,0.7127450108528137,0.3856646418571472,656.25,32.4935861294065,22,0.000189577222290991,0.3870992362499237,-249.94678513131356,139.97525378405763,-60.21279683956609,-18.5258566619066,-44.125243679214414,-41.55455049989825,-59.31426126320084,-33.978855651354756,-57.23072902602452,-12.955832631856872,-15.88313092889016,-20.636073468422786,-6.949425809480261,2657.599756004297,4988.506217277487,0.05464659685863874,0.06066153571009636,3218.2680488095993,319.0202895625571,-0.03935249522328377,31,1.8133333333333332,0.6334077715873718,0.46768736839294434,820.3125,14.090352543039614,3,0.00032303249385039694,0.46389102935791016,-264.21003939650876,138.14068078193267,-65.95845678392539,-20.745647948376877,-53.61497916059479,-43.23273639202738,-53.54876583264494,-18.13640446121467,-43.33715069758902,0.4018302020641932,-21.266965972427233,-23.659688329754932,-11.962318879764478,2963.964906051447,5662.1809554973825,0.058013436681937175,0.05803675577044487,3471.859806003226,306.3651500471501,-0.0026247799396514893,34,1.8773333333333333,0.5311689376831055,0.5635469555854797,867.1875,11.568992447985172,3,0.0005797561566428918,0.4146604835987091,-269.14715603250534,135.2282234738728,-66.33057608277026,-26.036498312280155,-63.697364954813935,-38.54453253657011,-53.50836945037097,-1.3786220454905858,-36.1443576486083,-0.654650634486639,-27.644049698853628,-23.46565725199196,-14.149907120800226,2991.735829771466,5792.621073298429,0.063737320026178,0.05451573058962822,3409.8978098341245,27.7709237200188,-0.0035210251808166504,31,1.152,0.46934378147125244,0.6096101999282837,1054.6875,9.816719205921542,12,0.0003799777467672174,0.4112021327018738,-268.74694108077523,139.0224293406133,-83.51792899758331,-27.195981144343822,-68.84398150935569,-28.888983011919592,-46.91617524850797,8.400360498182472,-39.09379700147419,-5.509815652404912,-31.52484744357149,-32.05044467220156,-13.062532394383954
10.7947,2,60,3247.205073493582,6410.791256157636,0.059529421951970446,0.15502388775348663,3434.058846879214,0.0,0.0,36,1.4613333333333334,0.7587679624557495,0.36586105823516846,632.8125,48.575338803078246,20,0.011137599409498175,0.5167717337608337,-195.38416642341494,113.93666226340544,-72.06849310883847,-11.698050402824315,-47.97571389949195,-29.918492176722783,-63.513470310780555,-22.440803055939064,-58.19697478356634,-11.980163021692777,-17.0820777344884,-13.418135038891275,2.2127483291913816,2539.884416839884,4762.4307266009855,0.04820755080049261,0.09288808703422546,3202.605519008731,-707.3206566536978,-0.06213580071926117,36,0.37333333333333335,0.7102265954017639,0.3891398310661316,656.25,29.20717344826748,22,0.00028196967688532884,0.29408419132232666,-241.3559761046437,134.86744321074107,-58.307777446203715,-18.31619119414194,-40.76891835109618,-38.38038868210122,-61.295858827093326,-29.530651396387587,-57.29187319833729,-11.8504347405199,-18.647338904468544,-22.011926044004845,-5.763970847267726,2752.9872383483216,5272.5138546798025,0.053535348676108374,0.0693635493516922,3314.5955499871466,213.1028215084375,-0.023524537682533264,31,0.8213333333333334,0.5905933380126953,0.5083242058753967,773.4375,16.190767042677475,20,0.0002875581091297054,0.3370912969112396,-249.20952849696695,137.3959676089769,-65.10160851235732,-26.43399469620443,-51.17100029749816,-39.46748009628768,-56.81500756757757,-15.44878282238509,-40.759980432948524,1.1267699411635383,-20.667656919569943,-24.722320838446162,-11.278610593499364,2794.910162765322,5271.128386699507,0.056474657481527094,0.07873529195785522,3272.8513168268405,41.92292441700056,0.009371742606163025,33,2.144,0.5539229512214661,0.5302730202674866,867.1875,16.001732949779438,3,0.00034639417625329476,0.954131543636322,-243.24317134541946,138.57509799420086,-71.66308211853239,-29.763325275917502,-62.54776642420452,-40.837411089389455,-52.96994347151215,-0.8301505749357087,-34.85678953396343,2.630374228134102,-28.76770232409064,-28.026636847514336,-7.811431438797638,2943.688124092759,5711.2453817733995,0.062018934729064036,0.05934012308716774,3365.256654541449,148.77796132743697,-0.019395168870687485,35,1.6,0.44762882590293884,0.6317331790924072,1101.5625,11.064506689832783,12,0.00033399986180644036,0.3272542357444763,-259.8490162113035,142.4146221410833,-74.77470208634138,-37.93665503096589,-58.3660956187985,-34.244952734263215,-42.71771150547106,8.458100329018134,-39.48915433022261,-0.869872179361127,-32.66172661519372,-31.473361140821698,-8.730476710978284
10.1973,2,60,3080.507867835468,6148.681640625,0.060511271158854164,0.17037202417850494,3418.033194143502,0.0,0.0,35,1.76,0.7896881699562073,0.3413189947605133,632.8125,57.24148576554325,19,0.011443750635990102,0.4076300263404846,-189.9298103509317,113.94857946180645,-68.07775191695204,-13.678492461858804,-49.381312419789474,-28.357404766007292,-56.51410945550828,-24.690858976327416,-60.42147271999776,-15.181026090209718,-18.09762448406674,-10.496416211776944,2.728391456357079,2571.4414625456334,4989.1357421875,0.046625773111979164,0.09641977399587631,3198.3528270511865,-509.0664052898346,-0.07395225018262863,36,0.10666666666666667,0.6632233262062073,0.42458847165107727,656.25,27.422501136584938,22,0.00028057412363612463,0.34554147720336914,-233.2725419151349,135.54556186264327,-58.48062829496539,-16.2730367433379,-41.957464857291114,-37.742062417739675,-59.04803376114389,-34.040586723365784,-60.479907706138306,-11.450401220008112,-19.447712534836153,-21.889210154101978,-5.453142594146748,2745.4240860937075,5174.4384765625,0.054690043131510414,0.0723356083035469,3249.9814130631025,173.98262354807412,-0.024084165692329407,34,1.4826666666666666,0.6493076086044312,0.45352408289909363,773.4375,20.492505132434413,3,0.0003258170905508272,0.3617071509361267,-248.5382264480277,138.4931106099368,-72.98480041640839,-20.237429698936435,-55.08854659691166,-37.14141023546589,-60.6936905976288,-18.986727724836033,-45.574214778006855,-1.2378778754570627,-23.03403026385651,-23.14987965430099,-11.893642536197175,2871.1226535446963,5533.5693359375,0.056416829427083336,0.07204997539520264,3353.8053431587673,125.69856745098878,-0.0002856329083442688,32,0.5546666666666666,0.5238174200057983,0.5638538002967834,796.875,15.274975428552159,3,0.00033232945705731487,0.45096462965011597,-247.9388668920648,138.12838562642995,-70.17291698143259,-25.084449444919844,-60.09904329305522,-39.080392997360896,-54.6805585654468,-5.027432141325678,-40.3203151228764,2.018650218055166,-27.578510206951506,-27.557298320178063,-9.207339444301557,2852.130106880128,5620.4833984375,0.060933430989583336,0.0559566430747509,3288.437927913235,-18.99254666456818,-0.016093332320451736,29,0.064,0.45838046073913574,0.622306764125824,796.875,8.934946061556012,3,0.00031267979152036076,0.3515668511390686,-262.8291647027714,141.48656163548856,-74.35872130634938,-33.08241979698133,-57.114295551086144,-36.10221381378138,-44.264930982665476,8.372781978691222,-38.46693343218431,-5.660426490567338,-28.805512899840323,-30.969222253768233,-11.24904427567611
10.752,2,60,3541.386813709526,7152.846534653465,0.06715317527846534,0.15565964579582214,3567.992557585897,0.0,0.0,31,0.8,0.7669591903686523,0.3719082772731781,632.8125,52.122104256655874,20,0.011549726448255616,0.4916890859603882,-196.95096489152243,108.88702943510805,-71.23450449423042,-6.000757966717257,-52.524222623197986,-27.481735410333876,-60.25071313853171,-26.161639583831164,-58.25410306837809,-11.56062045030557,-17.87763384094022,-14.716945503188324,4.566108419413821,2805.974989144664,5567.914603960396,0.04933332688737624,0.085126593708992,3302.2269038832846,-735.411824564862,-0.07053305208683014,37,0.05333333333333334,0.6692083477973938,0.4305993318557739,656.25,27.45602687094628,22,0.00028155454079523823,0.31588104367256165,-236.60394029845904,128.0505996242821,-59.860958948351616,-12.315291052156743,-48.85903249032479,-36.12659896789318,-57.15050274328109,-31.66982125059281,-56.910850807154155,-11.382567480184436,-15.947794681993594,-25.245750644590185,-4.186891759495579,2840.081542346779,5435.4115099009905,0.0583230198019802,0.07198525220155716,3198.3563398183414,34.10655320211481,-0.013141341507434845,30,1.92,0.6037111878395081,0.4936225414276123,773.4375,19.652330317491835,7,0.00038812829312409304,0.51340252161026,-248.44600427920344,130.8970622372373,-68.68539186578614,-15.484978296342893,-56.53934281772353,-39.239001618486235,-53.8473540456242,-19.685984292428454,-42.816020813563874,-2.0137374047325625,-17.190258957099715,-25.539978459562054,-10.589075768958766,2797.1471920155805,5226.794554455446,0.05951229888613861,0.06966877728700638,3203.227200999534,-42.9343503311984,-0.0023164749145507812,37,1.4186666666666667,0.5455260872840881,0.5402911305427551,773.4375,13.711777011592737,3,0.0003486897907954255,0.3314984440803528,-247.65837738477296,137.63534116511343,-75.22188405803583,-22.753470184153464,-62.51456010817883,-41.549355023043546,-53.803704744070366,-4.732591869789927,-36.48361728192956,-0.0684007950178468,-26.72927224246789,-29.01200698326834,-12.096632979544806,2857.070896750756,5419.283725247525,0.0604380994740099,0.06401528418064117,3215.948103570955,59.92370473517576,-0.005653493106365204,32,0.6826666666666666,0.460607647895813,0.6197937726974487,1101.5625,10.299355745759438,11,0.00041080966097176624,0.37374088168144226,-252.63851791206116,142.00643249597314,-79.29822870194265,-33.017305743937676,-61.73724989596546,-38.30974841917514,-45.03079912116075,7.999357804155267,-39.57252573648715,-4.5214640083941395,-29.252886068736906,-29.352747474771594,-10.661073170862599
9.984,2,60,2572.3107134569946,4957.03125,0.046075049867021274,0.16840578615665436,3108.5931222959102,0.0,0.0,30,1.344,0.7957624197006226,0.3253824710845947,632.8125,58.78188207489071,20,0.011077484075132739,0.4588984251022339,-205.12614042835938,126.59188432265748,-65.25191586597899,-13.280825434025532,-53.76632584111824,-34.65544983466779,-63.16824798858577,-29.79408067374047,-58.806376478120114,-18.296971374600982,-15.794038597481743,-10.365671573798004,-6.0759951611280245,2684.08730116407,5183.05352393617,0.0483632189162234,0.08031164854764938,3297.908267557496,111.77658770707558,-0.08809413760900497,30,0.48,0.6542643308639526,0.42911142110824585,679.6875,22.62475857809472,22,0.0005846033187136384,0.34149742126464844,-251.48060594887713,133.72221316749304,-57.564779236279236,-11.772628948560579,-56.676983010931565,-36.04681040361907,-66.01906580140842,-29.962433062680947,-55.15349836838342,-13.034705462847182,-23.288508846970537,-21.969292278162005,-9.635540428595078,3139.8226731468767,6543.425864361702,0.06141175615026596,0.06400365382432938,3588.8964548539866,455.73537198280656,-0.016307994723320007,33,1.5893333333333333,0.5565299987792969,0.5335299968719482,796.875,13.502262992287896,7,0.0005010466209136781,0.5931395888328552,-244.31507952064328,126.77243882296202,-66.68353222551404,-13.220874142975283,-63.19472601955792,-33.11700067804358,-62.70159929399538,-17.289713814406237,-41.48102361590787,-4.818849764679135,-23.164153734371585,-26.65227105429086,-11.502027148486158,2940.539916371703,5767.370345744681,0.05985860621675532,0.06559846550226212,3366.6845389440905,-199.28275677517377,0.0015948116779327393,29,0.18133333333333335,0.5410858392715454,0.5555360317230225,867.1875,14.613092894643922,3,0.0008525263760197099,0.2959141135215759,-251.76106011498965,131.58422427934818,-64.22290488494913,-24.025791899126837,-61.9699779154772,-34.344399950905995,-55.235843385331414,-7.5098633675302615,-28.546671139083735,-3.206613989634915,-24.588848860504175,-28.667210553267854,-11.073797203944716,2935.8914740301866,5743.932845744681,0.060949447307180854,0.07112090289592743,3345.0385233830348,-4.648442341516329,0.005522437393665314,24,1.024,0.4528236985206604,0.6128817796707153,937.5,11.65278895929163,12,0.00036744556477600574,0.24425533413887024,-239.62941111705913,130.08666864494083,-68.35373378227625,-29.122847783652308,-68.41506894654435,-30.28168855562341,-43.97994279549932,2.322396708488066,-27.336354836400314,-9.533962056455188,-25.962576667361166,-29.11674395123372,-16.562074044213663
8.6613,2,60,2649.2315788083934,5106.211656441717,0.04702178393404908,0.17647787928581238,3071.7602274651263,0.0,0.0,27,0.5333333333333333,0.8173796534538269,0.28781798481941223,632.8125,58.00104359236312,44,0.012702191119760153,0.5579758286476135,-195.2661680991096,122.49138180593636,-69.06193981241664,-0.9771972199201259,-54.5015415414542,-38.7802182879172,-63.62296200424352,-30.025678182792795,-63.146278334142394,-19.94988423379047,-12.162023614460216,-16.942449643105853,-4.250308431852555,2784.7316519190113,5365.605828220859,0.05339340490797546,0.08573191612958908,3218.883798146489,135.5000731106179,-0.0907459631562233,29,0.64,0.6315105557441711,0.4669497609138489,679.6875,21.742990546226864,22,0.0002508739849094866,0.39379847049713135,-225.52934051049405,129.48881121797464,-70.14057564653054,-0.627215287760599,-54.407796576287275,-41.53383746222396,-61.08008179108626,-23.78073439328348,-56.42397564633434,-15.397535279368297,-17.170083891895572,-24.13817278805813,-17.1902572121844,2858.683859890437,5445.983512269939,0.056622651457055216,0.08045023679733276,3283.869453029061,73.95220797142565,-0.005281679332256317,27,0.33066666666666666,0.6707519292831421,0.43615037202835083,796.875,21.498179580257727,7,0.0005707899446431206,0.39961734414100647,-237.18838289434265,129.43770580655257,-69.82444738235233,-15.303784306017992,-54.0727222110345,-44.26757137042688,-57.101411409987136,-13.9031402204099,-39.715507702911566,2.5516324875082033,-15.998187997014675,-18.802459348575617,-14.494847279855813,3041.6945327765084,6035.803297546012,0.0617660803297546,0.08529594540596008,3487.5278371586037,183.01067288607146,0.004845708608627319,24,0.64,0.5683457851409912,0.5189834833145142,867.1875,18.71638445636148,2,0.0004916489272889209,0.34624457359313965,-227.66516407655533,128.72930557146407,-73.20681587913495,-20.881986090078772,-60.182744535440115,-44.331922212765264,-59.76695871537145,2.7761104770087384,-34.37713427707668,2.6037485488273786,-19.72355161973052,-22.806202398849504,-8.378171656397603,3146.21129044749,5890.289493865031,0.06766439800613497,0.07257313281297684,3413.7299821082006,104.5167576709814,-0.012722812592983246,23,0.6613333333333333,0.4552002549171448,0.6325423121452332,1031.25,12.518488823238824,32,0.0005695458563831856,0.3631014823913574,-234.4380294868165,129.2526842028364,-82.47747545073804,-22.580695537142162,-64.69615770345646,-36.12001828341172,-52.988920290516695,14.270978262931928,-34.36267657481389,-10.070955591250806,-24.40655281164782,-25.598068480127786,-13.214066609096927
9.4507,2,60,2693.1620376241603,5312.543890449439,0.051911429073033706,0.1759786158800125,3134.6931087002513,0.0,0.0,34,1.0133333333333334,0.8106312155723572,0.3064916729927063,632.8125,59.00934095674697,20,0.012210688996543092,0.6050328612327576,-194.51252356496116,121.72628756276194,-71.15415537886182,-14.379612466686055,-47.95436342926883,-31.19434852708527,-63.75615142872849,-28.569926008732004,-52.717021693632894,-17.08998619169374,-14.916627807126773,-11.677526169393,-4.222979838400266,2535.699841359186,5104.371488764045,0.04394805565308989,0.1085427775979042,3176.227737701188,-157.4621962649744,-0.0674358382821083,28,1.1413333333333333,0.6611692905426025,0.4288870096206665,679.6875,27.718399797200444,6,0.0002638782303359873,0.29647013545036316,-225.0244105692733,137.69505954045428,-62.580280067296584,-8.515403540187942,-51.43681724365834,-37.802583619448406,-62.44889487624674,-35.07498271320804,-59.51932543768683,-14.773604975869638,-24.36844003664553,-21.061013500501428,-11.403857505326538,2614.970429305796,4947.1558988764045,0.04984034849016854,0.086272232234478,3186.8414252341145,79.27058794661025,-0.02227054536342621,26,0.032,0.671308159828186,0.42572179436683655,750.0,21.534253948817724,3,0.00026947529072490333,0.42393869161605835,-241.32628799519148,138.97868829363532,-64.48954884743829,-20.159979213838948,-54.30070952263953,-43.10178364872316,-58.49458234592144,-20.38101135690866,-45.27744146211498,1.3331998669830032,-21.715683110455654,-23.055520454175888,-9.299826657948019,2871.232497924014,5609.462780898876,0.05569698033707865,0.061053566634655,3240.1061966776915,256.26206861821765,-0.025218665599822998,27,0.3626666666666667,0.5865705609321594,0.5059688091278076,796.875,13.937156814742842,3,0.0004932448927789528,0.36184021830558777,-256.4116724552119,133.29360110549655,-71.22479280552926,-24.006845631165593,-56.88611222606582,-40.24587532434197,-53.25462106021335,-4.022548087755887,-32.34843940116907,-0.17298644448460182,-20.001530099537007,-26.327089326640692,-9.113007168913004,3096.5699984460175,6358.672752808989,0.0637426483497191,0.057049594819545746,3449.6075515130947,225.33750052200367,-0.004003971815109253,29,0.9813333333333333,0.4136101007461548,0.6622101068496704,1031.25,9.085465263066796,12,0.000509382170223128,0.43975865840911865,-264.82714883234286,135.3382423365795,-84.35623606458272,-24.008017067375736,-71.26377115265352,-28.953491502780906,-52.96989347796987,10.997495114221913,-38.64962971377941,-9.507628958178769,-28.016515559275746,-31.387500614525113,-15.399306210142482
11.584,2,60,3649.3104847424506,6984.912557339449,0.06717450903096331,0.11279422789812088,3501.8599088885485,0.0,0.0,36,2.08,0.7362664937973022,0.38436582684516907,632.8125,32.813825642746394,20,0.01438934272009505,0.6118504405021667,-238.32094575806983,100.64589970862971,-57.27147702826995,-1.6724718438913735,-43.261369330967185,-26.548632577909263,-54.184207661314744,-15.706530849118321,-50.39972093705149,-13.673253717296804,-16.713084337106352,-15.168114715975182,-1.1853616561258942,2538.517838837488,5001.110951834862,0.0432845649369266,0.12305927276611328,3154.9836844118536,-1110.7926459049627,0.010265044867992401,42,0.18133333333333335,0.7163137197494507,0.38188979029655457,656.25,36.73714427571666,22,0.00015747935975061626,0.4512673020362854,-222.61279427290685,133.42694386862166,-61.35888692579867,-7.961165631160623,-54.57245820610846,-42.36452273017227,-63.392768207434486,-33.071521583495546,-60.30944863987553,-15.923993152772818,-16.477390662306124,-20.01825578808449,-6.96677492618623,2822.3239625599967,5448.681192660551,0.05685564793577982,0.07186529785394669,3292.0833792009885,283.8061237225088,-0.051193974912166595,38,1.2906666666666666,0.5667639374732971,0.5134295225143433,773.4375,16.018508485750274,24,0.0004222370983001676,0.42068520188331604,-248.4356639731254,134.88994780467982,-63.5057764356165,-17.50151840109778,-55.59526100560262,-40.98091666314199,-58.48613803638841,-19.67785592378228,-43.87286397470507,-2.3705567441728728,-22.081546284427723,-25.720646909023344,-14.31957657211539,2786.6643076909763,5320.74254587156,0.05587012614678899,0.0852484256029129,3251.538409354271,-35.659654869020414,0.013383127748966217,35,1.248,0.5660519599914551,0.5167047381401062,914.0625,17.45609988094457,20,0.000487011217912638,0.4038436710834503,-235.43696957950766,136.46606437475322,-73.61198349768476,-24.468315665217084,-61.07461345684709,-41.238397397384304,-57.22796293926938,-9.083049155780387,-34.428617676956684,-0.7546153280129109,-27.674457331079672,-24.10007429320245,-13.17471904191052,3131.366917983331,6177.716456422018,0.0642425817087156,0.0668288990855217,3429.6266812985164,344.7026102923546,-0.018419526517391205,39,0.352,0.474735826253891,0.6106429696083069,960.9375,10.810564868533518,12,0.0005326510686174188,0.4581718146800995,-245.01678411143442,135.5983922936003,-82.96913255019919,-24.399834424639383,-60.522539308601814,-37.18064302698921,-51.31898710691888,6.7523944433920775,-40.918978181961286,-6.465464156696845,-37.13070433955614,-30.331097338956788,-12.638017876526296
10.4747,2,60,2912.995108904887,5499.365482233503,0.05832110564720812,0.16677887737751007,3190.2924070140207,0.0,0.0,31,1.4293333333333333,0.799633800983429,0.3247528672218323,632.8125,57.64660270699162,20,0.010966967000790574,0.6037878394126892,-205.2084790911059,117.0403475089937,-66.96768180589673,-16.00846557266305,-39.223969893398326,-30.72012632132177,-61.5685474764897,-22.8540338122457,-54.512926403578994,-17.280716892259562,-15.164040043208422,-10.394781115867358,-2.002077157115761,2562.6445566991083,4975.293464467005,0.0438808692893401,0.09104380756616592,3315.3832060227733,-350.3505522057785,-0.07573506981134415,31,1.1626666666666667,0.6822222471237183,0.4086746573448181,656.25,28.92598294241566,22,0.00020448134733679386,0.2838670313358307,-249.37236714155907,136.63964469336088,-55.21343920362974,-20.165467575484683,-42.17874043521276,-35.737533890193205,-65.80029980505161,-29.06260211490709,-57.07225214748752,-12.967184985646135,-21.046182604298814,-20.17298356909078,-7.096484382747618,2771.3497567812815,5575.745558375635,0.05419178299492386,0.07124913483858109,3371.783259974402,208.70520008217318,-0.01979467272758484,35,0.352,0.6015592217445374,0.4897406995296478,773.4375,16.215225886889858,3,0.00034109159006258627,0.3648233115673065,-250.55999169410063,136.7055232943148,-61.014978647086664,-23.702417961442258,-54.85338843437593,-38.9762883827059,-59.85040106728008,-18.603983776572445,-42.80216934131471,-0.5375225865003305,-22.64008766153349,-24.109948556154,-9.889320082810826,2631.204334237595,4947.929885786802,0.05395631741751269,0.06635196506977081,3221.140067376477,-140.14542254368644,-0.004897169768810272,27,0.30933333333333335,0.6211548447608948,0.4747014343738556,867.1875,15.186971425702307,3,0.0002573751873537342,0.3452377915382385,-266.0229023317734,142.06797590818397,-64.88097582085972,-32.93532620346254,-52.92611625005619,-39.05608693151961,-55.625973738348456,-5.825609357621173,-33.32975440175915,3.4071005687004594,-25.415454266880104,-28.338850993810215,-8.520927426913579,2712.3354087639227,4955.187182741117,0.0581823048857868,0.06834271550178528,3240.1922041162256,81.13107452632767,0.0019907504320144653,33,0.6186666666666667,0.44582635164260864,0.6223807334899902,1031.25,12.531348473000943,9,0.00022033139528270985,0.46565064787864685,-252.2548625255719,144.87944633219533,-78.03920315212254,-33.9683323794266,-65.86758678120994,-32.35803507664863,-49.8424231862624,7.49260757449855,-37.79020681292422,-7.68960428839332,-33.12630282757956,-33.313186091165456,-9.365265094061341
9.216,2,60,2868.4458508532107,5491.013367052024,0.051503793352601156,0.14999344944953918,3226.8526528133266,0.0,0.0,29,1.0666666666666667,0.8165931105613708,0.3072757124900818,632.8125,47.98239475778869,20,0.0126152667103903,0.4691254496574402,-211.62861210984778,114.08437636867153,-69.37776091561497,-8.453002653013652,-47.80039588427236,-34.64151740440702,-60.81421179563469,-30.025261841129478,-61.91773809056311,-14.8028590293709,-15.531795315580657,-12.175546898987474,0.5465087891911722,2781.499856383737,5512.012283236994,0.05188764450867052,0.0789763405919075,3367.5954065279807,-86.94599446947359,-0.07101710885763168,27,0.5546666666666666,0.6589948534965515,0.4255579113960266,679.6875,19.818889756359532,22,0.0002969047218712219,0.37410885095596313,-240.77696070336043,129.78377873155375,-62.65668386846531,-9.73381058160593,-47.464177962463246,-38.13967115245132,-61.551607454576136,-27.956297777730526,-57.633733393699664,-13.174488991739606,-20.58311612821408,-19.57716217805085,-12.040065183132356,2895.266936186025,5627.438583815029,0.05943765805635838,0.06452600657939911,3331.606092010358,113.76707980228775,-0.014450334012508392,26,1.4186666666666667,0.571003258228302,0.5213386416435242,773.4375,15.419344448238977,3,0.00047007621600061636,0.4048446714878082,-253.96092526265736,134.04142879600573,-74.39570887607388,-18.235911884056947,-56.74306537004103,-36.902344167091506,-61.449491659925705,-16.05841467241563,-42.98872141982363,-1.9060237478418784,-22.791977198610002,-21.09751991596678,-14.348779217240418,2941.0190027861804,5708.453757225434,0.061108539559248554,0.07146910578012466,3371.5690076207416,45.75206660015556,0.006943099200725555,28,1.6853333333333333,0.5639926791191101,0.5356250405311584,914.0625,13.85156458354778,3,0.00037876168610137653,0.5271689295768738,-251.60622817165856,134.77466734906247,-74.68326887170016,-18.33755632760145,-61.85657563149262,-42.37977266249322,-59.11726007638986,-1.875211970457236,-37.84699206318061,2.0425644774619243,-29.740320874098355,-28.49787945545649,-8.729869337872325,3065.2650319452573,6121.251806358381,0.06268910314306358,0.06675401329994202,3431.96121146417,124.2460291590769,-0.004715092480182648,24,1.2266666666666666,0.4734656512737274,0.6042506098747253,1031.25,11.38995752087492,13,0.0004999361126737894,0.41983965039253235,-242.16256570744707,130.19115625063506,-72.11635246637661,-27.16151525751654,-60.64647543659049,-37.06942215117837,-49.276274888207496,6.420217246004352,-31.1500751585846,-5.638864158840163,-26.16577189826865,-27.926447757857694,-12.203984499678723
9.4507,2,60,2902.6126446323783,5604.854283707865,0.05501667837078652,0.15904606878757477,3299.273994652114,0.0,0.0,30,0.8213333333333334,0.7829370498657227,0.3259338438510895,632.8125,51.11035790261905,44,0.012315128366568413,0.49695053696632385,-200.71538374494216,116.9694764892486,-67.17169699889901,-10.273529472174367,-51.643392520445275,-31.216996076214233,-63.512391882667316,-26.295261603674312,-58.09738607521265,-17.510971508629982,-14.797001929299098,-10.819069935443697,-4.702662307705387,2641.803435905442,5086.990870786517,0.04564332426264045,0.08170328289270401,3235.6302500966117,-260.8092087269365,-0.07734278589487076,32,0.07466666666666667,0.6048917174339294,0.4818197190761566,656.25,19.852589015342847,22,0.00026142563517449197,0.41311055421829224,-240.53461827565462,132.91954226555686,-64.00752547735189,-12.76146581851003,-45.512733866123895,-34.08212258463547,-57.542086373055746,-31.607586739391092,-58.01838203187939,-14.136863355319699,-21.66411765778819,-19.03389386489148,-12.411183647777845,2667.966486287403,5201.2816011235955,0.05255332689606742,0.08485102653503418,3186.139119974633,26.163050381961057,0.0031477436423301697,27,0.3413333333333333,0.5535383224487305,0.5353320837020874,796.875,18.99295789535525,20,0.00024124407631426594,0.31380605697631836,-235.1913308060648,135.39887720624682,-60.59998158589573,-21.906849838354237,-46.895508591619375,-44.594206518949,-51.902679186824805,-18.865893683781312,-41.452911781057765,-0.5003084994541298,-18.94163988405886,-21.162460512749277,-12.41688369307737,2829.7113743716645,5283.70786516854,0.058281030547752806,0.07154712080955505,3224.374996942859,161.74488808426167,-0.013303905725479126,28,0.7466666666666667,0.5191472768783569,0.574653685092926,890.625,13.972869972078879,3,0.00032081990633901737,0.3637385070323944,-244.3992831126354,137.37497356889264,-79.93424558547792,-22.71843801542684,-59.989155256706205,-38.14194523562372,-59.52032798798076,-2.466373342391281,-36.0373221596396,-0.23643112520664397,-24.542165606943342,-28.20135590740483,-9.860203219103507,3166.619058709551,6072.550912921349,0.0682935393258427,0.06576691567897797,3375.3073866062464,336.9076843378866,-0.005780205130577087,27,0.042666666666666665,0.5041075348854065,0.5936996936798096,1007.8125,11.919617678910408,11,0.0006038984698202611,0.32814037799835205,-244.62327147369152,124.51143560508996,-70.98906488429549,-23.589834901729972,-58.966232809691434,-38.85498054756469,-41.032357229057595,8.222097759465488,-31.936342012620255,-2.475740329405348,-23.2687066867766,-32.468365655690086,-11.462560379833496
16.512,2,80,3319.7752685341356,6492.792338709677,0.05957188760080645,0.1379842311143875,3409.120975605693,0.0,0.0,52,1.6106666666666667,0.7826254963874817,0.3391081392765045,632.8125,42.34136830443893,20,0.01010035155497452,0.45500466227531433,-215.3622404520534,109.181614338562,-61.181393686695785,-5.754473421379611,-47.093607711850865,-29.98505799098312,-55.62743079717566,-25.870912492080226,-56.02655162444594,-12.21821731988301,-16.417682087454313,-17.609708268473714,2.954172925119865,2665.7381198630155,4978.503024193548,0.05305727066532258,0.0749366506934166,3057.855219254795,-654.0371486711201,-0.06304758042097092,51,0.14933333333333335,0.5262399911880493,0.5578006505966187,679.6875,13.458900162522795,22,0.0003873637135619656,0.3136947453022003,-246.88048398131926,135.04082278443792,-69.71486017340905,-15.131429227305219,-51.07839729265338,-38.530929695833336,-57.87012214593438,-29.233144897586932,-50.987712022321205,-8.417006162574168,-18.3381804863624,-26.539414100431387,-10.857455682677116,2905.2457078089096,5546.673387096775,0.05917811239919355,0.06748656183481216,3334.6635558158537,239.5075879458941,-0.007450088858604431,49,2.528,0.5630701780319214,0.537108302116394,914.0625,13.546163331385603,3,0.0003932596757723397,0.4383169114589691,-250.50761330298542,133.37579095538413,-74.02576136853469,-24.30046061391742,-57.497960097182414,-40.77065706933428,-55.449966974533,-5.947443021191701,-35.131895717010515,-0.2408992364680265,-25.724573391776104,-25.563949848541537,-14.615834344772065,3084.8144927910203,5926.587701612903,0.06651493195564516,0.06633615493774414,3371.151013570077,179.56878498211063,-0.0011504068970680237,47,0.32,0.4271581172943115,0.6522027850151062,984.375,10.69453054330947,12,0.0004640061320560809,0.35080665349960327,-243.8223167308795,133.76558064698142,-80.21420332980647,-31.973093029643785,-59.91182507220604,-30.508524368725293,-42.39246326214974,8.44281759633036,-39.405209184966495,-9.826630410517389,-32.92179559331299,-29.61217296891739,-14.544116823580104,3102.696291048814,5763.205645161291,0.07087323588709678,0.05783958360552788,3302.400340347568,17.88179825779389,-0.008496571332216263,41,2.986666666666667,0.37021368741989136,0.7162918448448181,1289.0625,6.516230744742738,15,0.0004531888943567321,0.4282277226448059,-254.0715929101478,136.9495709402929,-90.35545137242508,-38.59169515319813,-54.618310312909145,-8.100046703959576,-37.78971015050315,2.7459283736582196,-50.36041653466227,-11.506775586369123,-28.810308423558343,-28.827024203623775,-8.864450349778057
16.832,2,80,3276.956912826766,6247.057950949367,0.058837890625,0.10925586521625519,3347.6936309990506,0.0,0.0,52,1.5893333333333333,0.753511905670166,0.3671315014362335,632.8125,30.320554700390186,20,0.009955954659524006,0.3569786548614502,-240.19702635596047,116.0163501584939,-61.05875283262563,-11.426756590851367,-40.37441256009585,-27.97323955190002,-60.597934513663446,-22.737963585003918,-55.254764014495166,-16.57518578892579,-17.832194349175175,-12.382513840989589,-6.001338124142705,2520.873910080874,4664.4333465189875,0.04944156695015823,0.08295121788978577,3167.3198348256497,-756.0830027458919,-0.02630464732646942,55,0.192,0.5960829854011536,0.48710310459136963,679.6875,17.35080858941866,6,0.00024842587769736925,0.30037975311279297,-250.93932911006866,140.60134170513248,-59.72598285884743,-25.266758012475815,-44.354732935793876,-41.89141055712918,-61.86397635447295,-25.85798312174086,-48.955550430131986,-6.518485561444635,-23.965441984142437,-21.207000813967376,-8.784856569602068,2602.4729341393095,4968.082476265823,0.05415595332278481,0.07175997644662857,3166.367570068095,81.59902405843559,-0.011191241443157196,53,1.2693333333333334,0.5855838060379028,0.5093864798545837,914.0625,15.379687947249794,8,0.00031187347911686966,0.37610259652137756,-257.3548121077357,145.66932418107106,-68.5829343529539,-32.87064856502161,-59.15089061345648,-37.2466106970171,-58.761970474293975,-7.986131367254843,-36.32028713814444,-2.100623464687639,-29.226550057888204,-31.186714914482454,-9.361078406801207,2716.011211728347,5088.162579113924,0.05919174001186709,0.06354279816150665,3060.211570689178,113.53827758903753,-0.008217178285121918,48,0.33066666666666666,0.44314512610435486,0.6351060271263123,1101.5625,10.76869502700864,12,0.0002942137366540276,0.3164021372795105,-257.8968454913846,139.7728377490544,-71.19858160997667,-36.6813769911658,-56.803324758098974,-29.362290007116158,-37.426003233866986,5.620425170528629,-33.154576312977284,-15.23583212212484,-26.72733613934152,-33.54314292917198,-16.786778172482194,3190.427374099881,6288.2219145569625,0.06598750247231013,0.046933989971876144,3497.3302742966393,474.416162371534,-0.01660880818963051,49,0.9066666666666666,0.44784480333328247,0.6631561517715454,281.25,5.961341497069298,10,0.0005677589715565707,0.27829408645629883,-263.326001554088,134.55861448796878,-77.46419510723278,-32.004628764081815,-54.34345628890474,-7.530567282016735,-36.95858247446751,2.37740755997409,-45.80645929084944,-13.860341034993219,-28.465567702495782,-26.49855595270799,-20.044203867329696
16.9387,2,80,3396.171063282167,6701.135023584906,0.06088775058962264,0.1386609673500061,3509.5644844918024,0.0,0.0,49,2.474666666666667,0.7809087634086609,0.3368004560470581,632.8125,42.96910783899167,20,0.01016740345495131,0.40194791555404663,-214.42966892715305,108.46993404335103,-58.783821258811585,-5.2517353957627515,-47.56285650560815,-27.293715558025816,-54.177997203431104,-26.50986447567416,-58.333625327058,-11.6030499661344,-18.34219455995716,-15.44683339244151,0.5784190379236515,2749.023325384585,5275.132665094339,0.05325950766509434,0.08267798274755478,3152.2343967679762,-647.1477378975819,-0.055982984602451324,54,0.9173333333333333,0.5925357341766357,0.4963715672492981,679.6875,17.982891369338656,22,0.00025452433400614046,0.3662923276424408,-235.24643382890767,132.65999472200764,-73.35496507853516,-9.786599347538363,-56.68836825596585,-39.322744966150914,-61.78642026560835,-30.114058330690316,-54.96995944403724,-10.25148293501839,-18.95780787304588,-25.83007797082009,-8.682447570461688,3126.8962644337266,5999.115566037736,0.06464813040487422,0.07757997512817383,3417.101081709417,377.8729390491417,-0.005098007619380951,50,2.4426666666666668,0.4783974885940552,0.6072313189506531,890.625,14.01773402001768,8,0.000501168893931157,0.3236868679523468,-224.17577167713247,127.50225374162964,-74.31196403938497,-18.43684282677072,-55.333934920335615,-43.01121106120331,-56.31321098909097,-5.171111899082783,-40.74809594513964,-4.714770351820544,-26.519008446994636,-25.8430154660855,-13.698422972659673,3059.473002000082,5850.530660377359,0.06525924970518868,0.06650462001562119,3331.0734102455326,-67.4232624336446,-0.011075355112552643,46,2.5493333333333332,0.43773993849754333,0.6450101137161255,1101.5625,10.425373375626886,33,0.00039834563300376847,0.38630247116088867,-247.8215568221094,137.28276221295567,-86.6218050368026,-30.579714239387247,-60.440143705898,-32.102392758171945,-45.67906164714506,11.740125492777565,-44.184869384736565,-10.095898531960058,-32.197869338691305,-31.886223577053542,-12.319341911503907,2906.1427870469356,5207.547169811321,0.06649684306210692,0.05799423158168793,3111.074673403562,-153.33021495314642,-0.008510388433933258,46,2.144,0.3704804480075836,0.7152398228645325,1382.8125,6.396142625025428,14,0.000565943724839241,0.26366934180259705,-266.61678418492767,141.11608908165684,-88.59493825053838,-43.295408784612654,-50.0407694367168,-5.073663242145778,-41.288619815466554,-0.014953896987102817,-43.011824305433315,-15.202734959669417,-29.843601319479866,-24.803332120136893,-13.182184802402583
17.0027,2,80,3181.26217963809,5755.632836990596,0.06147292564655173,0.11934355646371841,3264.533140049475,0.0,0.0,51,2.304,0.7363508939743042,0.38931944966316223,632.8125,36.97087957548066,42,0.00996346569800025,0.4111607074737549,-231.46160543029038,117.19169365277195,-58.59820173580853,-12.319599890628707,-40.77072055367245,-29.53404173624505,-58.31961010749711,-28.10212693841192,-52.379533873316014,-14.618106004339271,-18.800877985777436,-10.536245835008689,-5.3699884706265575,2685.3898393648356,5084.02723354232,0.05195373726489028,0.06942013651132584,3325.867413407431,-495.8723402732544,-0.04992341995239258,52,0.128,0.5139262080192566,0.5643518567085266,679.6875,11.873732843743841,23,0.0003247061707879249,0.399555504322052,-253.8728930539433,139.998751366717,-68.03543391411436,-23.63184193093038,-56.27521196294497,-29.025682054603106,-67.82622958584402,-23.03286064284432,-49.32440818706101,-9.649598044189851,-26.466629129830213,-26.049893317609598,-11.509188492103242,2752.5211799325116,5358.22394200627,0.056173773021159876,0.08108016848564148,3311.881906423714,67.13134056767603,0.011660031974315643,50,2.7413333333333334,0.5194014310836792,0.5593295097351074,937.5,15.023056384658737,3,0.00028099915655526716,0.49213719367980957,-240.86976544132767,139.44600329329467,-65.86567998601676,-30.85253270525812,-61.67393604973079,-34.321766288730004,-58.96802981303707,-5.932756024143016,-33.85015892547487,-5.225522843409077,-24.848666799473506,-28.40018153673116,-13.211961684336666,2884.270213259372,5512.882053291536,0.06039074745297806,0.06035962700843811,3265.4587177133617,131.74903332686063,-0.02072054147720337,48,1.1946666666666668,0.475685179233551,0.6039354205131531,1101.5625,9.90987662000516,13,0.00029974188915809667,0.4072648882865906,-259.34053053114343,143.08184559689164,-82.1409689978022,-34.18963092892926,-66.42741729102536,-22.0055173691765,-42.96865076641332,6.648824983650588,-41.135652089608314,-11.266032575174439,-34.88548978418643,-31.653133233053623,-15.605316021827617,3055.398781125334,5721.6153996865205,0.0650577365791536,0.054773807525634766,3312.2513196856808,171.12856786596194,-0.005585819482803345,51,0.9386666666666666,0.3994831442832947,0.6936576962471008,281.25,5.953685862041807,15,0.0004921815134886856,0.35367393493652344,-254.5889482255225,138.4283942231826,-83.66175590762465,-36.78430594686768,-52.40944463884349,-3.9854183211144014,-40.328681642761545,0.6568810424843822,-49.10374677303135,-15.875153637694945,-27.370298115036046,-28.877285286428876,-17.571878059648753
14.464,2,80,2906.313905830118,5718.577665441177,0.053326775045955885,0.14949262142181396,3308.668749614278,0.0,0.0,47,1.568,0.7887814044952393,0.32842305302619934,632.8125,47.168730343712234,20,0.008426105164253236,0.4415781497955322,-207.11318475135616,118.65833263119855,-62.3441513195705,-12.41947674186304,-43.54167641662739,-35.16969912356041,-58.690086045460305,-24.473625191890875,-58.17030677103912,-13.108190311646705,-15.159966926971306,-14.393346412239264,-2.992439170372116,2671.931120321784,5078.527113970588,0.0537109375,0.0750686451792717,3271.775097577748,-234.3827855083341,-0.07442397624254227,52,2.8053333333333335,0.6006941199302673,0.491907000541687,750.0,16.218276220968153,23,0.000335442637448238,0.6007493734359741,-245.98472807695288,138.50714123916092,-63.88039554424048,-24.84601592028211,-46.51951556742874,-37.71501127069896,-59.83440308712907,-18.82259595491558,-46.65283607849893,-2.8312293913086277,-19.30695143860178,-23.950543675759715,-11.54483286296229,2802.6448156567376,5428.280101102941,0.054612103630514705,0.07080988585948944,3396.6230010651725,130.71369533495363,-0.004258759319782257,42,0.544,0.5622620582580566,0.5234930515289307,796.875,14.9934763715014,2,0.0002647618132265404,0.25101983547210693,-249.87005932619596,135.34668457018986,-60.48252488831768,-34.33907694447735,-51.678930632485184,-40.12523085156144,-50.725659375578914,-0.1517641496901414,-30.99208242339208,2.118069269552703,-22.212062845606177,-23.43054887533773,-7.80676086943018,2777.5588756138523,5290.670955882353,0.06012680951286765,0.05552125722169876,3221.320586304546,-25.08594004288534,-0.01528862863779068,46,1.2693333333333334,0.4340844750404358,0.6538694500923157,1101.5625,8.554164445379124,12,0.00034604841759238727,0.33709436655044556,-272.3619808538938,143.6560067505585,-75.15769783309764,-34.56363594015181,-62.578765873146054,-26.363756276845706,-38.554727017591134,11.582407704284739,-41.13527362483569,-13.374321357682481,-27.288813062261443,-29.66006200118464,-14.293251249083664,3132.454393814864,5983.283547794118,0.06750129250919118,0.04599526524543762,3373.852826844503,354.8955182010118,-0.009525991976261139,41,0.05333333333333334,0.45771196484565735,0.6627090573310852,281.25,6.9646948399444835,13,0.0005083428313242162,0.3353482782840729,-266.64759293463095,135.5947729970234,-89.61834425697097,-31.240786428313445,-50.57812678081894,-5.167886849680421,-38.092710820071886,4.501633910719417,-48.53743212666106,-10.915853022398247,-22.290995655413,-27.824878671902013,-13.793171261228675
14.2507,2,80,2751.2407846270526,5322.586287313433,0.04947855935167911,0.14709918200969696,3177.526974344645,0.0,0.0,39,0.6293333333333333,0.7951280474662781,0.31707701086997986,632.8125,50.165277589787166,20,0.008077278698003107,0.4721168577671051,-218.205164288462,122.3266504820499,-62.223755427218826,-14.157530396697632,-45.86067835065206,-35.54232926322892,-59.034180729326586,-29.533426334186995,-58.222701063354165,-13.90719552611557,-14.797698555452564,-15.193603907187772,-0.5782225384071091,2795.8228058136424,5576.113572761194,0.053169819846082086,0.05998047813773155,3333.345239845863,44.58202118658983,-0.08711870014667511,44,0.17066666666666666,0.5724740624427795,0.5112809538841248,773.4375,12.718378676280578,7,0.0003581859218617832,0.3435707688331604,-264.27154063471795,135.61997776235464,-65.47319080216998,-18.128830448967715,-51.47137949355222,-39.20862500524068,-60.860911144828755,-20.23121246384771,-46.9245082868277,-5.1093662240102455,-20.551575211021557,-24.846868010538447,-13.330300403760058,3090.427839791207,6373.163479477612,0.05890894647854478,0.0623709037899971,3527.4387974664205,294.60503397756474,0.0023904256522655487,44,1.408,0.5194419622421265,0.5744603276252747,867.1875,13.37871023523235,3,0.0004525163423072136,0.393955260515213,-258.1885330699389,129.5117057081775,-68.53729138346235,-21.62930005284717,-60.01351369855239,-38.55834642579125,-53.75102036569792,-1.5316818873845897,-33.184088613657416,-1.3668284724748614,-25.936729624307,-22.61530982327618,-14.194552078198292,3171.6214331722504,6271.717583955224,0.06532583663712686,0.058927975594997406,3483.2467905517506,81.19359338104323,-0.003442928194999695,38,0.6293333333333333,0.43039649724960327,0.6489843726158142,1054.6875,9.143137468408819,12,0.0005535533456517837,0.34004709124565125,-255.06573973176788,134.8436593061601,-81.20975111802035,-31.591129054719108,-64.81837331945931,-27.24668473759608,-43.205232394551984,12.415781117555632,-40.6077781939691,-8.791970851817812,-30.272713712006624,-27.976189920917232,-13.928061239835305,2912.2835346719435,5251.749067164179,0.06824641441231344,0.059977345168590546,3113.908231538397,-259.3378985003069,0.0010493695735931396,38,2.3893333333333335,0.3949311375617981,0.689474880695343,1218.75,6.9921354064588455,14,0.0003857678348953331,0.3174663186073303,-254.41301502083988,142.365706028264,-91.60551996619455,-41.95163276810701,-50.883591842575036,-11.371901446651421,-37.618295520472735,5.593130695561348,-48.114466930667845,-13.206593561661887,-23.112072583287087,-28.163485656487616,-14.152929029254532
14.9333,2,80,2914.3867666783776,5564.612989323843,0.055921235542704624,0.14545051753520966,3244.3110379333602,0.0,0.0,44,1.3546666666666667,0.7755694389343262,0.34133076667785645,632.8125,45.205722094701166,20,0.007753369051093894,0.4599166512489319,-210.23339986682265,119.2139274001059,-64.70755775156066,-11.890030969824227,-46.54800406776173,-34.904818389618406,-59.00027411808493,-26.962015436716083,-57.96808548395577,-11.9450417508399,-16.599964305637354,-15.512782851682227,-1.198338492124684,2650.9415032834486,5121.385676156584,0.050737808607651244,0.07314042747020721,3246.5443359668066,-263.44526339492904,-0.07231009006500244,46,1.984,0.5750971436500549,0.5138682723045349,773.4375,14.584691826652708,7,0.0003261200975817301,0.3747335970401764,-255.49273363829926,138.5787251964112,-60.786592411748444,-17.80997778884675,-52.70912169452458,-40.38707232787732,-58.76104690135469,-22.43144272152293,-46.80578190818484,-6.63816630969543,-22.292235323691738,-24.960219913859923,-12.838902297275586,3076.61374440452,6030.360320284697,0.057137594528469754,0.06742046028375626,3489.922018917472,425.67224112107124,-0.005719967186450958,46,0.6506666666666666,0.5888045430183411,0.5041061639785767,773.4375,14.990592611031479,2,0.0005574723981533251,0.22766031324863434,-250.30396059019867,124.98221898199544,-61.21882196547123,-23.862205005449155,-54.962566807931466,-37.85678791308803,-49.62531502104326,-4.966342487742952,-26.034672936301632,2.0413596449133693,-20.918442743976673,-21.300427899575762,-13.57737703713936,2850.091280053503,5205.9608540925265,0.06303519795373666,0.06038730964064598,3211.914941412683,-226.52246435101688,-0.007033150643110275,45,0.256,0.4505194425582886,0.6265833377838135,1078.125,9.9110277981379,13,0.0003298806519445694,0.2844691872596741,-255.07169300617232,139.3792021563044,-75.91493677915807,-34.11455342298995,-56.945190081814175,-32.7411940327008,-36.25677652012653,6.697993664876535,-36.51255173374894,-6.707619571771922,-30.35909183139147,-26.107437075259952,-10.898879158865103,2887.5875677968975,5223.309608540925,0.0664027746886121,0.053940631449222565,3044.7303310149805,37.49628774339453,-0.006446678191423416,43,1.8666666666666667,0.4112517833709717,0.688114583492279,281.25,6.506593651216408,13,0.0003412740647400967,0.3650640547275543,-258.33848490456467,144.2543617284781,-93.24686969050126,-36.456670737156706,-46.87971294115244,-11.373543833309464,-38.69160885892913,1.0380054883372845,-46.262952086994105,-11.211041970119135,-25.791204760734754,-26.88544968685982,-15.07558068227024
14.4427,2,80,2689.0179112121855,5211.0816420664205,0.05028756342250922,0.12340851128101349,3146.9143233328864,0.0,0.0,46,0.672,0.7431924939155579,0.3744540512561798,632.8125,35.823026309013756,20,0.008226371674752367,0.34778472781181335,-215.41884071961567,126.22288561771738,-69.92493972264367,-9.183821724755717,-49.12233864943163,-36.21244105411344,-63.19773421583118,-29.472116258183767,-58.261136053140675,-19.1164299073767,-16.46463314820703,-15.414411900890933,-9.721561415198048,2953.298365028077,5832.824031365313,0.05734331757380074,0.07098568975925446,3481.3495083430525,264.28045381589163,-0.05242282152175903,45,1.824,0.6247210502624512,0.48153579235076904,796.875,15.143645629763144,23,0.0003852889714148163,0.4244932532310486,-240.70795023659701,131.10948737181522,-64.96761054055308,-15.444260736252273,-52.46718452580662,-40.352750269184554,-62.01049218361031,-13.485981710382074,-46.24841930993615,-2.971611180586762,-20.56552988378241,-23.246390598430924,-12.986380326275746,2946.3028604197502,5637.280904059041,0.059600942689114395,0.07486581802368164,3351.483041260315,-6.995504608326883,0.003880128264427185,43,1.3973333333333333,0.5303347706794739,0.5651062726974487,937.5,15.416294613533928,23,0.00047283035716784894,0.36545529961586,-242.43441365199493,131.09707734753204,-71.70697111608537,-19.682118829898595,-67.06984011556126,-35.247493907329144,-55.53494845345972,0.5889014997934611,-27.34976260302723,-5.86562227849973,-27.727149577861685,-27.695796990954413,-13.85414685041732,3044.4494158535454,5810.424354243542,0.06602066997232472,0.0634961873292923,3311.515356667401,98.14655543379513,-0.011369630694389343,46,0.37333333333333335,0.4020816683769226,0.686574399471283,1125.0,9.060489106760391,32,0.00042528059385480663,0.25238901376724243,-243.46995927509067,129.28461807401885,-73.4147847721466,-28.803235137166922,-58.299493032965906,-26.623167815596894,-37.145075558695794,7.397219309555236,-31.734000394551618,-13.479206066936952,-28.47885828076377,-27.122532215063025,-15.470759044484067,3159.4328268883187,5922.768680811808,0.07005484605627306,0.056582193821668625,3290.6658619534564,114.98341103477333,-0.0069139935076236725,47,0.128,0.4152620732784271,0.690720796585083,281.25,7.018893504442369,13,0.0005331756361403252,0.31542152166366577,-247.23398754409627,132.58933203994857,-90.61654992869491,-25.751603064537104,-54.34277255157078,-6.306038048912439,-35.509331197937996,-1.1771782305119887,-43.13973226968777,-13.458182217064037,-30.073569526956344,-24.791542387609248,-15.327161099991716
14.6347,2,80,2885.9809898526864,5559.119318181818,0.05425071022727273,0.14133763313293457,3153.466301506685,0.0,0.0,43,1.376,0.7753363847732544,0.3466213345527649,632.8125,45.607469974227364,20,0.00965423469522362,0.4326769709587097,-211.6905008449225,116.81035496350039,-65.49734099695996,-7.735809127598913,-48.41991713247862,-36.99090669501016,-54.649750490928824,-31.016224709243655,-59.056685583693785,-14.728317552404484,-12.160384954808661,-15.876028611475466,-0.10199793643320225,2935.7068973868986,5694.375,0.05632279829545454,0.06912486255168915,3230.591999131278,49.72590753421218,-0.07221277058124542,44,0.416,0.5929059386253357,0.49741414189338684,679.6875,13.840554533907188,23,0.0003842233818393015,0.34661659598350525,-247.04316306466254,127.93373584100463,-73.07465672463583,-5.15374105706154,-56.89554701011141,-40.74590892157353,-58.0315744634363,-25.501155103991987,-51.01746744757733,-9.08818459170077,-19.117668441099244,-24.077685830613845,-13.166389532983336,3001.666057558004,5718.409090909091,0.06167080965909091,0.06408581882715225,3296.668696366721,65.9591601711054,-0.005039043724536896,43,2.4,0.5753836631774902,0.5302929878234863,867.1875,12.454281431215172,3,0.00042066286669884586,0.395124614238739,-245.1577384393259,130.91625380574885,-77.64532261820536,-18.50866384598383,-57.61892715706007,-40.45908207275149,-53.09128450708197,-5.810130600743611,-34.114748696690825,-0.22563286208478117,-26.618862217103093,-25.269626817112545,-14.969095151790713,3083.2568304272495,6036.5625,0.0676651278409091,0.055637091398239136,3427.9724810167377,81.59077286924548,-0.008448727428913116,46,0.512,0.45991063117980957,0.6220871210098267,1101.5625,9.111987508829484,13,0.00035314362833509434,0.3295634388923645,-258.6270187202585,136.50606302884884,-80.37451781995155,-30.254833239632987,-60.08545653374362,-31.274185356632422,-43.301532624146006,11.907912983864012,-41.852837926215315,-6.23302150868507,-31.53413455406418,-34.27468416902255,-10.646531671322723,3040.737925309857,5541.392045454545,0.06972478693181818,0.047931428998708725,3110.0027840700373,-42.51890511739248,-0.007705662399530411,38,0.384,0.4083390235900879,0.6948466897010803,281.25,5.641699490123914,34,0.0003877410454142197,0.3700017035007477,-271.7601369779715,143.33885935385516,-95.39040195400761,-32.04004267662535,-49.61050944826707,-13.379114483037007,-39.35582945033785,10.190100350822199,-49.86636847229101,-13.76498365483102,-25.992416542942188,-33.55526936294295,-7.605582536447761
14.592,2,80,2762.408722616838,5506.700501824817,0.04827747205748175,0.14646252989768982,3249.267453431806,0.0,0.0,46,1.6533333333333333,0.7341275811195374,0.37997671961784363,632.8125,44.04961394526527,20,0.007970802133963752,0.38182249665260315,-206.0142843920816,124.9769995999569,-62.918730728842576,-11.952232604153888,-49.74674869697218,-33.638339595978046,-60.473053186066615,-30.09030406175481,-56.99758417874565,-13.993107307103426,-16.537681566647322,-14.20936879447056,-5.2234473149406355,2821.6053955478556,5627.651687956204,0.05499044822080292,0.07836446911096573,3372.96164855512,59.196672931017474,-0.06809806078672409,43,1.472,0.57483971118927,0.5142848491668701,726.5625,15.748712192581829,23,0.0003057195104904033,0.3308025002479553,-235.67642841673464,133.18700785837157,-59.17281589986468,-16.338818234847693,-49.03396520120415,-41.105144970952466,-55.758618234546724,-21.682206672163325,-47.00000550201742,-2.2352156063831177,-22.15889410906926,-24.502937069618717,-10.936423017767149,2915.770767985544,5752.965328467153,0.058404852874087594,0.07977597415447235,3429.64717630794,94.16537243768835,0.0014115050435066223,42,0.96,0.5053585171699524,0.5824427604675293,843.75,16.31288442110223,3,0.000379489907561713,0.3079395294189453,-236.80964422560774,135.83641095696274,-66.40977112532367,-26.136328445526026,-60.483776326011565,-36.85552371937847,-52.16829877417924,-4.022546650890458,-38.22023802349285,2.3532890662523918,-26.875561304875017,-29.960840014395348,-10.351856860165704,3088.42389179684,6019.5027372262775,0.06503407276459854,0.05749077349901199,3385.5681460915393,172.65312381129615,-0.022285200655460358,40,1.4613333333333334,0.4362891912460327,0.6466679573059082,1125.0,8.296108141477228,13,0.0004993488070358253,0.44879645109176636,-255.11727309555332,136.51298596422396,-82.23226396794057,-22.3794931307874,-71.25242777572826,-24.08103187195853,-43.53397965161314,9.27675579167614,-40.332996874375006,-11.501413751696223,-31.059243834194426,-34.30798154214237,-13.527621806713952,3106.6523630515226,5852.018704379562,0.0660373659899635,0.04163120314478874,3391.217137332838,18.228471254682518,-0.01585957035422325,41,0.448,0.47526562213897705,0.6453350782394409,281.25,6.503918947289862,13,0.0005466705734138645,0.46261540055274963,-278.6868829460141,141.93312964381533,-94.91028748675339,-24.131180398221677,-57.57118357410916,-1.9135682375906307,-41.24255808695979,5.941246503726733,-50.36262465440791,-9.205023145816371,-30.15069439799037,-27.840241729295055,-13.712090659790798
16.576,2,80,3141.609229815585,6059.460409967845,0.055310804360932476,0.1384240835905075,3300.1150650039526,0.0,0.0,53,1.7066666666666668,0.7654306292533875,0.3554307818412781,632.8125,41.41152991262133,20,0.009955058206892416,0.44480279088020325,-214.97848302293582,114.82505023539328,-62.964883818757166,-3.7637189607585775,-49.926203864264366,-31.644816391611958,-57.80879652135157,-27.180258250747684,-57.034646081257385,-15.670769228164852,-16.631909679860406,-17.736849109992882,1.2664603172624027,2622.061207595987,5019.7698954983925,0.051099967343247586,0.06810245662927628,3072.877261046972,-519.5480222195979,-0.07032162696123123,47,0.768,0.5818852186203003,0.5041565299034119,726.5625,13.980239874149316,6,0.00024027806985766527,0.2763550877571106,-251.0552195288712,134.135438865709,-59.838584404185546,-14.44127981755754,-48.40338252725439,-45.17578147283174,-52.46256668278531,-24.625800520969843,-46.03654186977168,-8.671280844258833,-16.617134833325128,-25.258882775761055,-10.63398344102279,3116.1472840041324,6136.7061897106105,0.06258164188102894,0.06126756966114044,3482.9360285570688,494.08607640814535,-0.006834886968135834,52,1.6213333333333333,0.5273133516311646,0.5635589361190796,867.1875,11.081152357955046,8,0.00048459895895340755,0.3624763488769531,-248.9158324168205,129.18709326753762,-66.28369593811745,-19.74851095811094,-59.527063695686785,-40.8433823217001,-51.34381193657435,-4.214321869049672,-37.01785757223277,-1.4817007972148701,-27.531062732870108,-26.336250060338955,-12.744220305997365,3064.2958058140002,6185.465233118971,0.06373090836012862,0.06343962997198105,3439.5362966995613,-51.851478190132184,0.0021720603108406067,51,1.8346666666666667,0.4357198476791382,0.6362706422805786,1101.5625,10.42670871383235,13,0.0004107366432414606,0.4067651927471161,-248.83232832387003,137.83641573455074,-80.19260926801384,-30.487641934078844,-64.54934505831463,-28.17204796071901,-43.809531602193886,12.426276271037299,-42.562568927874096,-11.3954615690539,-33.78098471522136,-33.5266705130957,-11.998048881631082,3174.367150387012,5982.89288585209,0.069777117664791,0.05426541715860367,3324.275224422197,110.07134457301163,-0.00917421281337738,49,2.965333333333333,0.397800087928772,0.6944010257720947,1242.1875,6.226149360558147,13,0.0004962910780427763,0.30456212162971497,-256.9378725544274,142.18966657130198,-93.67465267058691,-33.822759857905176,-50.77168174283002,-8.31751943483429,-43.56763690045635,8.238857926116316,-54.714227902000545,-12.40455986767517,-29.397997151207058,-34.45113185879523,-8.480125916194263
16.6187,2,80,3606.3931288184094,6714.768629807692,0.06581311348157051,0.1281382292509079,3417.1683755176377,0.0,0.0,61,1.568,0.7766739130020142,0.3417431712150574,632.8125,39.254990834975054,20,0.010294897914486326,0.44702431559562683,-226.78902924210257,105.04463887978135,-61.690702942018966,-2.9748766418199044,-45.47298027736202,-28.86945080678837,-57.96855476571289,-24.02971624147422,-57.64854323636297,-11.908293935193742,-16.132485137806107,-16.79237848679724,4.453727953622409,2746.6056012389213,5212.139423076923,0.054269643930288464,0.0733427181839943,3142.298135842514,-859.7875275794881,-0.054795511066913605,53,0.6933333333333334,0.5805085897445679,0.5165114402770996,703.125,15.822046177283346,22,0.00029171951918123285,0.30178695917129517,-242.50631307876407,133.3453220339285,-71.4359096736474,-10.064392563577636,-53.82574858645186,-41.58752307142684,-60.90380952544716,-25.323994940035853,-53.24102145565337,-10.83035486798743,-17.06809834384683,-26.996391539821616,-10.078395147842786,2808.8673786475215,5270.432692307692,0.05894744090544872,0.08194275200366974,3231.3113977472644,62.26177740860021,0.008600033819675446,52,1.8986666666666667,0.5877501964569092,0.5104681849479675,867.1875,16.719103978608995,8,0.0003602383700685546,0.3310290277004242,-232.4889936946846,133.763486287423,-73.21262143131536,-24.125373217460723,-58.96644251564857,-41.748707819492815,-55.053027111467784,-8.68062029243695,-35.30997780762704,-1.6372485128177015,-22.618739834189796,-25.492580512901732,-14.553536883033711,2926.0948992536178,5358.323317307692,0.06557053786057693,0.0708533525466919,3211.7710038671544,117.22752060609628,-0.011089399456977844,59,0.13866666666666666,0.41321051120758057,0.6592848896980286,984.375,11.261049237893056,30,0.0003210130089783863,0.31851258873939514,-242.55465277129994,133.19439951218172,-79.26604052785773,-35.49237236232826,-52.36771095229742,-35.09790308075989,-40.988594864599634,10.055791297176759,-34.834060128372826,-11.149048186660343,-28.458116330410146,-27.213462660735857,-11.42829755617036,3127.1987121328384,5804.086538461538,0.06973501352163461,0.04743754118680954,3231.279945063756,201.10381287922064,-0.023415811359882355,51,0.384,0.38002943992614746,0.7177075147628784,1265.625,5.680255768765392,13,0.00045450575494779873,0.25526243448257446,-267.93910569523973,131.8187338860327,-81.68718642823643,-40.59361612205573,-39.590589231801,-12.507739366950887,-35.25724326687525,6.73641528801119,-42.377395908005205,-15.698826699094097,-23.936589979680654,-29.311502000185527,-10.301104564994656
16.6827,2,80,3027.301525308083,5675.019968051118,0.06013659394968051,0.11966697871685028,3136.6472413440224,0.0,0.0,49,1.6853333333333333,0.7996779084205627,0.31177225708961487,632.8125,37.08444596612718,20,0.01017031881244939,0.4408497214317322,-242.30214857645615,116.42034847357945,-59.137505283122785,-12.83426351084125,-38.43042139245877,-33.120447492807834,-57.54765837821955,-28.200258682161344,-53.412948006768985,-16.19031408714171,-14.940876162859237,-10.898497017933407,-1.5909275939134089,2680.9003649260444,5081.369808306709,0.05356117711661342,0.062007807195186615,3188.489240946802,-346.4011603820386,-0.057659171521663666,54,0.256,0.5186722874641418,0.5664901733398438,773.4375,11.093330763699026,22,0.0003081453998600103,0.32025036215782166,-269.35256116504985,137.80295512257578,-65.59583757280002,-24.182467868233278,-45.964701103576004,-36.175846797650685,-60.502844381414064,-25.40833819196807,-46.56890290588204,-5.9601385660605395,-22.722836653564404,-23.759749839267492,-10.52581526998384,2817.2273836118156,5360.448282747604,0.05517422124600639,0.06576434522867203,3288.4478278381193,136.32701868577124,0.0037565380334854126,53,3.264,0.5041238069534302,0.583987832069397,796.875,12.31666160680996,3,0.00038338930312173207,0.489109069108963,-260.1430495382031,137.1109548702147,-66.25857265329024,-26.91519307941349,-60.3495808620801,-36.38793859449928,-56.665206911673984,-6.045721322177624,-33.439039881413954,-5.129282040519523,-27.119552971458905,-28.951790608992482,-9.959625186712964,2704.699659315754,4882.338258785942,0.05927859175319489,0.07013732939958572,3152.153789886374,-112.52772429606148,0.004372984170913696,51,2.528,0.4170069098472595,0.658380925655365,1125.0,10.65248454707178,13,0.00035878581192453176,0.47397252917289734,-251.0399310022058,145.77970103784799,-78.30500119661274,-37.83537673935562,-65.81404800301678,-24.87558678861284,-43.456254858801834,5.033268552594019,-40.48958732911887,-14.457810621124466,-33.99021447785823,-31.92136940793296,-15.644375962609601,3053.132804061111,5607.852436102236,0.06836249500798722,0.06864386051893234,3245.024174932958,348.4331447453569,-0.0014934688806533813,51,1.312,0.35409608483314514,0.7336107492446899,1382.8125,7.388651648050652,17,0.00041338863458510353,0.2743818461894989,-241.04947301867958,133.90468070345548,-87.41575790612063,-35.41660466387112,-54.376310646174005,-6.649664792149633,-33.89275924220149,-0.8920411443178807,-48.3843467145836,-15.978488772664404,-27.50248390222709,-26.473983732750984,-15.462802419052487
14.4427,2,80,2712.0551966024454,5283.642758302583,0.048089396909594094,0.13743387162685394,3222.5991259107986,0.0,0.0,47,0.6933333333333334,0.8017097115516663,0.3147626519203186,632.8125,43.48758142235779,20,0.008303801929502847,0.4089489281177521,-218.99396102791295,121.0224215866887,-61.47321122226703,-12.949459523682942,-47.004117931304485,-36.672157659043066,-58.8944504370536,-34.238839728030705,-57.41381263099099,-13.303401216995976,-16.203728611935578,-12.213911932214144,-1.879732472744527,2876.9503057656693,5502.1044741697415,0.05726223766143911,0.06386978179216385,3340.317484642919,164.89510916322388,-0.0735640898346901,48,1.568,0.5733655691146851,0.5149911046028137,773.4375,12.68556330467289,24,0.00031602248795921454,0.46482616662979126,-244.9076946112017,130.46252889696808,-71.88641398898064,-13.819395685473845,-57.240325703436696,-36.713791073784414,-59.5714491943522,-22.325118004665768,-47.26680283548046,-4.049134097659699,-20.152532598987897,-24.59131037832838,-16.226321866908165,2987.381887255903,5801.343404059041,0.06036849919280443,0.07199828326702118,3394.0221074098354,110.43158149023384,0.00812850147485733,43,1.8346666666666667,0.5512192845344543,0.5378333330154419,890.625,14.761326247450224,3,0.0003789407470224315,0.2786472737789154,-240.46193532874935,131.36365144008118,-69.39538782857194,-26.88407651109814,-60.05461178728315,-39.14356927248406,-53.860220980718736,-1.230421898727757,-32.160981306907644,-1.0656962772028689,-25.17167272920312,-24.375164589667907,-11.707979307223956,3100.309548026968,6033.556273062731,0.06708732126383764,0.06707800179719925,3373.2568284174176,112.9276607710649,-0.00492028146982193,46,2.485333333333333,0.4349656403064728,0.6505692005157471,1148.4375,11.018786926270016,12,0.00037784121509089406,0.48918527364730835,-248.06021033379412,134.11240425758,-86.33369421154498,-29.825915580697853,-66.80133535004546,-25.48123919340054,-43.414157339609446,13.04164340610375,-40.45355443985726,-7.8962244463023765,-30.90090564505894,-33.550868255368734,-10.608792294251977,3302.0157941233833,6363.238007380074,0.07002781941881919,0.05402161553502083,3389.8882629429027,201.70624609641527,-0.013056386262178421,38,0.9493333333333334,0.3949136734008789,0.7127830982208252,1242.1875,6.716356787663401,13,0.0006998300379233106,0.3278447389602661,-258.8143869331576,131.70833280481258,-91.8004775026148,-29.92455047230597,-57.002575968014945,-4.820175936120362,-38.68938049258198,6.839730626549495,-49.144239002172874,-12.445496667097572,-25.089841783805024,-31.243853804169582,-11.469446540316206
15.7013,2,80,3096.9958629603025,5926.827330508475,0.05842988612288136,0.13754743337631226,3360.754580745215,0.0,0.0,50,1.632,0.7791520357131958,0.3323743939399719,632.8125,42.405444916962,41,0.007698563705921197,0.36908701062202454,-212.5212746566864,114.59357415847332,-57.86285998993139,-8.205708745170504,-46.26178598814238,-32.61643228539567,-58.53260237546963,-26.40482394228601,-55.16297351197813,-15.976371729026509,-16.305689158558323,-13.255146089419595,-5.059398210372577,2901.6741466622525,5738.135593220339,0.055591234110169495,0.0703568384051323,3374.442199006725,-195.32171629804998,-0.06719059497117996,52,2.997333333333333,0.5527792572975159,0.5314161777496338,796.875,13.4281536290761,7,0.0003465368544795823,0.3312697410583496,-239.8281788515949,129.2491898309037,-57.419450914984694,-14.843232920955034,-47.906463979057555,-44.777450403863256,-53.40443042152839,-21.03313248148195,-44.55879978005479,-1.79754339059406,-21.73890027132143,-23.651853386821305,-11.351131425865239,2914.092054722805,5793.988347457627,0.058069054555084744,0.08249402791261673,3470.0010439900925,12.41790806055269,0.012137189507484436,48,1.5466666666666666,0.5520872473716736,0.54422926902771,867.1875,16.77548096497095,8,0.0003270162966120052,0.38654059171676636,-237.5952753867967,135.12425955853715,-64.14527781192112,-26.681588997787628,-62.62243912978181,-38.22940240945136,-55.145816953416,-2.263364505636254,-37.21317860278105,0.27590355886881707,-28.18854789211832,-29.991461371413994,-10.635887346001653,3195.7416163740736,6237.870762711865,0.06647245762711865,0.0643475130200386,3393.3950428430235,281.6495616512684,-0.018146514892578125,47,0.864,0.4085983633995056,0.6667543053627014,1054.6875,10.266864242001084,14,0.00048096945267235125,0.30698657035827637,-250.16133818174757,131.83985451880716,-74.10684575907179,-22.207827521571133,-70.70214452242641,-29.464697346619094,-36.78353133330816,8.874051347125981,-39.82367961876858,-12.571886935920556,-33.04322202470394,-35.87342076874864,-13.50181598168348,3318.1471787183305,6400.503177966101,0.0688526218220339,0.05213265120983124,3480.9627020749613,122.40556234425685,-0.012214861810207367,49,2.5813333333333333,0.40334126353263855,0.7006116509437561,281.25,6.501368394156623,15,0.0005494292877732092,0.40388455986976624,-257.7616941158685,133.19623843604523,-86.45542651224481,-22.64872071930503,-66.75225573040395,-6.526059339412416,-36.79164573946541,3.582972350069326,-49.91121756143496,-10.57731344939225,-31.439068692986694,-29.81779603862207,-15.063242322338096
14.3573,3,100,3416.0456506405044,6749.479166666667,0.06737015335648149,0.09116089344024658,3482.5170456489877,0.0,0.0,37,0.8533333333333334,0.4851621687412262,0.6042445302009583,773.4375,20.846884678637686,26,0.011539192628192496,0.29299572110176086,-243.79507710523143,112.49709736514221,-54.81127472306822,-4.983753750651776,-49.80086850898546,-46.33783750544577,-55.9386106436018,-2.7912851527672458,-32.448461957186794,-5.222416567215145,-20.14078940289836,-18.850365467218875,-0.6098940326188688,3033.781019535873,5960.590277777777,0.06101526331018518,0.05637798458337784,3352.063580518978,-382.26463110463146,-0.034782908856868744,40,0.43733333333333335,0.4478178918361664,0.6442750096321106,890.625,9.257053284208222,23,0.0004311968990811089,0.338518351316452,-272.0849815645886,134.2170624779072,-59.45924863625736,-22.17632369295317,-57.15772741751757,-39.24850171685965,-45.53407630376233,13.276223593728462,-34.07067138883668,-10.214224802997325,-26.97001114876567,-32.98063652734367,-6.658368971911696,2912.169573139937,5651.128472222223,0.061018880208333334,0.0602194108068943,3270.5940990360127,-121.61144639593613,0.0038414262235164642,43,0.45866666666666667,0.41954442858695984,0.6746646761894226,1125.0,9.05137428602257,32,0.0002725620161522038,0.2966386079788208,-273.0586487548301,141.17700297952894,-72.2247565106816,-37.07663431094122,-55.11744328055291,-21.07185840609253,-35.04584852488852,16.91712645609378,-36.61874588545443,-10.542149057075298,-29.803620055222307,-32.37715640127347,-5.975690285948623,2878.3885006109813,5307.465277777777,0.05749963831018518,0.0455852635204792,3086.693187261896,-33.78107252895552,-0.0146341472864151,35,0.5226666666666666,0.47647616267204285,0.672283411026001,281.25,9.395886624505646,13,0.0003929302213925074,0.3648846447467804,-289.80939774520516,148.55308066019734,-80.61292564901785,-34.76875575643922,-37.33905814885008,-0.9929724287605386,-38.37950066671815,-0.4253363611134542,-36.117858892542465,-10.519564950605204,-32.740789286254646,-23.370690094356075,-8.788236035764111,2783.331373144448,5205.295138888889,0.040122251157407404,0.03208117559552193,3128.9779995838903,-95.05712746653307,-0.013504087924957275,28,1.9733333333333334,0.5879189968109131,0.6055465340614319,281.25,10.320231842362436,20,0.0003452205661116667,0.23091280460357666,-341.18301404240873,144.37428403869987,-70.24559303838302,-11.70074066966498,-21.490407949273106,-5.493975879522648,-41.06327568546328,2.1251001685905453,-34.54659328981438,-15.178159370186858,-27.561202010855045,-27.133176186842867,-16.676039186892584
15.2533,3,100,3425.3881513435767,6813.044425087108,0.06612042682926829,0.09868116676807404,3493.7751542103797,0.0,0.0,44,1.28,0.5136817097663879,0.581575334072113,773.4375,21.632776695552103,26,0.010950698871047382,0.24484677612781525,-240.28704809424895,110.35983082279532,-57.82717197339479,-4.1194734378242295,-53.74413925413225,-42.66073431171933,-55.62756327800722,-6.789229392045679,-32.716470064952276,-3.5400064536418916,-18.383911914385394,-21.17919193845024,-0.9514592478440065,3167.116882673494,6006.206445993032,0.06481720927700349,0.06836161762475967,3381.7300785907037,-258.2712686700829,-0.03031954914331436,43,2.6773333333333333,0.4523340165615082,0.6389538049697876,960.9375,13.085269316416174,29,0.0003757921394160354,0.29126548767089844,-257.8171185165738,128.81274789020904,-63.97185660169444,-21.5295587246111,-60.46525239618855,-41.66381904608837,-47.82832769728032,10.777206377505465,-33.40463072591523,-5.919005598679721,-23.566494569302623,-32.53759976166126,-8.646340886028698,3412.092387561795,6807.327961672474,0.07145579268292683,0.045932237058877945,3576.087633109328,244.9755048883012,-0.02242938056588173,45,1.4933333333333334,0.38495057821273804,0.7246909141540527,1125.0,5.668910582676724,33,0.0006084801746358833,0.29609665274620056,-284.6948447102335,124.16886714559061,-64.9626048436772,-32.062845372657804,-52.38749334565298,-17.174902595760457,-35.46456309747994,13.34592244156891,-33.17538617330673,-9.606136176132992,-26.630886108311376,-31.185412425311572,-5.511058733815908,2978.67422165966,5681.347996515679,0.05975575729529617,0.043784186244010925,3209.631333321141,-433.4181659021351,-0.0021480508148670197,42,2.7626666666666666,0.40994930267333984,0.7217692732810974,281.25,7.6944173972156955,31,0.0003896856749175977,0.3591206967830658,-300.21805251656656,146.51420988415762,-78.74654120161989,-37.40390230183582,-42.00523706578179,-1.0841260092671992,-40.74851557714442,4.13745681815905,-36.625950594686046,-13.82337509498148,-33.66342153839918,-21.821499669115738,-7.5863464923616695,2445.8246201545217,4306.946864111498,0.0342205193815331,0.026959389448165894,2806.193753194438,-532.8496015051383,-0.016824796795845032,35,1.4506666666666668,0.6723582148551941,0.545039713382721,281.25,10.17714413792244,2,0.00017510478523767277,0.37770289182662964,-365.11267931927114,152.50147257254181,-67.77993210590513,-9.771290470539281,-14.278836979933828,-12.235128244785425,-36.98106932224177,-0.6046758638629107,-37.06439034192775,-17.022058908077373,-24.71140908633747,-26.481215436795743,-15.269304366623542
14.2933,3,100,3481.2918990760745,6586.983039033457,0.06349834456319703,0.08800343424081802,3462.3815746555406,0.0,0.0,34,0.8,0.5128606557846069,0.588127851486206,773.4375,19.359287384109383,27,0.011727089021709372,0.29991406202316284,-241.83472642361926,110.38266470559594,-53.73167722804102,-8.46010840166352,-50.124073763854554,-42.4714328235682,-55.44199806361461,-5.654845640558303,-32.934771550088655,-3.8112654840166,-20.012195134465195,-18.13882666231152,1.5988576905493124,3184.9655462566275,6538.975371747212,0.061779376742565055,0.0561375617980957,3535.235992180726,-296.32635281944704,-0.03186587244272232,41,1.6746666666666667,0.4654428958892822,0.6232235431671143,937.5,10.19513077656146,30,0.0004287244193299153,0.25474053621292114,-275.5802662673622,131.30525275023453,-61.01735203675887,-21.403733438219476,-62.70048393736158,-36.73577893147781,-46.63946080196591,14.244019895768638,-33.80492897838662,-8.310280477820232,-26.707692356720766,-32.797944073711506,-9.179387860807731,2916.0352233736617,5628.22374535316,0.061844722932156135,0.065584696829319,3256.255708173215,-268.9303228829658,0.009447135031223297,39,1.4933333333333334,0.4391248822212219,0.6584623456001282,1125.0,9.877427807761942,22,0.00036100102459924187,0.3726279139518738,-262.41927123027676,143.49704648167418,-71.56561280286417,-42.620752950817476,-58.68270901430217,-16.87931354123943,-38.77311836238005,11.108247410465763,-36.29535944711233,-9.090462095034543,-28.065437467553245,-31.57567205934571,-4.893324157677234,2854.6497362758246,5317.08875464684,0.05643732574349442,0.04595125466585159,3179.445298363039,-61.385487097837085,-0.019633442163467407,38,0.5973333333333334,0.4550536870956421,0.6794893741607666,281.25,8.93945125033781,10,0.00029158135856447717,0.22809547185897827,-292.0574601872696,140.3977171165435,-73.94234623610384,-41.333306280730355,-32.42473778238376,1.3787314073443506,-35.55817788364201,0.9484077495137406,-34.0675913649393,-15.769822188740708,-28.626247665365728,-18.94582789849013,-10.139820586736024,2991.272658131276,5524.976765799256,0.05164890218401487,0.040243178606033325,3142.976691582624,136.6229218554513,-0.005708076059818268,32,0.64,0.4837844967842102,0.6929872632026672,281.25,10.054561748303001,13,0.000335415477583446,0.23388241231441498,-301.12594004980883,135.4440597851573,-73.54181243561386,-27.388634158356762,-17.792797022935254,-4.906524724866419,-43.92674175524782,-1.6249423057474655,-28.907517388282894,-13.879245694042321,-25.571189929939678,-24.919667386322175,-17.209361301252112
14.144,3,100,3443.764887370629,6690.789473684211,0.06924048402255639,0.10116127133369446,3465.8525535577123,0.0,0.0,40,1.248,0.4839993119239807,0.6043305993080139,773.4375,17.86717675913423,27,0.01182085531227357,0.3119329810142517,-225.4957103168445,113.18296632499269,-68.86269670579304,-1.5276325720813209,-56.22621294010817,-41.02818005563685,-60.576089904969,-5.959135943068768,-34.19402863611863,-4.440176171256507,-23.346213375538607,-21.897701114764384,-2.912503541241524,3503.832674773172,7184.298637218045,0.0675039649906015,0.08292537927627563,3657.7416431610536,60.06778740254322,-0.018235892057418823,42,0.021333333333333333,0.4811718761920929,0.6160133481025696,960.9375,14.951035702553447,32,0.0005106642250360886,0.4104522168636322,-229.50014887359606,125.15139574758253,-67.5998889869732,-18.553195619811227,-69.52658520709087,-35.71603050171344,-51.06188773127819,13.660350931574225,-37.895476274761144,-7.944977303359177,-26.416877367529807,-34.00070093856347,-9.56312807493781,3215.0555603864864,6305.744830827068,0.06802161654135339,0.05301491543650627,3468.980802734065,-288.77711438668575,-0.029910463839769363,39,0.16,0.39611703157424927,0.6953107118606567,890.625,6.992793664473172,30,0.000678369457581991,0.201691672205925,-270.7652667217211,126.8916510445862,-57.19507406719922,-40.4630142039338,-45.37226174602926,-19.50642476269247,-32.3494006299034,11.420420806991523,-27.19073223159084,-10.6652606277926,-27.101098310953503,-30.843738434951828,-5.9078245208084,3022.5737455883745,5708.264802631579,0.0588874530075188,0.046223267912864685,3226.5830879196897,-192.48181479811183,-0.006791647523641586,36,2.56,0.4003002345561981,0.7228883504867554,281.25,7.46374610687947,16,0.0005372341715991739,0.23102691769599915,-295.8044048499076,142.81640841679112,-72.63453628611721,-44.32278415197809,-40.400463020788216,5.010693132554265,-40.96877992394164,-2.8456220513223096,-32.84442686964252,-12.947364980640103,-31.692257438221155,-18.91286115357945,-7.230278618135264,2790.135832521435,5262.335526315789,0.03746365425281955,0.023781629279255867,3175.6344353812274,-232.43791306693947,-0.022441638633608818,30,0.6933333333333334,0.6401329040527344,0.583953857421875,281.25,8.569222955374805,20,0.0003049733341176273,0.3175167143344879,-364.1490587627438,145.7646707740949,-70.88000656395558,-6.648733187201936,-22.027130235741367,-5.6442455420314275,-42.011679895546756,0.3502697875304797,-35.543839612408576,-15.432822446147735,-28.29970824276173,-23.905449206076035,-17.529462787001574
14.2933,3,100,3138.5622512250407,6009.322723048327,0.060937136965613384,0.11235426366329193,3297.4667759433028,0.0,0.0,35,0.8426666666666667,0.4859115481376648,0.5996230244636536,773.4375,22.958930754055277,26,0.011568429252377005,0.34389209747314453,-222.53266504289485,119.39772766054311,-58.259478786123374,-7.192810876650967,-47.992167867844316,-42.632193915633295,-55.985040447011905,-6.055570048189477,-34.04835729932,-7.704719658379879,-21.05261807041777,-21.19723066440444,-0.5111849390801496,2975.7036603151914,5755.256737918216,0.05863368378252788,0.07071707397699356,3399.52464063529,-162.85859090984923,-0.04163718968629837,37,1.5786666666666667,0.4763220548629761,0.6113836169242859,960.9375,14.079969773610983,30,0.0004160126265326239,0.2926234304904938,-253.52006272300045,132.13587094762204,-57.98436222230466,-19.750831195422066,-58.795509033813424,-38.33379667370795,-46.4712254436795,11.584049260713755,-28.427136737492237,-8.381216242883948,-26.973065288753443,-33.260319593353046,-9.597053633272404,2935.836410318855,5540.137081784386,0.05788220260223048,0.05869341269135475,3395.337446116695,-39.86724999633634,-0.01202366128563881,36,1.248,0.4256577789783478,0.6839661002159119,1125.0,7.943651681238536,30,0.0004678328260459967,0.2121182382106781,-272.00079490614405,135.25010942402739,-54.719051519028675,-35.91346312890679,-54.25981923997523,-17.66021077850866,-40.488503254172464,11.696084663412995,-25.489651327867055,-16.096146944550945,-30.76416586065889,-27.844306621379708,-4.990268357287523,2986.710077694014,5556.342936802974,0.05004973571096654,0.03740072622895241,3407.2737659388076,50.87366737515913,-0.021292686462402344,38,2.592,0.48838815093040466,0.6747944951057434,281.25,8.996325371565343,2,0.00039398767555308883,0.25446459650993347,-312.18784380217744,143.17128382194355,-70.3211502657287,-30.459163525056656,-40.21970025146805,2.70163132601328,-44.23659448718181,6.1835059549316,-33.12177144113691,-14.406794556238479,-33.50577732166139,-21.681629847394216,-9.448501983230688,3259.1702816183797,6581.406830855019,0.044509830971189594,0.028289249166846275,3589.8889001351313,272.4602039243655,-0.009111477062106133,30,0.08533333333333333,0.6274527311325073,0.5992658138275146,281.25,9.867363330108436,10,0.00048633471765876255,0.2140459567308426,-330.52273442252437,134.84519345280052,-71.07746995478864,-6.647210119922532,-25.78587079658402,-3.378262813657036,-51.4494579059408,9.130008051381107,-36.31243971393838,-14.257455394279187,-29.58792230945983,-26.79566917066229,-17.075929632474672
14.208,3,100,3317.7085097308295,6420.382724719101,0.06224762991573034,0.08623053133487701,3418.1854303398036,0.0,0.0,42,2.1546666666666665,0.4547494351863861,0.634859561920166,796.875,14.657338635519096,26,0.011656663491116721,0.3379625678062439,-244.5821215039366,111.6675584806499,-59.80248112911935,0.3847260633777442,-50.53979915686631,-39.19173701034744,-57.322368483042666,-4.5164389176621516,-34.16750460677926,-7.561159603551432,-22.585675566687602,-20.153285417561094,-2.4466521324532797,3145.699283359941,6309.252106741573,0.06284015098314606,0.08838707953691483,3437.0957380660875,-172.00922637088843,0.0021565482020378113,38,0.042666666666666665,0.4500279426574707,0.6332860589027405,960.9375,16.95343167258372,28,0.0004237561019034695,0.30805274844169617,-229.50947794831745,129.86257711412176,-60.33641984746022,-24.941667879263523,-60.49420459114399,-38.08497501314705,-48.57360823276412,10.869071832029936,-32.021849675173875,-9.281554831227083,-24.458021187936346,-32.07338263638529,-9.986816436538112,3111.8244382905473,5949.96488764045,0.059791593515917604,0.05885012075304985,3493.512644157049,-33.874845069393814,-0.029536958783864975,38,1.024,0.39782363176345825,0.6970264911651611,1125.0,8.797401410030144,32,0.00038496895452066587,0.35457250475883484,-268.54286710275494,137.15659342861946,-60.80140678087006,-39.572763674702216,-53.585637603325075,-15.997380254315063,-39.510660994495744,10.567170769205894,-35.0847856183673,-10.049303480369074,-30.40193589869698,-32.282498149635444,-5.447582043011771,3260.00641935532,6471.91011235955,0.0644970154494382,0.047128304839134216,3533.4578125519542,148.18198106477257,-0.011721815913915634,40,0.07466666666666667,0.3927396237850189,0.7355762124061584,281.25,7.716721644526418,12,0.0004855835394253598,0.2569984495639801,-284.97125136223974,134.55143840026776,-70.80743555399688,-44.14514504040871,-36.52647748708077,4.3295417984459075,-40.23687382806296,4.447637264503626,-34.13202407363026,-13.301978179978464,-31.99747302869803,-22.024850900641283,-8.59482636537477,3215.9328812089893,6033.795646067416,0.05276729283707865,0.03276864066720009,3424.3548233433075,-44.07353814633052,-0.014359664171934128,35,1.312,0.5298489928245544,0.6713406443595886,281.25,9.126642538448081,20,0.0004950533249321605,0.23358109593391418,-316.75116496028096,135.92222187113353,-77.88790993331463,-18.39925768482845,-29.028013230029728,6.587928429333681,-48.30657327103456,1.320055269915939,-35.15959580459369,-14.10337367178041,-29.751742746576685,-25.539480646361934,-19.028751531579957
14.1227,3,100,3612.923210637068,7306.2205188679245,0.06872051886792453,0.07817839831113815,3653.1794775196227,0.0,0.0,45,0.6186666666666667,0.45404544472694397,0.6397134065628052,773.4375,16.182115235514722,27,0.011769842943756709,0.31168606877326965,-244.74255523691008,106.12894520273022,-60.03752517636232,-1.8461950617911858,-52.21952862299471,-38.88422413619312,-58.86072117123253,-3.4351402336539834,-33.02510564926127,-8.029687366194315,-23.499335270117484,-19.01981109588562,-1.705133811428544,3081.7601372606296,5940.831367924528,0.062094634433962265,0.07966800779104233,3347.913436039189,-531.1630733764387,0.0014896094799041748,48,1.344,0.5097402930259705,0.5875988602638245,937.5,15.246065503609604,23,0.0004570488734824051,0.36930158734321594,-238.62129896215464,132.99819854503693,-69.78760497101045,-23.12669322237752,-63.60729695698908,-36.978853705931606,-50.82655787969354,9.30036571452315,-34.42209696261487,-8.630873746381878,-24.974560070352155,-31.137358822716337,-11.022516594162232,2814.365429112055,5252.122641509434,0.06160266804245283,0.06862279772758484,3169.3320018731865,-267.3947081485744,-0.011045210063457489,40,1.8026666666666666,0.40519478917121887,0.679547131061554,1125.0,9.852608198826887,30,0.00035544269255905045,0.3028382658958435,-265.9213918002959,144.20252653536693,-69.28116424588146,-45.994017933745624,-59.51449098199869,-17.55957412038078,-40.069415682266836,10.59344048898262,-31.798951367271354,-11.517415453050592,-27.740136417550662,-31.318445187659204,-5.126782094561267,2932.649358833297,5314.563679245283,0.06336600825471699,0.04591791331768036,3266.7469851087367,118.28392972124175,-0.02270488440990448,46,0.864,0.42685407400131226,0.6860111951828003,281.25,6.890448096989395,23,0.0004017320750670988,0.2886543273925781,-285.6793729628674,141.40897280572753,-72.69735221385773,-48.74027519207355,-41.38536707653159,3.490475347907788,-43.40019013179982,-0.8687099251165347,-31.819680879453394,-13.794208806137112,-29.42614259344193,-18.143779908375812,-8.702850064432145,2893.0797357520446,5741.391509433963,0.041015625,0.026129787787795067,3360.556698607779,-39.5696230812523,-0.019788125529885292,38,0.928,0.6032330393791199,0.5924428701400757,281.25,8.54088104857557,10,0.00033717207945272484,0.22628234326839447,-348.6269047311019,139.56295175192332,-62.34846521492598,-20.627337353857857,-21.365271443417285,-2.7642902659169195,-43.40158789431573,-1.2934439920889012,-32.69214352117905,-16.76516132982287,-26.33200532829232,-23.085897879484662,-21.24905776922564
14.3787,3,100,3016.1500224544125,5868.576388888889,0.058648003472222224,0.09049929678440094,3230.5027871205057,0.0,0.0,38,1.0133333333333334,0.48224297165870667,0.59991854429245,773.4375,19.85087384604391,27,0.011435908537641436,0.30586597323417664,-254.46449631692516,126.49909264423293,-60.04181925746501,-12.30363029537304,-51.41389214851395,-46.6879340350359,-55.54629313202007,-3.9964573434751856,-35.89174264775617,-4.722176893629846,-21.023747259428347,-19.54656478151096,-1.4975349318548763,2874.8562280304823,5498.697916666667,0.05958297164351852,0.07339005917310715,3242.6544558306887,-141.2937944239302,-0.017109237611293793,36,1.28,0.4591311812400818,0.6274126172065735,914.0625,12.752188757595928,28,0.000314003992366588,0.41911256313323975,-251.3744429803924,138.3475807451763,-67.28391227271749,-28.4720911633953,-61.11995759544974,-37.49202991814674,-45.75999825709566,10.659652868808948,-33.5578624774001,-8.548326661829764,-26.918254559687174,-31.247424079723174,-11.091312657930155,2956.6218030663476,5601.649305555556,0.0600169994212963,0.05032750964164734,3409.9760486988444,81.76557503586537,-0.02306254953145981,38,2.432,0.40618619322776794,0.6928240060806274,281.25,6.667234709403226,12,0.0003867985778144834,0.3089006841182709,-285.6894720705343,138.9702616756085,-62.312317233037795,-39.72890484564566,-56.52628073043538,-13.712718135099959,-38.176725099782345,10.89567509338016,-33.06114817112295,-12.569788775320067,-30.581021827932123,-27.570697351095635,-6.859277073522586,2953.1210865002763,5538.020833333333,0.057060185185185186,0.03838337957859039,3205.723042112939,-3.5007165660713326,-0.011944130063056946,36,2.208,0.4663935601711273,0.6898429989814758,281.25,8.498831903936534,10,0.00043250311989479525,0.2176223248243332,-309.68084591595743,141.27687459908162,-73.50654681864465,-34.95421231651216,-32.174552950935436,-0.8841770484599751,-35.94328133841854,1.8484923727950147,-34.629224340620304,-17.010757266652753,-31.564426995771903,-18.72209607413303,-11.893387515802917,3003.6658660215653,6201.822916666667,0.034922960069444446,0.025287851691246033,3477.3643894062334,50.544779521289,-0.01309552788734436,38,2.048,0.6691180467605591,0.5513491630554199,281.25,9.540163926475593,10,0.0004162839231557367,0.3275834321975708,-353.3764704912974,140.57316870360418,-62.51416782012198,-5.424835416672113,-28.37692210599537,-3.5935572901769124,-42.15285701564423,1.9114992718150343,-37.72930259425205,-14.27431434720207,-30.383240497851883,-25.62020294483903,-18.417430242766432
9.5787,3,100,3207.375943668231,6308.854166666667,0.06853298611111111,0.06492609530687332,3417.7444292787222,0.0,0.0,30,0.21333333333333335,0.5431404113769531,0.5575682520866394,796.875,15.05656105027178,27,0.012296828477935066,0.256080687046051,-255.77890620929082,119.842897835135,-67.30534063129711,-8.841032222650389,-56.18776078015455,-42.82998921919371,-54.91525723406015,-2.4386332927353718,-32.8882420476988,-4.727125512465931,-23.98113714124529,-21.015979875203932,-1.1630255201658204,3520.4788164500314,7262.5,0.0721923828125,0.06455051898956299,3703.1067982852137,313.10287278180067,-0.00037557631731033325,31,0.05333333333333334,0.4968067705631256,0.6050170063972473,820.3125,12.148294312059619,22,0.0007207812834635286,0.3713148236274719,-237.95805821194114,122.72373784454612,-66.99363222065686,-17.82014025817239,-61.76170492835806,-32.9392568132621,-47.27689046947002,13.331265032836994,-33.39941543368603,-4.751940457040977,-25.37107179160526,-31.386266173858267,-5.873353380823409,3206.701252659493,6183.463541666667,0.0659423828125,0.054927803575992584,3360.1556543099045,-313.77756379053835,-0.009622715413570404,24,1.792,0.4623112082481384,0.6549242734909058,281.25,8.696586938995935,33,0.0005292339769467819,0.6062323451042175,-262.1710988375098,137.34626101271195,-80.12661306586907,-25.995255037386404,-59.460349059793764,-17.23502423331304,-40.07730103059609,15.031999487126784,-37.7190447932976,-11.384092633465162,-28.96955441700677,-26.59735179015398,-3.991257110988848,3269.2390657256274,6232.03125,0.06896430121527777,0.04616531729698181,3426.019711385181,62.53781306613428,-0.008762486279010773,28,0.64,0.4680924117565155,0.6785489916801453,281.25,8.928056416410184,15,0.0005114675476810036,0.3633120357990265,-270.0338199448594,133.7341702947547,-90.03617162416714,-27.886729415635212,-43.97213508381758,1.034450868315932,-46.436882155171325,7.446721553828312,-38.130127574605034,-14.6045986405035,-27.315992465832643,-17.226830813335557,-5.114051518603143,3025.4981725207804,5282.942708333333,0.054432508680555554,0.03199942782521248,3040.325911018308,-243.740893204847,-0.014165889471769333,27,0.7253333333333334,0.5987638831138611,0.6404980421066284,281.25,10.340353532245922,2,0.00036491973319481384,0.4743213653564453,-311.2099405117925,144.0501974855906,-99.74632563091251,4.699503205942636,-32.69606680994145,-3.5047739575854897,-48.15252906574335,8.891617695139022,-38.72683759007528,-12.003515417655846,-27.39210284350991,-26.855873031329903,-10.743288370536776
9.536,3,100,2984.4776340893277,6002.880586592179,0.05826913844273743,0.11756624281406403,3250.3704641371464,0.0,0.0,31,0.9813333333333333,0.5271035432815552,0.5614967942237854,796.875,26.837156614965483,27,0.012769489843107064,0.4289579689502716,-204.46693383333493,127.60202514969319,-68.59573940660518,-4.357685603984049,-64.62774058591603,-45.3550186643999,-61.62057086267309,-4.4373588451245185,-34.95250625147045,-7.282445868403601,-23.824041565616405,-22.413811878420923,-1.50874304459854,3275.454777873475,6569.963337988826,0.06897859200418995,0.0615997277200222,3526.0186615893153,290.9771437841473,-0.055966515094041824,28,0.8853333333333333,0.5015091300010681,0.6030324697494507,820.3125,12.380427847491466,10,0.0004664733233723364,0.29580268263816833,-244.6374300875947,128.7405793419955,-68.44726548117667,-10.972240310913838,-65.27677423020639,-36.814133719316175,-47.25012139066072,14.029835753031273,-37.84581319542038,-6.677457516971422,-24.860724360698107,-35.54720949548926,-6.866490221189706,3159.5607581616323,6166.550279329609,0.06406577339385475,0.04604637995362282,3472.543197983345,-115.8940197118427,-0.015553347766399384,26,1.6853333333333333,0.48070913553237915,0.6357304453849792,281.25,8.302887620295968,33,0.0004787731305079965,0.349386602640152,-270.618018971182,132.76357420377053,-72.95818177021759,-21.996657484123133,-57.755078846976836,-15.027230236635647,-42.27221697605042,8.779799814528161,-33.27200228448613,-10.768046925095994,-31.508144139345408,-29.911449254348746,-2.682510189250262,3075.1277994238544,5672.529678770949,0.06392665415502793,0.052781350910663605,3339.663540102783,-84.43295873777788,0.006734970957040787,27,1.1093333333333333,0.41556668281555176,0.70067298412323,281.25,8.530203011601065,15,0.0004144934488552609,0.22104299068450928,-265.36524900464383,136.81711592176904,-82.90158824394314,-32.302743554443374,-44.42338936609783,-3.8562047778199537,-42.92383382053912,2.373242212827654,-40.994040754080274,-12.586477609488268,-24.26981300976981,-21.548014021081098,-8.201844848942457,3185.3033249984655,5930.604050279329,0.056340563896648044,0.032181303948163986,3257.3086556696107,110.17552557461113,-0.02060004696249962,26,0.30933333333333335,0.5589250922203064,0.6403932571411133,281.25,9.546575862649911,2,0.00045515338474539757,0.30148372054100037,-305.8231107338353,137.9959390501767,-90.29024744412051,-3.0824666839306074,-31.30006500562294,-7.25515058232832,-46.70040207167509,5.534660322560318,-41.12453361698844,-11.06348151833662,-26.478890805864715,-29.468760672018067,-11.505735749885146
11.2853,3,100,3287.0467825504074,6453.051297169812,0.06557939637382075,0.09764471650123596,3497.0104372429428,0.0,0.0,28,0.4693333333333333,0.5232190489768982,0.5705667734146118,796.875,20.29268889179681,27,0.01030026780210929,0.3262392580509186,-212.82010430983243,124.75123048672737,-73.54838126818984,-2.4824879258770913,-65.67225609227053,-42.546734444533726,-63.05952761921926,3.0254486958908835,-36.84459051262933,-5.799042412897101,-29.834333096417208,-24.106247145952853,-1.7508166667632608,3319.2332976048897,6937.721108490566,0.06499668337264151,0.07823961228132248,3612.7423082867836,32.18651505448224,-0.019405104219913483,30,1.9626666666666666,0.4772012531757355,0.6075448989868164,820.3125,13.160119784282882,31,0.0004198693913326242,0.39684462547302246,-232.48812109424466,128.60003187092053,-62.31156899717153,-19.631283052318445,-63.82667227316427,-32.34267559866698,-45.43933668670412,16.253529467468812,-33.44980240067566,-5.582814132526278,-25.505720304519382,-35.82187506628512,-6.74578821224207,3475.362815181669,7202.166863207547,0.06571528596698113,0.06371811777353287,3789.5061238625995,156.1295175767791,-0.014521494507789612,33,0.5013333333333333,0.4186282157897949,0.6936781406402588,1148.4375,9.38911564536527,32,0.0005790518405155057,0.266600638628006,-246.5823704125375,124.92355536474123,-62.96161283195241,-32.62780048910324,-56.15000640030212,-11.669237685762619,-39.13631685228062,12.903165422519013,-32.518051679381735,-11.074029581250935,-32.20586674088816,-28.236026452970272,-2.0959663734614127,3018.015045672128,5547.943691037736,0.06313108048349056,0.05723528936505318,3257.5963747557703,-457.34776950954074,-0.0064828284084796906,32,1.76,0.42982184886932373,0.7017409801483154,281.25,9.426730062024356,13,0.00047595590099087264,0.26394957304000854,-255.91490571889648,135.49885749052692,-80.91926127509801,-36.96272543420219,-39.972608819210684,-2.357181000860356,-43.07974051934481,0.15384679633649323,-29.399002849535997,-12.737826656680403,-28.616955106579148,-17.298376787889133,-9.02490660580144,3211.7871894436703,6155.218160377359,0.047768646816037735,0.03019135445356369,3370.795135336237,193.77214377154223,-0.027043934911489487,27,0.37333333333333335,0.5713462233543396,0.6425961852073669,281.25,9.420991976879215,30,0.0004945675037136335,0.27085381746292114,-323.44658439206745,130.37698891071312,-79.05381242526137,-4.753324531462254,-22.57673044434248,-3.3911818412491073,-46.85073416764204,3.5166123202483406,-36.35386261453697,-13.694736682255957,-27.650861597675995,-27.769591056004987,-15.18549904677362
9.6427,3,100,2984.3832149833042,5812.370511049724,0.06178781077348066,0.09953528642654419,3239.482276874396,0.0,0.0,28,0.17066666666666666,0.571413516998291,0.5255937576293945,796.875,26.8266673839783,27,0.012363250668887191,0.3100919723510742,-209.96825914384786,122.8261856773833,-63.85573954899829,-10.679212473298508,-52.50635228434355,-48.03177644764189,-54.44593499289207,-1.2282626922650108,-29.45376464216327,-7.628245236421947,-21.5263960592446,-17.893380930026176,-0.14194580166672188,3712.0177606797624,7625.345303867403,0.07416209858425414,0.07299698889255524,3834.8315736031227,727.6345456964582,-0.026538297533988953,24,0.672,0.5060462951660156,0.617960512638092,820.3125,13.34609658692557,30,0.0006224186197217515,0.28885504603385925,-233.64903845372942,122.5745570395531,-69.07831023734185,-11.12902733111491,-62.167373695673085,-33.96545502014315,-51.1639505178414,20.243891623299366,-38.79832663865648,-3.219299728939006,-25.966820658343035,-31.866765805127386,-5.2803559330571685,3172.745608516568,6160.177831491713,0.06879100483425414,0.05837636440992355,3457.9714396080562,-539.2721521631943,-0.014620624482631683,26,0.608,0.4744110405445099,0.6562190651893616,820.3125,10.05737522856793,2,0.0004031496917612065,0.3565117120742798,-257.01670614930936,132.7358173021676,-74.41570883772745,-28.556726939414418,-58.10262426090961,-14.728527396179805,-37.12695697663857,14.25025573937057,-34.9167237980505,-8.460431272069053,-31.45887072378388,-27.763184668219846,0.31880347743982407,3240.537689811963,6250.172651933702,0.06675155386740332,0.04936884716153145,3488.9736374603744,67.79208129539484,-0.009007517248392105,25,1.1733333333333333,0.46890169382095337,0.6739268898963928,281.25,9.788376249093279,16,0.00044874869476680426,0.31333112716674805,-267.6233511521336,132.22228363024917,-86.87884512257239,-24.665337615620796,-46.831366898241136,4.102713181049562,-41.13075661092999,3.833148058327295,-39.147460552022025,-13.035039569334137,-29.062680171485592,-16.685105276411505,-7.679411588432749,3231.298489948977,6090.512776243094,0.05149613691298342,0.027385853230953217,3410.963589908912,-9.23919986298597,-0.021982993930578232,25,1.7066666666666668,0.6425338983535767,0.5825780034065247,281.25,9.71981267813858,2,0.0005174607073304063,0.4716278910636902,-318.7166729139358,132.751391876124,-84.84363437401711,-0.14451813815291822,-28.58187757976791,-3.9732533866933686,-45.069349247190175,5.946494029583098,-40.94473228786359,-13.425821891148672,-26.89619781028253,-23.389217867362916,-12.003548010135109
11.712,3,100,3204.0189046179025,6437.215909090909,0.06412242542613636,0.09847239404916763,3426.641103091698,0.0,0.0,35,0.5226666666666666,0.47008007764816284,0.6186195015907288,796.875,20.313224145232525,27,0.010496116547334355,0.32881423830986023,-218.15043835133045,118.20181266922773,-65.95877876368864,-5.7336452549943004,-62.0980206890055,-46.52865449077245,-57.103215430477015,-4.387837214878655,-32.62174356793089,-6.52012177493854,-25.12741241701222,-20.22395424457802,-3.4188230612813113,3133.4985219600326,6106.747159090909,0.0634521484375,0.05882121995091438,3407.0710367564675,-70.52038265786996,-0.03965117409825325,35,0.288,0.5035714507102966,0.5995741486549377,937.5,9.468661121697965,23,0.0003836696266348061,0.295536071062088,-262.549390781496,128.2246503704193,-64.47822112105621,-16.58886535403673,-59.49307016127219,-36.32593810739098,-42.28925755204574,13.117723893738713,-31.156675313300614,-7.977434622641423,-27.879057855297223,-31.833601325671033,-9.536320493107011,3191.66029871879,6330.788352272727,0.059248490767045456,0.04415130987763405,3507.1420342600964,58.16177675875724,-0.014669910073280334,29,1.344,0.4373750686645508,0.6885669231414795,281.25,7.729659134866179,12,0.0004746376407710049,0.2979987561702728,-284.3463663740949,125.97003838802353,-68.28293124675767,-23.275528055892444,-50.88043244709048,-15.570082840124394,-32.32894887643332,13.324016200916992,-30.205625334266106,-11.343479400638108,-31.23889686832659,-29.128369490710828,-9.425254974581533,3108.379605966745,5874.076704545455,0.05737970525568182,0.04002721607685089,3385.7278796405976,-83.28069275204462,-0.004124093800783157,33,1.6746666666666667,0.47023800015449524,0.686981201171875,281.25,8.89697938607622,16,0.0004495097601856038,0.18160125613212585,-289.01378651691,128.6690536780077,-68.38914860072478,-33.643393636496,-29.975428093491516,-1.0416796535260433,-35.33874917334266,-0.6651055386717238,-27.9658877300926,-13.874648873766594,-31.096806424816467,-17.952493131761575,-8.875412287743115,3161.2818682447078,6073.508522727273,0.044886363636363634,0.03029193915426731,3373.2128622941905,52.90226227796256,-0.00973527692258358,22,0.18133333333333335,0.6071592569351196,0.6003938317298889,281.25,10.111100499598185,13,0.0004609111318866776,0.32685422897338867,-324.094481993809,133.64525050270413,-77.31096823253905,-1.5026013324984706,-27.907848224411012,-3.5407273856816954,-45.44978252947602,2.221385489958344,-35.61407677945374,-13.06855021454872,-27.172278977839184,-26.962555927623796,-15.418666320983208
14.528,3,100,3152.74376016053,5924.021291208791,0.06218878777472527,0.09071032702922821,3335.4080800600354,0.0,0.0,37,0.9493333333333334,0.406333863735199,0.6745893359184265,773.4375,15.033128152369974,26,0.011444325415613577,0.3182470500469208,-241.01126697386908,122.9169207389522,-67.46900225751266,-3.4491015968084056,-49.85694506919146,-43.365854118540994,-56.78955542857764,-2.279234113462805,-39.46304418654213,-6.0874311059124455,-25.468750165270052,-18.910913523582696,-0.37250581531623295,2911.7906466932827,5537.3454670329675,0.060457446199633696,0.09476543962955475,3372.7809504966963,-240.95311346724748,0.004055112600326538,40,1.1413333333333333,0.4425346851348877,0.6364428400993347,984.375,15.97026936383898,32,0.0008021274859575221,0.3821060061454773,-222.49018849185256,140.6286671760575,-66.67236363427989,-21.375854962125683,-60.93453217117563,-39.772875515242866,-50.97461845358134,13.716615006696596,-42.02825714099263,-10.158854280866457,-27.827033105191504,-35.06928971409262,-8.81313999813823,2706.738730648947,4999.48489010989,0.05685167696886447,0.07357127219438553,3196.2569546126297,-205.05191604433594,-0.02119416743516922,37,1.728,0.4002890884876251,0.6871448755264282,1125.0,10.379103903451101,11,0.0007323762503874769,0.27842822670936584,-254.29292009154142,143.7408550992372,-64.3058718534623,-42.05991016012522,-55.033571462367,-20.264900506778833,-35.070940615187766,11.296745212943518,-35.706475591759634,-13.39615677072452,-28.5574293633613,-29.542413096351513,-8.31820292101897,2886.540536928164,5458.104395604396,0.05546016483516483,0.04983771964907646,3301.380152505696,179.8018062792171,-0.023733552545309067,40,2.1973333333333334,0.40417954325675964,0.7225655317306519,281.25,8.863560011178986,15,0.0003383268381733549,0.3469322919845581,-293.2048362325215,141.6212038984361,-72.41350816139487,-37.82411982500191,-37.710035510192455,1.7486200539983339,-36.05651095841254,2.4647346586907837,-37.5697495891881,-14.384631626059106,-32.30693678059831,-19.273089136432308,-10.913957405665117,2930.4504540428375,5850.618131868132,0.040151742788461536,0.03336463123559952,3361.1985167635303,43.90991711467359,-0.016473088413476944,38,1.0026666666666666,0.5425643920898438,0.6528151631355286,281.25,9.869309898089494,28,0.0003365569938473602,0.2243107706308365,-340.3644159852305,138.31276326078296,-58.97348318144947,-18.081748672687702,-22.820007630800877,-4.643957042588811,-41.37674379773801,-0.9418453576250357,-32.323211070122554,-11.858754329751184,-29.594442596180603,-24.81732053075909,-17.750416269027028
14.272,3,100,3526.7107654782594,7136.281483208955,0.0630156104244403,0.08173388987779617,3641.737178631071,0.0,0.0,41,0.768,0.44056230783462524,0.6364370584487915,843.75,13.666854986612268,26,0.012063702167408564,0.2657783627510071,-245.77175787127993,111.61279062863814,-57.83558677431858,-4.042250681721637,-55.32383577622125,-37.27007693439608,-60.052710975565724,-5.480502735988414,-37.168019628936456,-7.307112220864013,-23.333131870813773,-19.08701357024428,-1.8178395209688358,3247.197370746071,6551.131063432836,0.06196434818097015,0.08303876966238022,3531.825669453887,-279.5133947321883,0.0013048797845840454,37,1.4506666666666668,0.48836201429367065,0.6100453734397888,960.9375,15.835293977942701,23,0.0004696876394994318,0.3558133542537689,-236.08543805015142,130.99851700379614,-64.89384012504867,-18.956097620207217,-65.23615890568595,-38.48603047229588,-49.13496340885356,11.613267335224315,-38.63952150479796,-7.022360129940027,-27.046388792512296,-33.78487729497134,-11.847377403624536,2938.197886720566,5764.488106343284,0.061567164179104475,0.07884947955608368,3403.1258434865463,-308.9994840255049,-0.004189290106296539,43,0.064,0.3927697539329529,0.6870933175086975,1125.0,11.59787730344252,23,0.00036708426041023347,0.3156398832798004,-249.18668527516184,142.85838141627414,-66.29159056062021,-44.50370086333735,-61.17665490084437,-17.737645774528687,-42.113213520482454,10.630926367006467,-39.13551688324973,-10.693333464708546,-29.452479529229603,-32.5040870879374,-4.735775452826782,2792.7530085504263,4918.6392257462685,0.05899457789179104,0.04878442734479904,3163.820528896352,-145.44487817013987,-0.030065052211284637,35,0.16,0.3973127007484436,0.7154718041419983,281.25,7.301646390724485,10,0.0003406546623578036,0.350651353597641,-291.33025584650346,145.34643419726896,-75.688358220956,-45.871148717707136,-41.3053081142949,2.3673146900302817,-38.69842733467302,1.2184179930619965,-37.65334937209806,-14.888484890846128,-29.28403603447851,-22.157527648754535,-10.346751513753176,3027.4420115655407,6094.449626865671,0.04456477378731343,0.03128267452120781,3373.5730670364806,234.6890030151144,-0.017501752823591232,37,0.416,0.5497783422470093,0.6413593292236328,281.25,9.146946219265482,16,0.00036974196686008097,0.2508099675178528,-340.2282740709451,139.97384777028674,-66.33205081005111,-22.62934394484623,-17.69700948706427,0.35663190760247626,-46.97978221194418,1.0942746912063521,-35.60344335437624,-16.446062177676982,-26.809028563385322,-22.659962491068235,-19.20528688543659
2.1547,3,20,5291.631862372851,10290.205792682927,0.044636051829268296,0.02411123365163803,4344.441116033615,0.0,0.0,4,0.26666666666666666,0.7663695216178894,0.5056951642036438,281.25,11.724165533017954,2,0.07304375199509298,0.5658354759216309,-423.3178429511123,73.66272053783398,-21.878336812987477,59.627264476594284,-34.68852455139748,-2.1329232560099953,-54.97696921731318,8.131704744883525,-52.33627277295543,-2.2572336433622953,-22.072141154876135,-15.913799597061248,-6.528066300658617,3284.5323272410137,5879.382621951219,0.07395674542682927,0.16168062388896942,3342.7967672724926,-2007.0995351318375,0.137569397687912,6,0.11733333333333333,0.46674153208732605,0.642991304397583,750.0,39.51482858826769,27,0.0007549257415871864,0.6405065059661865,-167.54437101608127,112.84590631881525,-88.1108184590362,-3.0743011603597075,-56.192331779238074,-44.08363123996897,-60.50680621403656,4.466288194877429,-26.126532942880214,4.017252882731468,-19.072990039679155,-16.014643360839607,3.143894045493051,2849.8569890311614,5532.96493902439,0.052734375,0.13114121556282043,3308.4141423073206,-434.67533820985227,-0.030539408326148987,9,0.14933333333333335,0.5399594306945801,0.5498855710029602,773.4375,43.09059978930359,27,0.0007329483341696266,0.4421081244945526,-212.7889722381184,131.92647723969864,-65.42858844973296,-9.098008627455288,-51.638571740910486,-51.83700783597485,-62.9009544514244,-5.1395138519223025,-32.30399191318833,-2.631813581892454,-19.450582391787368,-13.675208919352892,3.52341690691927,3069.1004099536253,6258.955792682927,0.061487709603658534,0.13048052787780762,3532.226396747494,219.24342092246388,-0.0006606876850128174,6,0.416,0.4913650155067444,0.598378598690033,773.4375,34.52417187231507,27,0.0004878321545320294,0.99948650598526,-189.47134680842493,131.50081297164607,-69.09684754707264,-6.3756912864470205,-59.67025928796747,-47.322495432687866,-65.52748024707194,-1.3896985855037005,-36.313937310956376,-7.793075929270759,-28.828020247383897,-19.302523824898934,1.5821284536656854,3039.9017956072726,6185.213414634146,0.05441358612804878,0.0655754804611206,3473.0010283840643,-29.19861434635277,-0.06490504741668701,8,0.13866666666666666,0.472690612077713,0.6031486392021179,867.1875,17.95286529995472,8,0.0010574606934053358,0.565129280090332,-250.49721036365327,141.23201264102676,-73.47302410023491,-7.91933402308751,-65.78402508557049,-35.025977973257405,-63.51511385954772,-0.6098241557857498,-37.22423282788521,-11.352742397762803,-30.14733687780447,-22.939222063880855,-7.283819297610824
2.56,3,20,4821.401547646242,8979.432397959185,0.08018773915816327,0.06137869879603386,3937.076072865541,0.0,0.0,6,0.49066666666666664,0.3783455491065979,0.7582458853721619,773.4375,8.743880331813266,21,0.06228731116243082,0.8709781169891357,-316.87075073803567,63.1429787700592,-40.210778242110614,29.005417811946824,-32.132460076873606,-16.713612019288878,-43.66368549410668,-1.7378807097150022,-36.77311214387612,-3.877463135603415,-18.12075484251097,-16.41489107359008,-2.8396535549173847,2723.7514238834847,5260.044642857143,0.060756138392857144,0.10161992162466049,3203.626702666287,-2097.650123762757,0.04024122282862663,7,0.05333333333333334,0.5171994566917419,0.5532801747322083,773.4375,26.136721276734825,26,0.001421050144755353,0.5508849024772644,-230.719296477201,134.38150931075617,-77.31710007278406,-11.948999029052068,-65.86873589157908,-54.41759083765588,-66.76142253207925,-9.95634016063931,-35.07595757748094,2.0962061497407056,-18.771341518558152,-16.601767984615332,3.9108518400406824,4015.701122408213,8535.554846938776,0.07601243622448979,0.07011072337627411,4103.459027735734,1291.9496985247283,-0.03150919824838638,9,0.45866666666666667,0.38558024168014526,0.6911511421203613,843.75,14.92067322122112,31,0.0024369198684848718,0.6369963884353638,-235.47771032408735,111.85804980518031,-64.48599026276368,0.11921898190863786,-75.16028568866639,-41.49785151500113,-69.62888771318165,5.298819612626517,-41.64272802880796,-5.6336586090532945,-25.4667780912902,-20.350370953059226,-3.3147812767972575,3371.422598777461,6652.423469387755,0.06853874362244898,0.05711189657449722,3635.678485479375,-644.2785236307518,-0.012998826801776886,8,0.021333333333333333,0.43194258213043213,0.643168032169342,867.1875,13.792075621284924,8,0.0009277689530640098,0.3841583728790283,-262.27953124906554,126.17389162284042,-63.202337910357166,-9.785583284779008,-55.25829936815252,-41.79982693892816,-56.49175927081721,1.3937164467109546,-36.037614137323004,-4.248635111508845,-27.515336429379524,-21.85155876502883,-5.5413449566617095,3475.294757201571,7270.408163265306,0.06405452806122448,0.06693136692047119,3615.70614635363,103.87215842410978,0.009819470345973969,9,0.11733333333333333,0.488475501537323,0.599353015422821,937.5,11.843758708025698,30,0.0004721792049557527,0.4451351463794708,-243.38422964432965,125.85086682724365,-71.23987307912468,-5.954943221825458,-56.720537728094534,-42.228533775524184,-64.78554961525563,2.5017262512169536,-37.84573547615083,-5.287857767230581,-27.431748751004825,-27.576164819695094,-8.891474677564824
2.4533,3,20,4387.173609360085,8911.735372340425,0.06632313829787234,0.027537574991583824,4172.613778092618,0.0,0.0,6,0.448,0.5402957201004028,0.6424302458763123,281.25,8.581878644438962,20,0.06448203089700817,0.6895599365234375,-404.7973277479378,89.34901061646863,-29.952439820691655,34.567233285815185,-38.94854884349786,-2.054481858012571,-51.613490446355286,2.632884235720275,-46.59940178640398,-5.473171372024615,-21.28243557638386,-13.074090598596573,-6.692353690324086,2862.3145565602586,5540.226063829788,0.056734125664893616,0.14511887729167938,3094.446591787576,-1524.8590527998263,0.11758130043745041,5,0.3413333333333333,0.4821978509426117,0.6112857460975647,773.4375,34.184932963248144,26,0.0002624109050773552,0.7479245066642761,-200.40102730005503,137.62674021362818,-79.30085255091494,-23.058120689581894,-60.779402077172946,-40.589587775507404,-66.07647870075742,-4.952417640026265,-27.041484484425744,0.569494638735653,-18.808156427890495,-13.745681063177363,4.340620364871005,3151.861303229727,6514.627659574468,0.05736785239361702,0.13088078796863556,3487.8693525373483,289.5467466694686,-0.014238089323043823,8,0.2986666666666667,0.5156720876693726,0.5559474229812622,773.4375,31.25168594881706,27,0.0021030725085100233,0.5299530625343323,-187.6292236237887,128.3027937038796,-76.09106220647118,3.4065709985821035,-64.42505634457721,-45.26487165792527,-75.16598454832568,-8.967334003149155,-39.78435573899581,-7.439580774219309,-23.994340192885023,-19.766897795007875,2.2898853168387756,3642.6329922395685,7670.046542553191,0.06661402925531915,0.09533247351646423,3877.637539988649,490.77168900984134,-0.035548314452171326,8,0.4693333333333333,0.3372866213321686,0.742573618888855,820.3125,17.855392298895133,53,0.0015301830304325472,0.8005109429359436,-207.8501767110819,121.64698625708577,-65.63020159255395,2.658293010940275,-70.1576024852076,-37.62330161979784,-66.45095715120088,-0.31441652251698315,-39.37739126394009,-9.222578105037885,-32.26674937742747,-21.509289063858027,-1.2048844891994233,2968.347737142705,5864.36170212766,0.05938331117021277,0.10230880230665207,3417.88028154725,-674.2852550968637,0.006976328790187836,8,0.288,0.5531947612762451,0.5338823199272156,937.5,22.25197570802908,8,0.0004846230720247234,0.5188103914260864,-211.368278258601,130.59397521166431,-66.20786958518326,-4.190792564315818,-65.26313149706537,-49.49037399702058,-60.40516065248782,-2.040154984719195,-32.77555704668838,-6.6216588449335765,-26.21659564603031,-27.816505240144114,-8.980968625475187
2.6027,3,20,6350.566853002218,11548.469387755102,0.07760682397959184,0.02308162860572338,4681.845040315192,0.0,0.0,8,0.48,0.6523419618606567,0.579025387763977,281.25,8.515304103665756,2,0.06285715164874854,0.8796349167823792,-403.32059788931195,74.70252841546025,-27.958526997731795,45.475406169283914,-55.472751998083496,14.671095089129071,-57.94130927332777,11.968056016569424,-52.52321258520742,-5.0622474389137855,-29.64503734641175,-12.48937963113426,-9.178827106915456,3300.519569903283,6770.567602040816,0.060247927295918366,0.16761167347431183,3499.066562979307,-3050.0472830989347,0.1445300430059433,7,0.08533333333333333,0.6241147518157959,0.4912170171737671,773.4375,48.80672033138472,23,0.0009987264574511797,0.5305954217910767,-185.23709088513303,119.71657196154362,-71.68945763863121,-11.507597121643165,-69.63521143322413,-38.11104007698789,-69.24107879168206,-6.839036550397957,-32.224581577140746,-0.3763059715679422,-14.901621605726536,-7.891465594074798,3.429127001407325,3697.858220352034,7730.070153061224,0.06483179209183673,0.14445914328098297,3885.4699566717763,397.3386504487512,-0.023152530193328857,8,0.16,0.4713350832462311,0.6034356951713562,773.4375,38.90111350546218,27,0.0011516869223995123,0.6153597235679626,-183.09504206450134,119.37280502021866,-64.54728897549941,-5.978884419691634,-80.3209516396389,-37.29210393188282,-67.70023516035918,-3.477158581365926,-38.08581510388579,-4.68939174768331,-21.197654168617497,-8.383735697850524,2.452338261874955,3299.958090582706,7159.438775510204,0.06684470663265306,0.11818438768386841,3773.0699000600275,-397.90012976932803,-0.026274755597114563,7,0.384,0.38461995124816895,0.6676528453826904,820.3125,26.004707884075955,27,0.0004570472940671109,0.4868379533290863,-200.0553171981763,123.33369387265856,-57.19733471254539,-2.7935287812589134,-70.4619875621039,-44.32057693099789,-63.02600447818353,-1.5327564186538805,-38.46506531791677,-8.35059121667896,-25.69615338202779,-16.198512582990464,-2.059228341597137,4029.2309822110183,7828.603316326531,0.07726801658163265,0.0676010325551033,3793.799445893009,729.2728916283122,-0.050583355128765106,8,0.032,0.4716244339942932,0.6421449780464172,867.1875,13.605035080218428,28,0.0009153285009560704,0.5873315930366516,-228.2962616297783,116.74558811587887,-74.54997023444464,11.00398426976277,-76.73457011542885,-34.37670530375773,-62.79286447396335,5.201891858267937,-43.618854600408845,-6.013210436290133,-29.926487615078315,-19.81709144699738,-7.092449631558812
2.5173,3,20,5134.334319677965,9324.70703125,0.07232666015625,0.030032923445105553,4269.2070170849465,0.0,0.0,6,0.39466666666666667,0.5037747025489807,0.6930608749389648,281.25,8.540034049447222,21,0.06285398563112131,0.5144681930541992,-389.5949455285492,76.5328465515129,-28.997232647271158,35.1948842247108,-33.52852658128863,-2.52846929675734,-52.75710037280157,3.3089041622876287,-46.8810750122602,-4.035669059507042,-20.556403926674086,-17.316138293180135,-4.958944607644324,2909.245576766413,5343.75,0.06800333658854167,0.14933566749095917,3074.7549116023597,-2225.0887429115523,0.11930274218320847,9,0.16,0.5127062201499939,0.5691506862640381,773.4375,38.28363081091316,27,0.0006530631531579608,0.5329828262329102,-195.12483248872465,130.76830811867336,-85.4287516421964,-11.126452994770295,-61.6239723625313,-52.03694056530552,-64.94720589342606,-0.9846514932570679,-33.148857033466925,5.349200678988602,-19.353440046907682,-17.618063469048803,6.281423621103905,2505.6519114563434,4998.046875,0.051076253255208336,0.14966769516468048,3043.4346909137034,-403.59366531006935,0.0003320276737213135,8,0.48,0.5745385885238647,0.49783360958099365,773.4375,36.99364033552875,7,0.00017154419812067626,0.6647101044654846,-203.2264903028168,144.03304939673563,-67.9740080254794,-16.42327949544894,-64.74230124698364,-57.26158902464929,-66.38385906967336,-5.101629832548855,-39.306068940292285,-3.4941771186807036,-16.16401437018295,-18.725352633008466,4.616448837061854,2722.93335793442,5022.4609375,0.0528564453125,0.1064627394080162,3260.61726070152,217.28144647807676,-0.043204955756664276,8,0.3626666666666667,0.4458116888999939,0.608368992805481,796.875,20.40353821694396,26,0.00040789424809901205,0.4698268473148346,-211.6977232889776,141.65346815643207,-62.269456234936094,-15.339360301990112,-60.37613579066514,-49.664717200062135,-64.09210165808997,-0.3661005652930725,-35.44651143096785,-9.660800275130613,-27.039015288422558,-22.253683179891187,1.035040314093493,2615.2094008982203,4808.10546875,0.053599039713541664,0.09270811825990677,2983.9652810875045,-107.72395703619986,-0.013754621148109436,5,0.45866666666666667,0.4709000289440155,0.6166154146194458,867.1875,18.439908523363545,30,0.0002445552403168034,0.7315986752510071,-237.74620325526863,147.66008148986734,-70.93403441112895,-16.780193304702124,-50.57722186180266,-46.264199577304545,-64.4577500569773,-1.7931328038807284,-39.610076066515845,-9.820088519650652,-25.424377461625408,-24.845062053037978,-4.791614586709065
2.432,3,20,4745.794244778108,9975.713315217392,0.05570652173913043,0.029712891206145287,4418.101842995432,0.0,0.0,5,0.4053333333333333,0.5885166525840759,0.5991029739379883,281.25,9.940486636874562,20,0.06575867535624479,0.8083660006523132,-384.32091594768406,83.04684540242262,-27.12643767902973,29.31087381710172,-37.22583921434374,2.6481125384467257,-50.175964558873275,2.9510869508337505,-45.916824702409755,-7.800025793935832,-26.344994463012327,-17.206942293970474,-3.8781199728239675,3156.837341328383,5720.278532608696,0.062234629755434784,0.1791888177394867,3269.9806529950183,-1588.956903449725,0.14947593212127686,7,0.3626666666666667,0.5887714624404907,0.5150716304779053,843.75,43.02689029453169,26,0.000591995908990559,0.7999909520149231,-175.31886833415604,120.2922967917316,-84.84191960104047,-5.830546462658503,-72.28233373154333,-49.2836520813315,-65.3440314678779,-2.488406395684665,-28.72553130523832,4.271065795752465,-19.295662425226414,-12.779572481219102,2.694967010371008,2883.6814534088567,5488.451086956522,0.055143936820652176,0.08006855100393295,3317.245957107187,-273.1558879195263,-0.09912026673555374,6,0.096,0.5461962223052979,0.5328118205070496,843.75,22.56171349322698,7,0.0004206185767597247,0.285195529460907,-262.4397794628787,126.23791316694137,-63.84355949006159,-11.932939552668724,-52.9270367216637,-54.15374798342176,-66.14406974301602,-7.319319489015672,-26.886194419276904,-4.059365787020359,-21.795689711387652,-13.709481540097245,3.0204502885789823,2773.484135374942,5220.957880434783,0.053880774456521736,0.07126438617706299,3165.245242743628,-110.1973180339146,-0.008804164826869965,5,0.256,0.3742607831954956,0.6834213733673096,750.0,13.431663867851825,26,0.0004758152223299194,0.2865656316280365,-258.5234328818513,135.0010009130104,-58.20419880465607,-13.358294163627898,-53.8926056558354,-52.35839390755021,-59.388492646905945,-6.745586077502739,-33.106689881933406,-5.631903939247669,-25.210232124487778,-21.325033219921117,2.816820223960278,3108.410728038183,6349.014945652174,0.06362516983695653,0.05668968707323074,3600.7418505152177,334.9265926632411,-0.014574699103832245,7,0.14933333333333335,0.4661237895488739,0.6031346321105957,867.1875,12.65987514784097,7,0.0006412543841005837,0.48938852548599243,-262.50238362190726,134.01134767188304,-70.50684509695725,-9.014429752850365,-66.25338861993326,-41.63747404847232,-59.099356536515145,1.900943348155916,-39.55788194635083,-1.3631931827051431,-31.03058219974423,-22.73376707427194,-6.723326405076979
2.112,3,20,4932.669090005327,10836.328125,0.054443359375,0.023467976599931717,4770.234619907946,0.0,0.0,5,0.4053333333333333,0.6617313027381897,0.524161696434021,281.25,9.172148277179948,32,0.07507242478289662,0.9845361113548279,-422.43128116619044,84.02424686821924,-14.377992871553312,33.36990549612554,-34.87705623565307,0.031768856627457785,-53.62795480005057,8.589095562448799,-49.149751454104056,-6.032265645940823,-24.263060250155114,-12.350894657358158,-6.696670896714819,3488.194489884189,7164.84375,0.06734619140625,0.17101803421974182,3710.3190663222367,-1444.4746001211383,0.1475500613451004,5,0.352,0.5893871188163757,0.5219478607177734,796.875,45.90775255420035,27,0.0010415705166021362,0.6837717890739441,-173.93696068872464,115.53328766326554,-66.8409383981136,-10.213028367924693,-77.40826628372227,-38.40813689594778,-61.49829924786578,-1.6169891463935582,-24.637701315889274,6.97598056304995,-18.247479841194313,-11.680943858978663,2.775028808721148,2925.5443469967586,5599.21875,0.05684814453125,0.13153426349163055,3304.737702350937,-562.6501428874303,-0.03948377072811127,8,0.24533333333333332,0.39597058296203613,0.6824164986610413,796.875,26.25892164931253,26,0.0025370753146797312,0.4313386380672455,-206.2702675502528,130.00354528687703,-66.92695530751269,-3.6692133162712635,-54.7030690237176,-51.27627348331439,-67.33973132759209,-11.633256206427546,-36.64948296385529,-4.382031420695699,-24.73892808401037,-11.416811382977754,5.812593310060677,3583.296896026032,7064.0625,0.06075439453125,0.07296570390462875,3683.2916363187337,657.7525490292733,-0.0585685595870018,5,0.21333333333333335,0.4158191978931427,0.6727109551429749,843.75,13.264350706325393,28,0.003031738903701094,0.5957531332969666,-232.91600119080104,133.50986201821584,-68.77418594327283,-8.307458580651211,-60.54420011086056,-38.69899475475976,-68.7738045873067,2.8607311564163593,-40.960701151808266,-10.984059310777448,-31.310936807293558,-17.96649099476945,-3.0797403030523434,3192.1131321540115,6556.640625,0.05643310546875,0.12165043503046036,3576.1358474143262,-391.18376387202034,0.048684731125831604,4,0.16,0.5017535090446472,0.5714148879051208,867.1875,27.339591968195474,27,0.0003090939400367975,0.46070313453674316,-197.13033112962432,131.92167295537598,-59.8519340856772,-6.306759581846078,-75.28295246041387,-48.50886337561833,-63.11176146084754,-0.7085248753187184,-43.31325905749457,-6.7666695533565475,-29.1000890381787,-23.519722711523688,-2.0459883252642532
2.368,3,20,4424.254515233315,9523.958333333334,0.062022569444444446,0.039912544190883636,4344.748415477946,0.0,0.0,5,0.448,0.3762238919734955,0.7572413682937622,281.25,7.501610883684387,21,0.06713342170861011,0.9754582047462463,-359.31310010473476,75.3272937328449,-23.800707502007164,13.944192050674708,-38.65875808626089,-10.631190920348834,-38.788895681337515,1.8517187263658597,-39.09813048529392,-10.324463059923605,-18.588604617471198,-14.021864916517178,-3.860965219744436,2963.080624602049,6100.520833333333,0.05438368055555556,0.11820953339338303,3358.71687027505,-1461.1738906312662,0.07829698920249939,7,0.3626666666666667,0.6393772959709167,0.44125884771347046,796.875,32.54106778257753,7,0.0004530420895866319,0.6677075624465942,-227.35830560651942,130.23797222171692,-63.302536425112685,-9.556549094663753,-70.77628755302773,-50.85807988941209,-69.09174234098543,-7.88559063956504,-30.05717412345098,0.8519217281783704,-16.491774535380316,-12.359023841207495,6.564390368851378,3047.958745495382,6126.041666666667,0.056488715277777775,0.08262809365987778,3357.753367602275,84.87812089333329,-0.03558143973350525,8,0.021333333333333333,0.48496514558792114,0.5868014693260193,796.875,21.715097570374986,7,0.0005217103359589451,0.3532699942588806,-243.78824774498779,141.0140396480703,-61.08543129769522,-15.299293239484381,-63.44823288289576,-43.8579080579685,-68.07178691705855,-8.974869013414642,-37.10540953774108,-6.688898157321489,-22.983238936610576,-15.49630597587269,2.8071200386622803,3354.3440512301454,7122.395833333333,0.0671657986111111,0.05931200459599495,3821.186456000229,306.3853057347633,-0.023316089063882828,7,0.45866666666666667,0.42528945207595825,0.6497238874435425,796.875,11.774597341445794,8,0.0008311535251609982,0.9912285208702087,-249.65260593160815,127.25258464080956,-63.239430218530984,-0.49618407168404727,-69.75594447782002,-37.48156896060602,-64.19505047831015,-1.097973578717416,-38.64310308032469,-5.421373733866452,-32.861177751909324,-18.281309461863767,-0.4149778225527758,4033.3445595472567,8265.104166666666,0.07365451388888888,0.07693414390087128,3941.219630521482,679.0005083171113,0.017622139304876328,6,0.021333333333333333,0.3391090929508209,0.7379476428031921,820.3125,13.2509460295488,27,0.0008768372841685323,0.5181348323822021,-221.18433777617776,114.31346265354266,-76.12370548146875,9.764355189540863,-78.07905376785213,-34.08165751906536,-63.04435667465201,4.0765654569087175,-47.45364118440892,-9.724192194717983,-31.256276470731088,-22.414363124154477,-2.479925625947079
2.7307,3,20,5066.008213994685,9541.766826923076,0.06881948617788461,0.0516824945807457,4313.982891001238,0.0,0.0,8,0.512,0.3939085900783539,0.7407523393630981,281.25,8.762784250238557,21,0.05720429993444978,0.9317305088043213,-344.74458533668974,67.97485625037295,-24.91854903726871,24.598455680496897,-28.323745204570404,-11.031353938707849,-50.945581201788286,-0.16899693834494495,-39.3961711808665,-2.477352902456746,-19.860624746734178,-18.534377922154665,-1.8656875059338605,2492.3366040472342,4698.768028846154,0.050828200120192304,0.11148147284984589,2985.3419258617773,-2573.671609947451,0.05979897826910019,9,0.21333333333333335,0.5577675104141235,0.5405901670455933,773.4375,30.428364752319613,27,0.00040574553524540903,0.3543548583984375,-241.41962843128536,141.93418125973534,-73.72820351683286,-21.78610864383181,-57.99005699505877,-56.68392996142256,-62.89909490667464,-9.269381486998704,-33.22470382920279,7.014871020746928,-20.31791057359705,-16.961997363534273,6.151189020265586,2657.0529980445667,5384.765625,0.05362642728365385,0.07390215247869492,3347.7186221564884,164.7163939973325,-0.03757932037115097,8,0.13866666666666666,0.5894209742546082,0.495002418756485,796.875,18.870355616556925,7,0.0003537373245711357,0.5048521757125854,-265.0772758181311,139.86465622981288,-67.59771431276478,-18.03764543314115,-66.07058938911294,-50.85338388717524,-67.54589005862087,-9.002802423956252,-43.88588369641189,0.32308289082375796,-24.189690679681107,-17.835875193645112,3.216827789792688,2543.4827589052506,4613.131009615385,0.054537259615384616,0.08113809674978256,3027.7452531406743,-113.57023913931607,0.0072359442710876465,9,0.30933333333333335,0.48544713854789734,0.5836583971977234,867.1875,18.13000614366101,7,0.0004634904235253489,0.4875694513320923,-252.62964835238324,143.32552139537736,-66.97396844373294,-19.651381379319254,-56.725659570387265,-53.691119231988075,-60.60897764329805,-8.668047527853489,-39.43280206922047,-2.4691169033299336,-22.699722057784285,-25.73859182376407,-1.6058093427444473,2810.99125112377,5618.689903846154,0.05463115985576923,0.05114497244358063,3265.4826714897445,267.5084922185192,-0.029993124306201935,8,0.11733333333333333,0.5101408362388611,0.5737686157226562,867.1875,11.703105779241477,3,0.0004803424209564523,0.4580147862434387,-275.07766435024627,144.8019863429802,-73.42176565037893,-11.054843726748423,-62.519421597079635,-40.34410052777686,-66.07083353930001,-1.6767254269812013,-43.34826053243398,-13.99060551144061,-26.383299674360412,-26.581463822766775,-10.971935786594592
1.8773,3,20,3052.3133034307907,5908.203125,0.06590440538194445,0.15286871790885925,3258.199404081205,0.0,0.0,4,0.16,0.5750207901000977,0.5282400846481323,796.875,42.36564079750507,42,0.05713210536579483,0.7157329320907593,-221.4510401632557,102.41278233152502,-75.68263907738807,-14.32797386853896,-58.45069976282119,-30.007890491814692,-60.46061584150953,-0.11273644185247757,-22.52804840660282,2.917037565115393,-6.249681333353336,-11.272525995044129,-5.358296360011675,2876.7042903987826,5508.463541666667,0.055908203125,0.09956250339746475,3364.0804407652477,-175.60901303200808,-0.0533062145113945,6,0.064,0.5482988357543945,0.5651304125785828,796.875,27.499811054923487,27,0.0009409072063301888,0.5957316756248474,-216.24342118974644,132.4752701912497,-72.42099618181088,-6.170625914823842,-66.18467303543567,-44.12452611559446,-67.69004673639132,-2.4033575578128654,-32.26188713219423,-8.159073402403976,-17.720095795887037,-15.504003302051185,-2.5437218148717538,2826.6832830959956,5276.692708333333,0.06278483072916667,0.10165952146053314,3189.1245054310098,-50.021007302786984,0.00209701806306839,7,0.2986666666666667,0.4642554223537445,0.630352258682251,796.875,24.18950872527466,27,0.0006410600946147142,0.7152812480926514,-212.24086170645438,136.93051472873196,-76.8870906910348,-9.098721586910633,-48.93175683386585,-40.18285721693039,-68.24304393685614,-9.777890829545942,-40.13689127277013,-7.49802442680778,-15.756757487108839,-18.42821518440253,-5.790832864478779,2690.6497585094808,5133.463541666667,0.057332356770833336,0.11787024140357971,3172.771940485638,-136.0335245865149,0.01621071994304657,7,0.192,0.49448198080062866,0.5936949849128723,796.875,33.15105841241278,28,0.0013315008852822167,0.34654271602630615,-215.75909561042286,139.2265039583409,-58.16075500354896,-20.885166609728156,-50.9053183962244,-47.322561482729974,-58.285350104118706,-7.530012993613342,-35.262844981920935,-5.2362574447449255,-17.866262691110208,-24.500704280507403,0.23512463881079101,2891.2219245744914,5380.208333333333,0.06129286024305555,0.08048244565725327,3247.0390150165445,200.5721660650106,-0.03738779574632645,5,0.20266666666666666,0.3932366371154785,0.7048187851905823,796.875,15.521552531717564,23,0.0012340832232430727,0.5337709188461304,-233.17655540628346,139.249411969311,-73.04558997247662,-16.947863676665392,-47.50479809154738,-40.55077510126509,-62.74735932012321,4.0266491601818695,-43.60130654768065,-12.47169947166484,-17.824067372356463,-30.911413467822584,-10.195896632063388
1.7707,3,20,2876.0359469895116,5008.042279411765,0.06100643382352941,0.1128108873963356,2700.9564062739696,0.0,0.0,4,0.33066666666666666,0.5022100210189819,0.5947344899177551,796.875,31.588213203128966,30,0.06301026750430358,0.8692339658737183,-247.56955711668942,102.53027255079763,-80.12506954060848,0.8950378667216946,-50.61731447371817,-52.98389822296381,-44.17170995149186,-6.21039470203876,-19.031527223151443,4.214048982733892,-11.653358609755346,-9.265299762962803,-0.8278777388944637,2457.925087070716,4171.185661764706,0.060288373161764705,0.11293800175189972,2633.0172689590436,-418.11085991879554,0.00012711435556411743,7,0.2773333333333333,0.4786970615386963,0.6058691740036011,796.875,30.500192805154484,27,0.0005092224061636094,0.7064851522445679,-216.45544718259487,144.7045586552052,-83.43277375727928,-11.003212062192084,-43.04569267299591,-51.03339984249425,-69.77480786991406,-23.39705742378827,-26.517240888013845,-8.370783034014968,-18.981827373078445,-17.47358458306016,1.6395201139514097,2249.83643780172,4134.650735294118,0.04996266084558824,0.07884535938501358,2600.015454540787,-208.08864926899605,-0.03409264236688614,5,0.10666666666666667,0.41787853837013245,0.649388313293457,796.875,16.763781452848644,8,0.00026732733151547456,0.5100905895233154,-247.23126212789987,163.39854938880632,-77.57028050274019,-20.013220764053568,-51.81321549577374,-48.97449637752696,-62.39553867389538,-11.845366856758359,-34.470760130663706,-11.683726334317948,-22.209517839874415,-24.164137426908347,-0.6735596491617313,2772.9382665710696,4877.757352941177,0.06532915900735294,0.09290509670972824,3017.7419698680064,523.1018287693496,0.01405973732471466,7,0.16,0.40063682198524475,0.6687767505645752,843.75,19.246181183102287,28,0.0003733983859907007,0.5910664200782776,-224.4485742923695,140.80446775518595,-84.42121492915453,-3.4603907847719824,-59.27086498010781,-45.66264918962904,-64.41505515852609,-6.294533504695964,-36.097990827753144,-7.751716318998681,-22.89490426548752,-23.73940271417318,-5.18331380429989,3044.543811383212,5970.358455882353,0.06877585018382353,0.07705825567245483,3139.9034472106464,271.6055448121424,-0.015846841037273407,6,0.021333333333333333,0.5616868138313293,0.5392580032348633,867.1875,15.834532251964118,22,0.0004980427617345292,0.6365703344345093,-228.92692145412406,142.5562864944325,-86.76201400270452,-3.9134842144210817,-60.449732037603006,-47.79108141504265,-60.06164709084145,2.467790757765414,-41.59264262656574,-5.4969158499460296,-25.48046704452754,-32.30228606281537,-9.515594222628765
1.408,3,20,2714.82911591738,4973.958333333333,0.05857566550925926,0.043731480836868286,2886.401221525058,0.0,0.0,3,0.128,0.3114798069000244,0.7851144075393677,796.875,7.752980358589617,27,0.08629135359261147,0.6660849452018738,-361.69672308851887,118.38335317696817,-74.25299483219591,-6.932462437509302,-38.058254101452285,-33.31027555780713,-66.03215995455182,0.12156539943174494,-36.38035625410168,-2.1594037640659987,-19.11376944477283,-15.641096091396717,1.4219759470680842,2912.0009146551633,5574.652777777777,0.06559244791666667,0.12915171682834625,3087.861602098943,197.17179873778332,0.08542023599147797,5,0.07466666666666667,0.4924811124801636,0.5958099365234375,796.875,42.394297940169956,27,0.0009539305655949231,0.4738113582134247,-211.6968405113325,134.39158195922565,-69.87248718993418,-13.583378440717965,-49.804774929427374,-55.16492465567608,-64.69063200027637,-2.7616666745528446,-30.699449017219482,-1.3875871906163653,-18.76029386019878,-16.864830921323662,7.611824492861184,2636.12353424914,5035.590277777777,0.051830150462962965,0.12435335665941238,3293.02678726801,-275.87738040602335,-0.004798360168933868,5,0.18133333333333335,0.48751112818717957,0.5596598386764526,796.875,37.68223026073048,27,0.0006067379724410206,0.6089910268783569,-204.41877630589656,139.66448250904236,-62.37971870038386,-16.7972569810082,-57.92261793057355,-50.32745415818479,-67.69965626978025,-7.700578346133496,-38.492303970028225,-7.848729831753609,-17.655800978549827,-18.128669892899996,3.814889685277916,2534.4271276385184,4474.826388888889,0.051703559027777776,0.0975559875369072,3189.6658511133915,-101.69640661062158,-0.026797369122505188,4,0.14933333333333335,0.47087910771369934,0.5826724171638489,820.3125,23.118415595890774,7,0.0004753928094822946,0.5389583110809326,-228.7051729452783,146.2983436787494,-57.30601775755941,-18.35588324325682,-63.69402480410396,-47.13973833852004,-59.34338662596109,-4.614917462512998,-32.9322306676721,-7.502211847969299,-26.835233916873328,-21.656148026927717,-1.885483116281633,2403.406192589827,4492.1875,0.05360243055555555,0.08133996278047562,2870.0155623198434,-131.02093504869163,-0.01621602475643158,4,0.16,0.5277768969535828,0.5415620803833008,796.875,16.875318798608223,4,0.0004597699757672875,0.6330441832542419,-238.84908913591028,160.33126845028943,-74.07480934654009,-12.755389650512846,-59.18065302164351,-48.31037893223837,-61.69779117556274,-0.045400409563315855,-41.25406468576486,-15.646612675954067,-26.68430249773131,-23.494768945676476,-11.099220783458211
1.5787,3,20,2148.651194073658,3755.46875,0.04375,0.08845240622758865,2286.2734482518936,0.0,0.0,4,0.24533333333333332,0.5938006043434143,0.5115950107574463,796.875,27.200359996152976,21,0.06985605003823954,0.6045830845832825,-305.8874290467507,126.14268828007421,-54.30728584735146,-19.581789960709816,-45.23856402955668,-51.599650540216004,-38.64561147104096,0.08363331339592156,-15.13790506865725,-4.197483258700044,-10.942924149436646,-5.522030866080411,0.08791911129845846,2864.4060090560174,5218.75,0.059814453125,0.09849142283201218,3040.946063719971,715.7548149823592,0.010039016604423523,6,0.16,0.6419844031333923,0.4774319529533386,796.875,27.876679683527623,27,0.0010166632953991519,0.5565809011459351,-217.135856385279,136.8065786104353,-72.86111972241437,-0.6302648754333127,-53.75001092814219,-48.05582468098742,-56.339779046630476,-2.7032410270307374,-32.96085127724714,-7.722734168918696,-20.32122268745528,-8.984838635951055,-0.32492613222018446,2929.5867044533306,5661.71875,0.05392252604166667,0.1247095912694931,3373.797878628806,65.18069539731323,0.026218168437480927,5,0.23466666666666666,0.5179301500320435,0.5577536821365356,796.875,30.628964142269027,27,0.0008778833640273461,0.5645157694816589,-192.9378694411556,139.3745366756384,-68.36613395189694,-4.037721134090805,-58.99899191324143,-42.49744192525043,-70.43611122740843,-1.8284758769271923,-32.70993551036826,-11.667391578100109,-27.2474110153248,-15.664879842233189,3.7815412598740936,3212.5028670112456,6689.84375,0.0572265625,0.09154973924160004,3709.734961460785,282.91616255791496,-0.033159852027893066,3,0.05333333333333334,0.566979706287384,0.5167973637580872,796.875,24.2265757585346,27,0.001097902522567201,0.6305363774299622,-220.2095634569146,136.014330191014,-62.018991419409865,2.906151354558838,-73.63109025937348,-43.38211439723295,-66.45290154017268,7.1461913062548374,-42.24214903341116,-9.331540574468098,-24.044531606377742,-18.016719327663164,1.090709441939033,3061.7115691256868,6217.1875,0.05926106770833333,0.0963793694972992,3513.202786578932,-150.79129788555883,0.004829630255699158,4,0.256,0.5114298462867737,0.5711597800254822,914.0625,19.670984247030017,8,0.0009685028690258127,0.5413651466369629,-227.30572976454698,135.19244568695714,-53.36397512636707,-1.2550998234783186,-72.24669228651717,-52.02800996579482,-60.174693022847656,9.138522593102696,-32.17888351920532,-15.873104053181002,-26.691055655401566,-16.166652100062713,-2.5869538533409204
1.728,3,20,2629.2060948996686,4993.607954545455,0.049360795454545456,0.09075585752725601,3090.347895521416,0.0,0.0,6,0.18133333333333335,0.3962500989437103,0.6850336194038391,773.4375,23.82979960954147,27,0.06347633708860774,0.39203959703445435,-287.98924583096573,112.38419276530841,-58.00127183351022,-18.85717093053872,-43.254296619128304,-47.720705172174085,-58.7217530027145,-0.7759936790100096,-24.86493213203824,2.142398413635159,-13.789738530522941,-12.24733705472394,4.965848359739334,2436.3506686032047,4517.755681818182,0.046061197916666664,0.0963723286986351,2993.1667096818396,-192.85542629646397,0.005616471171379089,5,0.26666666666666666,0.5755919218063354,0.4813910722732544,796.875,30.42210056926765,7,0.0009616003469433414,0.46946948766708374,-257.8765681599519,143.82007576067807,-63.171809631059354,-19.95702069992838,-43.73044005197545,-53.641681569496626,-60.012719984371635,-14.181634541357731,-30.507406300605357,-4.038815325608511,-17.97000576610833,-12.20692551113589,1.7707275813831629,3050.381247531384,5762.784090909091,0.06124230587121212,0.08968660980463028,3384.4987062474,614.0305789281792,-0.006685718894004822,5,0.13866666666666666,0.4267288148403168,0.6485685110092163,796.875,26.21880604641846,29,0.0005503277364690655,0.3585963249206543,-231.52317857923597,127.5094998360812,-66.32645492508647,-3.5641584465222653,-51.26712886172695,-52.081889587868254,-58.1114654023843,-3.2348379470694897,-35.036883383139006,-2.8287832208431785,-19.86992816789065,-18.388711262146987,1.6023423676673154,2165.413433088977,3939.630681818182,0.05770596590909091,0.0476115457713604,2375.944170373798,-884.967814442407,-0.04207506403326988,4,0.05333333333333334,0.6037998795509338,0.47121661901474,796.875,10.474878919500744,24,0.0005964906319030909,0.556332528591156,-296.5241518637774,178.98921178456257,-81.9100842162408,-24.428198223728526,-36.858495099842465,-54.195989696182195,-64.79346476564044,1.5319509995889906,-38.78130173061156,-10.974442540732225,-25.63954510631467,-26.550484670255305,-4.798560651147689,3009.54073491014,6372.159090909091,0.06014737215909091,0.07239644229412079,3452.802832593703,844.1273018211632,0.02478489652276039,5,0.18133333333333335,0.5290539860725403,0.5530855655670166,820.3125,14.30621614448458,8,0.00047803650410213,0.5524871945381165,-249.6825535139511,141.31011399898037,-67.35010008555143,-10.383755034233056,-66.53995609612194,-46.733391205212214,-64.46929015937802,7.094882827182003,-36.3809031393477,-8.073109613572763,-25.799635238784404,-25.314067880449066,-6.242181889086893
2.624,3,20,4978.825234385505,10203.75,0.073447265625,0.044628750532865524,4490.828078088177,0.0,0.0,9,0.5013333333333333,0.38142916560173035,0.7446702718734741,281.25,8.646616415915034,31,0.060716346750350925,0.8047459721565247,-362.82642200065953,74.33037029264315,-24.53929515022526,24.523237411621594,-32.39169494591496,-9.170906068274437,-54.133063107006556,4.262795323517673,-43.120572219162085,-4.110567168821274,-18.9914905679531,-19.488252764577922,-4.922441839934958,2380.9829533929283,4205.625,0.052861328125,0.15060481429100037,2739.664234750185,-2597.8422809925764,0.10597606003284454,8,0.13866666666666666,0.5897752642631531,0.4779754877090454,796.875,38.56413708815295,26,0.0007787814890461823,0.5535967946052551,-206.8100981002766,146.4158839885259,-84.1844383375432,-25.012298920147142,-60.3459964296436,-51.25403532621204,-67.27028623691348,-11.804779428683394,-29.716761659967464,2.364319790162681,-16.12123429866607,-16.758038953870894,4.449711286806491,2213.1307463380635,3614.53125,0.0525,0.11716118454933167,2604.5490365687606,-167.85220705486472,-0.0334436297416687,9,0.14933333333333335,0.5083603262901306,0.5645648837089539,867.1875,23.312192803739425,26,0.00010483138029995577,0.5187966823577881,-216.11559781239674,166.00711716327947,-85.825464552006,-27.820305517055218,-50.45383221520335,-48.46098929615533,-72.45336970291144,-6.097964799562151,-42.473351995455175,-8.074868794985127,-24.908084275677865,-25.84292067560627,1.7478437633922073,2271.7198702307414,4123.125,0.051767578125,0.08858496695756912,2734.390775663174,58.58912389267789,-0.028576217591762543,8,0.32,0.4599858224391937,0.5959479212760925,796.875,17.67067300902554,27,0.00020439379195584504,0.5520005226135254,-232.50686977808095,167.93954970067676,-79.55658891885993,-27.797454171162073,-50.853300457046636,-44.807834639497685,-65.6442926726764,-6.4694181497958985,-43.0117228921619,-8.91669824169412,-24.701371177668538,-25.655416357725503,-4.731140019847811,2547.989815826659,4752.65625,0.054716796875,0.09639640897512436,3067.7172392519,276.26994559591776,0.007811442017555237,8,0.24533333333333332,0.5406761169433594,0.546398937702179,890.625,20.61895002962936,8,0.0002015661010706253,0.5481293201446533,-232.49684624001927,155.55895617984234,-74.38413401747222,-18.25786063236337,-66.90934162188283,-48.16048321900767,-66.69047420644566,4.425795516116154,-42.77049904237808,-9.517885010178956,-30.53049446614451,-31.220843509291612,-8.582896459348822
5.056,3,40,3947.1885285287103,7488.898026315789,0.06866776315789473,0.0868186354637146,3539.22814247721,0.0,0.0,15,0.64,0.5781716108322144,0.5251482129096985,796.875,17.75442749613953,21,0.03230679720755143,0.5540854334831238,-283.5066166212817,96.45466686923079,-53.56198369269083,8.22111464249764,-43.84869423246766,-35.641050882316264,-52.395649892799284,0.4341793387272346,-36.42767768454543,-2.5895708175273104,-18.879984514243603,-16.13946100576297,2.2359295406010604,2910.7507839199347,5272.6973684210525,0.06310649671052632,0.06830935925245285,3166.5838803764836,-1036.4377446087756,-0.01850927621126175,16,0.8746666666666667,0.41241827607154846,0.671434223651886,843.75,10.903191416861773,28,0.00047703115613977607,0.4205721914768219,-253.44599279367617,133.95704966004098,-71.7584935875536,-10.378519831794764,-42.006404462273274,-51.213771331952195,-60.563694462254006,-2.422137015063616,-38.95009126723234,-8.346609676086416,-25.655624783338546,-22.256911132626282,5.1735416467025654,2911.0296025809544,5905.756578947368,0.05969880756578947,0.08303063362836838,3415.1942598632504,0.2788186610196135,0.014721274375915527,18,0.6506666666666666,0.4158518612384796,0.660516619682312,960.9375,12.923812827099615,28,0.0005975817061928423,0.5020692944526672,-238.32208605180028,142.7681506665359,-69.37767236417774,-14.895306411494067,-64.20494535658607,-39.41599572949892,-65.60072245834962,7.210054733520868,-39.98701832352943,-12.6990203576575,-30.50060663906532,-28.937691629811315,-7.040421680160937,2890.0903873007574,5562.582236842105,0.061004317434210524,0.07273636013269424,3153.132350493819,-20.939215280197004,-0.010294273495674133,16,0.9493333333333334,0.47082051634788513,0.6226044297218323,890.625,15.21995537346883,4,0.0004964380248362791,0.40289655327796936,-260.95425827529675,138.262274835895,-60.95980180150984,-18.454164547855544,-57.11568936224409,-43.96643686680663,-47.495487308653615,10.610557175276847,-30.565006540606024,-7.347440671579342,-24.613206692991103,-32.49255441249467,-11.23378682570855,2674.0047182596877,4998.848684210527,0.05390111019736842,0.06444516777992249,3029.5218217142638,-216.08566904106965,-0.008291192352771759,13,0.5226666666666666,0.47492504119873047,0.6018807888031006,937.5,11.576414600230699,10,0.00030478365387807114,0.32544460892677307,-273.86892740102223,146.5816780146432,-54.26297403393752,-34.9251208635068,-56.396360859727096,-38.282912046748834,-35.91061496139916,7.553497131614199,-27.850355233496057,-7.469694567245477,-28.66643785889837,-26.70897270774266,-10.889376197877853
4.2453,3,40,3644.2962822489862,7170.1171875,0.055157470703125,0.06806297600269318,3706.8658984421536,0.0,0.0,11,0.6826666666666666,0.5569243431091309,0.5502811074256897,773.4375,14.952457365765403,21,0.037767680806735954,0.687980592250824,-320.14882508278345,90.48838101846303,-30.710165695897807,15.030195494785579,-30.55206990574292,-25.84335500653815,-45.65947736186697,-4.367075583884743,-37.422701582669895,-6.332058770786435,-18.606493822174706,-14.045298059259414,-0.03743783605518951,2509.8282444367082,4549.8046875,0.053564453125,0.13463705778121948,2851.853971517191,-1134.468037812278,0.0665740817785263,11,0.7893333333333333,0.47418180108070374,0.6063516736030579,796.875,31.607316548511164,27,0.0001866652068128019,0.7035176157951355,-207.55592882499369,146.30757726712037,-76.30258848715955,-17.531725012118585,-53.4607801892472,-46.78615621104626,-67.43627949394855,-12.790991779315837,-34.052797669170246,-9.284680589504237,-19.544970846273323,-18.463612619302026,2.9996974636512825,2427.9508037819214,4685.7421875,0.05247802734375,0.0944909080862999,2893.5868704087115,-81.87744065478682,-0.040146149694919586,10,0.7466666666666667,0.41382840275764465,0.645708441734314,796.875,18.7107595422098,8,0.00015114027805132504,0.584064245223999,-239.62095588871654,153.69252924919766,-67.89318382317254,-28.7397362550995,-48.886289444199576,-50.45113867856912,-58.953996586619766,-4.648229492218226,-36.970979801495545,-11.000363826653716,-27.24948426128004,-21.894020922071693,-1.3458101056732807,2748.0712808039502,5329.1015625,0.060089111328125,0.07752218097448349,3241.552043300959,320.1204770220288,-0.016968727111816406,11,0.6506666666666666,0.45790258049964905,0.6225607395172119,937.5,16.128476232856954,4,0.0003156391037395153,0.441959023475647,-250.62068751618762,149.33678306809205,-71.49258120723833,-20.983738128034776,-55.80782121758182,-45.81272990175487,-57.67839878038295,6.359506250739308,-42.7155364202308,-7.807005675841589,-30.95042426144345,-29.935969555196813,-8.736423841364969,2982.3039600250754,5718.1640625,0.05692138671875,0.07399195432662964,3339.8597263768743,234.23267922112518,-0.0035302266478538513,14,0.021333333333333333,0.40837526321411133,0.6862446665763855,960.9375,12.23188597987724,12,0.000328699141641126,0.39932459592819214,-255.38406602795916,138.14962964576915,-61.797847107901006,-19.540535496836235,-63.596541906361395,-42.38413128673862,-47.41766941411035,6.941943939282171,-40.18859446283818,-4.8788119352660075,-28.662614973900947,-30.407827687574525,-12.685481003652484
5.312,3,40,3492.2285696032473,7134.609375,0.0616650390625,0.10185553878545761,3524.689059722838,0.0,0.0,15,0.7893333333333333,0.5637139678001404,0.5409131050109863,773.4375,25.647081496827788,26,0.029939718718593494,0.6395789980888367,-277.22128157689366,102.9850484828247,-54.47639404291383,1.9562981556988888,-43.33634852761712,-32.02782613103078,-59.22013098211752,-9.248866012934215,-33.739312286387126,-5.054322429839032,-15.454885103892668,-15.610770305178526,-0.6474686449856689,2446.4144885252113,4383.28125,0.0545703125,0.11631955206394196,2856.0345452257143,-1045.814081078036,0.014464013278484344,15,0.064,0.44824352860450745,0.6064894795417786,796.875,24.4679293932653,26,0.000192168826611314,0.4312063157558441,-219.32404182168003,146.22270609081733,-69.19438768090815,-21.32024149409523,-54.363707387316055,-58.17390340767745,-62.80230861302136,-11.962739237570734,-42.33654874292285,-8.230351851361242,-19.662763147788024,-21.442920515918445,0.06615650191965,3088.967265614841,6290.15625,0.0621630859375,0.05716938525438309,3435.959647098036,642.5527770896297,-0.05915016680955887,16,0.8,0.4606872498989105,0.6246894598007202,867.1875,11.749797979702219,4,0.0004675552499472927,0.5752201080322266,-274.1603184866437,137.87501576594045,-70.8995188018778,-9.04037620713819,-65.79177968877579,-40.168927443009835,-60.54038330747935,7.464274145053428,-41.833101586677415,-9.937946903811666,-26.987594846394405,-32.37300416941564,-11.70635592694265,3258.2678324370777,6500.390625,0.0655859375,0.05084311589598656,3451.891176437629,169.30056682223676,-0.00632626935839653,14,0.16,0.484048455953598,0.6220555305480957,867.1875,8.242791412427772,27,0.0004342256282059837,0.4861423373222351,-281.54944617329494,135.955629431074,-67.74925984445208,-12.888155008177618,-66.62293757679842,-37.94386150377608,-53.22018698715928,12.645399278135937,-41.51287553998617,-6.987317905298791,-25.116780163382742,-34.9920862672881,-12.207384059172764,2819.374175547212,5598.046875,0.0582861328125,0.04395655542612076,3233.254368171953,-438.8936568898657,-0.006886560469865799,14,0.672,0.46463191509246826,0.6235159635543823,960.9375,7.04491150237408,10,0.0003181716765730083,0.4228903651237488,-307.7278314455296,147.39055287823257,-65.27288285443457,-33.059562480447745,-57.88187345480667,-36.194586432022284,-44.27509988797661,19.165888463046173,-34.862224698526504,-8.569452832649326,-29.233730178492443,-34.24633172839917,-9.017299907531365
5.5893,3,40,3720.359547669366,6976.339285714285,0.07114490327380953,0.10758993029594421,3468.1282317186615,0.0,0.0,16,0.8106666666666666,0.5079969167709351,0.5770960450172424,773.4375,25.50434955573213,26,0.02942880225242212,0.5700023770332336,-257.5905119539271,99.99407966377315,-57.76303323377966,3.4706499873151695,-48.45946663479959,-33.65426744949997,-60.13333438092511,-8.70789874722509,-34.97628732132815,-3.4443248650927343,-15.429651135104695,-13.557847761559197,0.01922515353075523,3383.0767114377686,7082.8125,0.0646391369047619,0.08256136626005173,3596.0966825977457,-337.28283623159723,-0.025028564035892487,18,0.6506666666666666,0.39772605895996094,0.6742984056472778,773.4375,15.394408579799897,27,0.00046650488483172305,0.36874836683273315,-241.92148113610702,127.46080337032434,-65.20702920338073,-8.112473426408387,-55.902273417921165,-48.5145504192814,-67.54359350651863,-3.2468666343780037,-43.924455329917066,-5.272583799781343,-24.58684629377619,-23.266364538675713,1.7511260048161668,3249.4163697343392,6345.982142857143,0.061788504464285715,0.07257366925477982,3522.6188956337983,-133.66034170342937,-0.009987697005271912,18,0.33066666666666666,0.3882758915424347,0.6986739635467529,937.5,12.612651841358995,24,0.0005139119273530365,0.3602150082588196,-248.48867748361604,129.19259891337126,-66.76062959801057,-9.610990300373869,-60.53686896407699,-42.23455162539292,-60.47040910942897,2.2332976681190067,-39.07299586578279,-9.397346505865269,-26.6601590885047,-26.433483293487228,-5.91401739390886,2916.126363494605,5718.303571428572,0.058361235119047616,0.05461045354604721,3304.1982424326047,-333.29000623973434,-0.017963215708732605,15,0.352,0.48333269357681274,0.6145056486129761,937.5,10.107086510056597,4,0.000654207759247152,0.34668809175491333,-284.04842058039276,140.46082119307698,-66.5519076148248,-20.451410500227645,-59.599710942502924,-37.15586580356306,-48.48712182835516,9.896429640876459,-38.686692282936846,-8.866245199328949,-26.07782145900645,-37.30365083674288,-10.420929877638947,3256.81410437223,6142.410714285715,0.06431361607142858,0.05714970454573631,3435.488764959168,340.68774087762495,0.002539250999689102,17,1.056,0.4041910469532013,0.6859691739082336,843.75,8.803958930744802,23,0.0007446367851619756,0.7772215008735657,-276.97118492738235,132.42614833538417,-63.747446856901306,-24.09599665424406,-57.21388150642965,-33.64310468520703,-44.44648550540293,16.637821890246734,-33.753150377250456,-5.407116883574529,-28.61291074900211,-36.597513705632245,-8.264238825879088
5.3973,3,40,3844.6511470156925,7573.069852941177,0.06160960477941176,0.07021483033895493,3701.3905103421466,0.0,0.0,17,0.7786666666666666,0.4849400222301483,0.6166974902153015,773.4375,16.972067964719596,16,0.029511064171634124,0.34055671095848083,-293.6205364048384,101.2718538773408,-50.644759343564054,0.5986673210142452,-40.61856647022582,-28.829881934843815,-55.95454277766441,-4.836991046679276,-35.440623134013464,-1.4915282549528768,-17.297053949534252,-16.371632047948697,0.4166803448459673,2668.581047552033,5154.411764705882,0.054361979166666664,0.07007728517055511,3074.2213444324507,-1176.0700994636595,-0.0001375451683998108,18,0.10666666666666667,0.5007888078689575,0.5861937999725342,773.4375,17.042203637817178,7,0.00044151156714206216,0.4366834759712219,-260.4242586027161,143.33298476522285,-71.37284079930012,-16.600961761262464,-63.56344147930573,-51.7657260730054,-59.04108726188889,-7.9820971216006384,-42.13469441976577,-8.979011361218088,-28.750396091823088,-18.38740460356361,1.125147609417015,2826.3593395184184,5383.27205882353,0.058349609375,0.05846202000975609,3269.831739154133,157.7782919663855,-0.011615265160799026,14,0.4266666666666667,0.47024020552635193,0.6227319836616516,960.9375,9.587151933438339,9,0.0007305307108209733,0.4608784317970276,-267.6421603379846,143.2046132342448,-70.46510157961691,-15.039547831665436,-60.34475987804165,-48.36896080339883,-58.410418036559385,1.395877748820792,-42.87875733534324,-7.086766750587297,-30.911937502548795,-26.1353665562919,-7.650408494561623,2958.1284970906545,5643.841911764706,0.06094898897058824,0.06455934047698975,3310.216053985975,131.76915757223605,0.006097320467233658,15,1.056,0.44140902161598206,0.6361575722694397,960.9375,11.190402899098327,9,0.0009124196129274623,0.9920222759246826,-265.7141932153339,136.74486053990063,-64.91549082981709,-16.15521227127672,-64.8575897605592,-45.52956046095534,-45.21795650296502,10.037877933175913,-40.5201596630651,-5.33412315739326,-28.321903495746973,-31.593596814317234,-9.952470031866083,2669.917209423792,5052.389705882353,0.056410845588235295,0.0862165316939354,3159.012281583913,-288.2112876668625,0.021657191216945648,15,0.5226666666666666,0.42648351192474365,0.6408236622810364,867.1875,17.46358600821968,10,0.0003221242574431409,0.36152318120002747,-249.13009679969502,144.63368694838505,-64.83323860208117,-32.483384575403775,-58.78231216050292,-42.54293092164808,-39.70562161445502,10.674853604423594,-36.47093716076395,-4.692192936138691,-25.886819880001656,-31.070173971896317,-13.372733605044466
5.44,3,40,3943.795450182106,7931.204490291262,0.06630195691747573,0.1075228750705719,3771.465518192555,0.0,0.0,16,0.7786666666666666,0.5275930166244507,0.5856861472129822,773.4375,27.162572530815083,49,0.02932192092129325,0.45767951011657715,-258.43227588069453,94.58195840643972,-50.455253112815996,10.462550962998867,-43.59657779360038,-32.397591596955564,-54.80592702841323,-5.1585044417794865,-37.72107715129016,0.23222011077848018,-21.049816147192754,-18.16729737180576,1.3333877639958038,3486.9146457010324,7381.4472087378645,0.06662431735436893,0.0894632488489151,3793.23391875747,-456.8808044810735,-0.0180596262216568,15,0.042666666666666665,0.4407159090042114,0.6309973001480103,843.75,17.69203303927892,26,0.0006627609450921985,0.43515023589134216,-219.17181507501877,121.33011345547571,-69.72282231850176,-1.8856267448637072,-72.62773292172564,-41.8455836229474,-72.37108501216967,-3.5424631742084465,-41.271278077245086,-5.375763351937521,-27.902244885707823,-22.451667113488597,-0.13359343823753703,3476.3814566740116,7129.0958737864075,0.07143128033980582,0.07047473639249802,3621.047175971347,-10.533189027020853,-0.018988512456417084,17,0.928,0.4194488525390625,0.6623024344444275,867.1875,13.123028948197767,8,0.0006906846476707392,0.44238314032554626,-238.72182522887005,123.20970487807872,-65.96894609367347,-6.331400905847924,-66.93342694276149,-43.700147043734944,-57.268061524438714,2.458486758998403,-38.61837255976029,-6.764894209271387,-27.72345221452865,-24.157891401314124,-6.247119535695392,3497.1353489952794,6956.614077669903,0.06983369993932038,0.07529326528310776,3582.470355327856,20.753892321267813,0.004818528890609741,19,0.13866666666666666,0.4777577221393585,0.6210960149765015,960.9375,16.76850051853412,28,0.000639387201051334,0.335176944732666,-244.55926402319733,120.82637523348063,-64.03298023220779,-16.470093679410517,-59.71585914506166,-40.14131562961703,-45.7115480419295,11.288845519516984,-33.371992650229174,-3.6066906294699783,-23.645794253439508,-29.717072559538817,-7.873785719268535,3051.851296960093,5937.651699029127,0.05926217384708738,0.06485094875097275,3526.3709133305097,-445.2840520351865,-0.01044231653213501,17,0.43733333333333335,0.4578717350959778,0.6260579228401184,960.9375,10.864564344479144,31,0.0003445862049670787,0.31377965211868286,-264.3972486782117,133.5384975255115,-66.50403918168308,-28.073911626609256,-60.69077479845749,-32.40762141451069,-45.50976156578029,17.030996527613784,-34.923695992080525,-2.174691206212309,-26.9839032717211,-37.00227979850742,-8.581259833357597
5.4827,3,40,3915.084897374308,7872.041868932039,0.06733540655339806,0.09236297011375427,3751.6647062289708,0.0,0.0,13,0.64,0.4068309962749481,0.6782896518707275,773.4375,19.172562780895916,26,0.03059294038322132,0.5251734852790833,-272.1460500298568,98.35888771634093,-57.88272866499628,5.304824752257233,-47.60931276402436,-33.073119024922505,-59.529449775233324,-5.833293347137646,-34.48196688387634,-4.519879866652106,-17.379902048836712,-18.402226538791716,-2.867855901395851,3520.036163112764,7438.789441747573,0.06720266990291263,0.08578360080718994,3757.7371230489753,-395.04873426154427,-0.006579369306564331,16,0.14933333333333335,0.4682762026786804,0.6029341220855713,773.4375,18.092344282004508,26,0.0007240277986366089,0.3567230999469757,-222.67853539603118,119.24181143786352,-63.46396982699634,-9.424309980531037,-61.3090944278054,-41.5346339426271,-63.2897919715071,-5.407207997069776,-41.240003968300684,-7.454482087484642,-25.345833173276496,-19.366165685476485,1.4997764732404402,3229.649113930063,6629.39927184466,0.06249525940533981,0.06415536254644394,3506.4645072106246,-290.38704918270105,-0.021628238260746002,16,0.8853333333333333,0.5679630041122437,0.5259708762168884,937.5,13.201757137730725,28,0.0006229730052032702,0.6258079409599304,-247.94081056196524,129.44550922306937,-71.04323661242456,-8.669241148215846,-69.00008487220654,-41.070987828121574,-58.00666141556845,3.068150482791123,-38.16252330173697,-9.163725389669047,-26.72522354613923,-25.973607089453076,-9.000225408222004,3512.9711821753244,7007.584951456311,0.06898039290048544,0.06353504955768585,3595.319236082447,283.32206824526156,-0.0006203129887580872,15,0.2773333333333333,0.46658438444137573,0.6444646120071411,960.9375,12.347252861925446,23,0.0009020820568880385,0.3321172297000885,-260.3280661702399,121.59199607882853,-61.46994167348076,-12.827622136851854,-61.121848370465635,-41.70925228258992,-45.395969887604515,12.428164164106157,-33.93893450098724,-2.7114868926556945,-21.361321447145166,-33.01915258145997,-12.673609871781583,3061.3567869839844,6192.278519417476,0.06214445540048544,0.06266441941261292,3576.720037763145,-451.61439519134,-0.000870630145072937,17,0.224,0.49637413024902344,0.5905804634094238,796.875,12.901419637017138,23,0.0005899310734800624,0.29924362897872925,-253.62488389468209,135.6302368933755,-65.79776973126093,-32.22471909169516,-62.21018967312764,-31.375042208142354,-46.51553499019993,13.61035824324999,-37.22115821171853,-3.9652915813044265,-25.481308820683147,-38.87626763617362,-5.5553249232612725
5.5893,3,40,3976.744533223227,8001.5625,0.07039155505952381,0.10634876787662506,3806.73137818201,0.0,0.0,16,0.7146666666666667,0.4906979501247406,0.607886791229248,773.4375,21.082025417085976,26,0.02898516962687058,0.5325837135314941,-246.051165664855,98.5516081550332,-56.014518965573835,6.93283001796126,-49.34129673473236,-32.41995238167646,-61.92269817148734,-5.216243475715636,-37.94290537762308,-2.9102277183931653,-18.63481673492784,-15.529650450665146,-2.973153840401918,3148.677736724828,6216.294642857143,0.06149553571428571,0.11632392555475235,3428.4200206164787,-828.0667964983991,0.009975157678127289,19,0.14933333333333335,0.4453642666339874,0.6280567646026611,867.1875,21.667266194498037,26,0.00043459906840362064,0.44773566722869873,-197.3865890634481,131.61576198694928,-74.68894002253303,-9.305740260842773,-63.22778809926168,-44.54434323299421,-70.30916597743243,-3.6958495522131334,-43.57444006816304,-9.546782252072154,-26.988358864799046,-24.81547131569837,-2.48335789113538,2998.612430070379,5931.696428571428,0.06061197916666667,0.09176354110240936,3330.4931541638307,-150.0653066544487,-0.024560384452342987,19,0.128,0.4782171845436096,0.6081923842430115,960.9375,18.654438598452167,8,0.0003317917971269565,0.3961167633533478,-225.86481218787287,135.00369729788093,-66.72466005059142,-17.084319832205374,-60.60668090408961,-45.770956451878405,-52.734638937533425,0.6569454802654128,-36.018752265036305,-5.274032109823566,-31.144552395614852,-27.68159348511509,-9.561852161637932,2906.085173680202,5550.669642857143,0.05853794642857143,0.07565528154373169,3414.3323065457694,-92.52725639017717,-0.016108259558677673,20,0.6933333333333334,0.5540114045143127,0.531755805015564,914.0625,16.06123939008696,4,0.00031773546566251043,0.3963431715965271,-243.12328438530776,137.97217648566468,-66.62580422605703,-31.783234630710513,-60.14324847319711,-37.208908872589525,-47.45150446932509,11.940070739016484,-36.154261641420426,-2.7696952777590247,-26.520207947368988,-32.64212581896863,-12.799140251732979,3030.187967536988,5516.294642857143,0.06275576636904762,0.05547919124364853,3268.408078512341,124.10279385678587,-0.02017609030008316,17,0.2986666666666667,0.4749733805656433,0.6200748085975647,1031.25,9.229901505988439,10,0.0005992916030949135,0.2743472158908844,-280.0913547635514,136.22941562925743,-61.15835845312193,-33.66064734764712,-52.06437333514027,-32.479359625889046,-38.073647731979015,16.58833608886983,-33.48402957743662,-7.54797967193742,-26.033529055011716,-34.09206346817964,-12.007860704275174
5.2053,3,40,3353.4676069900856,6579.958545918367,0.0614387356505102,0.090509794652462,3446.463610112711,0.0,0.0,15,0.736,0.6034433245658875,0.5177377462387085,773.4375,21.534310340665424,21,0.030588847652463357,0.5648307800292969,-282.32413067796057,103.75546133474211,-55.780041173372204,2.7245780190671645,-40.18630896998974,-33.21561522539113,-54.42229208695016,-6.051742664910325,-36.160916741344906,-1.7126592547121675,-17.663068655203986,-16.140962400026478,-0.18283122389223422,2669.8709936382206,5196.667729591837,0.054278938137755105,0.09935051202774048,3089.8416605608804,-683.596613351865,0.008840717375278473,15,0.45866666666666667,0.529893159866333,0.5419896841049194,773.4375,22.212648291289735,26,0.00027278078987976335,0.2829277515411377,-226.13186539708806,144.1220696436741,-72.28151593208936,-16.401832703973383,-59.30426713147375,-51.106354282424164,-62.528068204193985,-7.148690932324148,-42.551323993496915,-5.187471833344874,-23.70143866738389,-21.310814407870208,0.7423305198919367,2836.7683631093973,5367.1875,0.06223094706632653,0.10577933490276337,3169.7154287373796,166.89736947117672,0.006428822875022888,18,0.39466666666666667,0.43201059103012085,0.6498091816902161,937.5,20.505949968999165,28,0.00037144150190894233,0.33753302693367004,-222.7118883760287,142.47210933851443,-66.21018781967895,-19.366699409129343,-63.32063828777322,-46.47854532800008,-54.0945571665982,4.3118463807567,-38.525453544758626,-9.354674697755359,-24.5096023856459,-26.136041817333236,-9.861245854594591,3178.745834513638,6199.936224489796,0.06494638871173469,0.07099828124046326,3427.9470114000264,341.97747140424053,-0.03478105366230011,13,0.05333333333333334,0.4445144832134247,0.6556137204170227,960.9375,12.272557806989916,11,0.0005771394461537632,0.3197966516017914,-238.51072124022136,128.993520684437,-62.78251493032716,-20.78948433623053,-62.11213897188118,-38.7325001104971,-38.138135398456235,9.550347650157175,-38.966062079819096,-5.568222866560597,-20.588185577974006,-28.998438547603104,-10.314390665022326,3049.961506966425,5966.039540816327,0.06368582589285714,0.062251586467027664,3441.666062660586,-128.7843275472128,-0.008746694773435593,14,0.192,0.4318291246891022,0.6585812568664551,867.1875,12.641930148623032,30,0.00036020522415396654,0.29446738958358765,-267.4009344227164,132.14947675666775,-66.2072696463698,-24.643805652775413,-57.47184628492919,-35.62230336451221,-38.63956921433111,17.991380469629227,-37.15343414076885,-4.781422470826015,-23.031017817043416,-29.639681906028034,-10.531669128254338
4.48,3,40,3676.026496102732,7479.319852941177,0.06457375919117647,0.08896930515766144,3674.6463131170167,0.0,0.0,12,0.576,0.5629876255989075,0.5428010821342468,796.875,21.976545173083842,22,0.024595471737357984,0.47486984729766846,-269.25191312452074,91.64336852203225,-51.12194380761062,12.60319969896393,-50.338808398071,-30.167859318742504,-50.323355907557115,1.2402341842125502,-30.819363136241602,-9.161141742718284,-18.43164122769894,-11.422534086187431,-1.4741641782594086,3343.1143430785673,7280.238970588235,0.06097196691176471,0.08600453287363052,3721.2977491471547,-332.9121530241646,-0.0029647722840309143,13,0.08533333333333333,0.4641052484512329,0.6259506940841675,820.3125,16.65645770010205,53,0.0006380419278103845,0.3200959265232086,-228.209004795905,133.05371362719706,-59.25111516280324,-0.585238758891646,-71.35080112191325,-39.84072692230414,-59.62471759761738,3.855669690633828,-44.40246045620343,-11.71196033240212,-28.708321503468564,-18.65996314858448,-1.57017422974052,3405.92134274812,7322.702205882353,0.06248851102941176,0.10004382580518723,3778.416938379172,62.806999669552624,0.014039292931556702,17,0.32,0.6204625964164734,0.4640102982521057,937.5,25.33384281744907,24,0.0008477512436546729,0.3389485478401184,-208.237960647041,123.97983542923063,-51.05419714529623,-8.088872054810473,-69.37619852257258,-43.25769701939147,-54.2636626144958,10.611190884669902,-31.9778919849166,-10.64850690900901,-25.439150556047025,-21.05712707250297,-7.549445336784766,3562.0249961166937,7323.529411764706,0.06112706801470588,0.06956557929515839,3761.798505460819,156.10365336857376,-0.03047824651002884,14,0.37333333333333335,0.5288373231887817,0.5765884518623352,937.5,13.318044510299085,30,0.0005442825017991393,0.3105672597885132,-235.44109223213331,122.81147979586417,-55.461393111533056,-8.198802034472276,-68.5559814409684,-34.93663631891692,-46.25113057088119,16.137297032772434,-33.26890464207937,-14.120876644853947,-25.093088250271425,-23.63577719239354,-9.550940135352954,3101.192267779433,6174.264705882353,0.058318014705882354,0.0700947642326355,3437.22492199807,-460.8327283372605,0.0005291849374771118,14,0.45866666666666667,0.4088378846645355,0.6913309693336487,937.5,11.875459583400366,10,0.000402737879237837,0.4692627787590027,-268.1364727599544,138.99021301977862,-59.235536130823505,-18.821527613623008,-70.99237056625583,-35.76368567488063,-40.60248421120761,23.612368848483325,-36.533062568552175,-11.39843468137238,-24.99372480569175,-29.506944093404417,-10.159911024748276
4.096,3,40,2972.4046496349138,5900.466720779221,0.06268389813311688,0.07977337390184402,3164.924795529423,0.0,0.0,11,0.26666666666666666,0.5686807036399841,0.5350646376609802,796.875,21.38741321377875,26,0.031893607223052595,0.35173946619033813,-267.7087096701732,114.35240712957021,-63.1658899397063,-9.264156600145554,-54.50954962117842,-47.91604050750822,-60.97808121142446,-4.104665776195444,-25.27776966703578,-0.7915424292532487,-16.04729291810253,-15.515425600634279,4.039561737324598,3018.650172829698,5858.766233766234,0.06396484375,0.07515005022287369,3338.128001740063,46.245523194784255,-0.004623323678970337,11,0.3626666666666667,0.4886336326599121,0.6054822206497192,796.875,19.2079169572873,7,0.00027908055725546954,0.318217009305954,-247.31933102121525,130.9587932441109,-65.44767461380926,-1.2278716246058892,-62.4901687207936,-49.13393305805726,-63.63504998710626,0.08839647125820391,-33.87767278714091,-8.717324509746838,-25.795893370362602,-23.397743413077244,-1.1750930502083037,3091.099162045274,6152.800324675325,0.0633497362012987,0.07056213170289993,3392.2430149487886,72.44898921557615,-0.004587918519973755,15,0.5333333333333333,0.542227029800415,0.54779452085495,867.1875,13.975335944171968,10,0.00041363948249981223,0.45065176486968994,-247.3853207640217,136.24209595683303,-69.19618330812669,-10.923436786035845,-65.7892332352754,-36.46516221767711,-59.99864419854689,6.0189405894509775,-32.221630415307594,-6.502463334333624,-28.819843969927465,-30.785852631751787,-7.212417560914283,3627.806243317009,7544.439935064935,0.06808035714285714,0.0576690137386322,3797.5218074076324,536.7070812717348,-0.01289311796426773,12,0.7893333333333333,0.5247653722763062,0.5791615843772888,820.3125,11.280826609576556,30,0.0006710945497555063,0.9909547567367554,-254.52476521530124,120.31089300795963,-64.22928051822636,-6.0042360824491405,-63.94982928820877,-34.658980186752494,-50.14318913616513,13.550153689508932,-32.97307878582878,-1.3954781638326867,-24.002389254683898,-34.238936717483135,-9.520953843314802,2727.1071088526746,4954.443993506494,0.058314732142857144,0.05385388433933258,3045.2725728552314,-900.6991344643343,-0.0038151293992996216,14,0.7573333333333333,0.5122854709625244,0.5886183977127075,820.3125,9.319817446730648,22,0.000294848118536437,0.6642695665359497,-281.4493008020043,148.12638431429872,-77.44170161684883,-20.153639176390882,-59.33872342624257,-35.063894073643375,-46.80721953309199,9.657305203700474,-33.85403029310282,-4.016845708357941,-28.94998351497041,-34.24203769414119,-3.749677513565786
4.1387,3,40,2909.484771840046,5609.6754807692305,0.06264398036858974,0.05908370018005371,3073.935220076603,0.0,0.0,11,0.5973333333333334,0.5411550402641296,0.5622122287750244,796.875,14.988971975049829,26,0.032146587499984385,0.37322375178337097,-287.45173962383166,114.78685092028842,-62.11787944704998,-3.2385037941196604,-50.734584863041924,-52.790795397530964,-59.452510950947655,-10.89112798626837,-26.920612754729646,-2.199871660989874,-18.042084864652022,-14.035718847797503,4.7679361365248365,3256.380613456575,6595.252403846154,0.06691957131410256,0.044696372002363205,3497.8418682636975,346.89584161652874,-0.014387328177690506,12,0.384,0.49517622590065,0.5832210779190063,796.875,9.414111564084308,7,0.0007705803974099042,0.6623556017875671,-282.1481772046523,134.48503666265898,-74.18565314902652,0.04787344341978033,-73.86758402806504,-42.12152538705003,-66.4360899603599,4.045731027574635,-37.500887974802474,-8.765977423609385,-33.5191358296411,-26.088517080696608,-2.3417330906842198,3226.9717579158546,6118.088942307692,0.06752679286858974,0.060345765203237534,3388.0950194973652,-29.408855540720197,0.01564939320087433,13,0.32,0.5625625848770142,0.5458007454872131,820.3125,12.055462333456122,29,0.0006076359984716755,0.4824427366256714,-258.9865709800138,128.21944875721582,-63.18409325087581,-7.085289348015858,-64.50685736477936,-46.124231301290834,-50.013517772243915,8.635426436718614,-33.12506217666348,-6.244463012044635,-27.525511966170022,-26.92269811107991,-9.970160481251167,3502.0743225042706,6917.367788461538,0.07175856370192307,0.06666011363267899,3578.855768586441,275.10256458841604,0.006314348429441452,11,0.384,0.45123764872550964,0.6638209819793701,960.9375,11.173730754974324,22,0.0007278553052822184,0.2539565861225128,-241.14228209194656,118.71212999535194,-70.73345837589555,-4.74592713713959,-60.96295440459333,-37.75697557445989,-49.17040037744722,11.266275990824429,-32.36242717618131,-4.9218330549463,-24.298256637361092,-32.40312621403754,-7.779954983462499,3501.8318534287473,7078.725961538462,0.06579276842948718,0.06548485159873962,3668.5470776754987,-0.2424690755233314,-0.0011752620339393616,13,0.6826666666666666,0.45503664016723633,0.6505928635597229,820.3125,10.945457542594454,54,0.0005293590540781194,0.3972996175289154,-254.62770712924203,127.20309918614427,-75.17543350759209,-6.416468447369497,-76.75631128839952,-31.20901004316301,-46.316984063915214,20.187271261772366,-43.398087100128684,-4.133318817745038,-25.348087609578197,-37.581260610392896,-9.663349663911
4.16,3,40,2663.8668139923984,4932.852056962025,0.055509543117088604,0.12600338459014893,3013.93364738403,0.0,0.0,16,0.7466666666666667,0.4788834750652313,0.5967265963554382,796.875,31.63077114094077,26,0.029692699042476695,0.46298733353614807,-223.54303843619783,125.85684043051614,-65.73093773405246,-12.960859758947999,-55.135189702225404,-51.46347729004717,-64.07900219720679,-13.03757661699567,-33.34846608085898,0.8283809592685935,-17.71058255582854,-16.65434184748112,-0.6064724435801568,3533.352227870545,7273.041930379747,0.06804415545886076,0.11302946507930756,3599.729115570902,869.4854138781466,-0.01297391951084137,14,0.064,0.4016435444355011,0.6765191555023193,820.3125,23.124280089909266,27,0.0011762714645891148,0.3551197052001953,-201.76078657275013,120.24564061449452,-68.84566428827095,-5.972014766240103,-65.61935934693314,-41.983750119622876,-61.992758169170564,-2.6327117385841783,-40.05372687638958,-8.561159763437201,-21.301915160201762,-22.21951158350847,-3.223095020899466,3683.7329784404087,7737.341772151899,0.06609103045886076,0.06285376101732254,3890.77743811174,150.38075056986372,-0.050175704061985016,14,0.8106666666666666,0.5559256076812744,0.5550990700721741,914.0625,12.207255222692467,23,0.0007549017582080816,0.9570576548576355,-244.13750949807172,127.34007367007952,-70.38900949978448,0.6554887271018557,-73.3474891351002,-37.99331149810714,-63.796091439265716,14.929797178457818,-45.02787037784191,-6.739785658880329,-27.555816024208116,-35.43735576451571,-11.764325078737697,3064.726893600088,6160.7990506329115,0.05832179588607595,0.07904200255870819,3447.480772373075,-619.0060848403209,0.01618824154138565,17,0.48,0.5504456162452698,0.5264685153961182,914.0625,17.137165255321893,23,0.0005626006800151946,0.34407055377960205,-235.06264328509855,134.37513281096307,-60.02469045339486,-23.936186448162417,-59.57077319408744,-40.75361460479651,-49.048159249321984,11.014710719311777,-31.20996118673407,-4.818080076310139,-22.45319154327404,-36.70656282114623,-8.674472665227658,3400.168083430536,6871.340981012659,0.06565837618670886,0.06026788800954819,3587.2248097921247,335.44118983044837,-0.018774114549160004,15,0.576,0.48634371161460876,0.6337355971336365,820.3125,12.743173231399249,27,0.0005284067872700811,0.37670257687568665,-259.24995261917223,129.2830854806077,-73.25559863696591,-16.4738852657993,-62.93562889887272,-32.13383329550981,-48.783443034337346,13.060774613819804,-42.283265438136766,-0.6204746303341797,-22.150084909420933,-39.09431479914377,-7.515528650376354
3.9893,3,40,3145.50703321607,6252.1875,0.06017578125,0.10388939082622528,3229.073033714954,0.0,0.0,11,0.16,0.5425305962562561,0.5663332939147949,796.875,27.6835122610908,27,0.028014669916845515,0.4582561254501343,-231.59857094966807,114.13555593812457,-64.76717176381464,2.575511962777035,-60.04195837058304,-44.078998116428835,-60.8913312223174,-4.383606639204465,-27.398275421291316,-4.044649840681487,-21.192190726768487,-13.847891422016849,3.057542418734866,2674.235704156987,5089.375,0.05736328125,0.11206831783056259,3092.7914918483248,-471.27132905908275,0.00817892700433731,8,0.704,0.5301812291145325,0.5473058819770813,820.3125,24.665372591960274,28,0.0008434332216557921,0.6118362545967102,-215.03761434014677,143.17281223246167,-63.08094089463898,-5.444313490687966,-65.51771342755028,-50.963386464781,-61.55049268143625,3.5650411166743257,-29.61374704160314,-8.538364471183803,-31.016871992439228,-21.43784911581514,-3.8515522326091802,3271.793078588083,6809.375,0.05732421875,0.08492539823055267,3667.6531865477828,597.5573744310959,-0.027142919600009918,14,0.7573333333333333,0.5943177342414856,0.5151335597038269,937.5,17.051537839381066,8,0.0007643133753269708,0.7905325889587402,-223.19878307825735,130.29930694508892,-59.04412127395049,-0.2371725591333612,-73.68788305422234,-41.153965611811124,-55.65224881840876,11.545727481037698,-35.148172673512754,-8.644883244187108,-29.92758303230378,-26.628638756819505,-10.622347278047245,3337.57729437039,7004.375,0.060084635416666664,0.08847564458847046,3688.887065634053,65.784215782307,0.0035502463579177856,13,0.24533333333333332,0.5182703137397766,0.5732518434524536,820.3125,16.537728677494826,31,0.0006595076198298509,0.41723257303237915,-229.2523266931627,126.37691017652472,-58.7093110992839,-10.310428770958161,-66.0945321029526,-38.02742380443619,-47.664956007633855,19.765605962263056,-33.54163982989103,-8.23785972324282,-23.42074462371799,-31.45294696136288,-10.00046393491283,2863.6615563759633,5678.75,0.057526041666666666,0.06628786027431488,3256.1640229376726,-473.91573799442676,-0.02218778431415558,13,0.5973333333333334,0.5645808577537537,0.5367345213890076,820.3125,17.807794690403135,22,0.0004130343900958587,0.29439830780029297,-252.30360144875934,132.7957621142239,-56.4157924607436,-21.098591572740318,-54.84324952353888,-37.0351104086112,-39.1414167880701,11.216626061707695,-23.55875714662022,-8.013184822316198,-21.9245432928299,-31.132172220490762,-1.711598711956096
5.504,3,40,3671.777432846807,6927.584134615385,0.05875807542067308,0.08320260047912598,3586.3326876754536,0.0,0.0,15,0.7893333333333333,0.5410109758377075,0.5693735480308533,867.1875,17.596689981059257,27,0.02917614735595115,0.4788242280483246,-277.8545878476298,107.49925087363334,-51.092015566169636,-0.056974737709649434,-44.546379937827936,-34.58568250692004,-57.390904729881754,-1.8058480906063035,-37.49798617324729,-2.6122344516046243,-18.396199612731472,-19.172133689509415,0.0397857451179755,2652.5145165816766,4923.677884615385,0.05521803635817308,0.06926575303077698,3124.191104213359,-1019.2629162651306,-0.013936847448348999,15,0.7466666666666667,0.38072216510772705,0.6838169693946838,843.75,14.69890948080105,27,0.00026943885253499956,0.3009219765663147,-260.39706751398506,141.34198559420003,-60.72006661549669,-19.35656272887428,-53.88935426157696,-51.07237599241877,-60.15114094023123,-6.376558451961733,-36.315410589796876,-6.553052855084482,-22.49955190057578,-21.871562784986306,0.382002321108259,2996.6631715124913,5736.328125,0.06335918719951923,0.07045014202594757,3279.908469984515,344.1486549308147,0.0011843889951705933,16,0.7573333333333333,0.4360677897930145,0.655319333076477,867.1875,14.520549839341031,8,0.00037116356184524766,0.4047101140022278,-249.24360020610214,136.9948312288476,-72.48795111028002,-11.414141539644033,-57.00552084506312,-43.280986417612596,-53.30775301868577,5.920665592666802,-35.99071791373277,-6.4333621677459405,-32.115605985716904,-28.86622750842292,-8.38399005134754,3130.5239065960072,6565.4296875,0.06011493389423077,0.09066135436296463,3572.029615770252,133.86073508351592,0.02021121233701706,18,0.43733333333333335,0.5337250232696533,0.566344678401947,914.0625,17.886423725318277,28,0.00040116831432345185,0.4736918807029724,-234.08652366748646,134.80768840195094,-61.59067428916709,-17.52492664509653,-66.24980798791405,-43.237233270573675,-51.797592934664905,17.429496589502556,-38.07925751193269,-7.028806333720974,-27.164079249083372,-32.07972635900949,-10.539885545043678,2813.784395041888,5334.059495192308,0.059659517728365384,0.08368349075317383,3347.8860945148335,-316.7395115541194,-0.006977863609790802,14,0.20266666666666666,0.43999576568603516,0.634099006652832,984.375,13.597561699880124,30,0.0005174701045904978,0.41550514101982117,-242.4873078520804,142.68446397526907,-66.38464466922284,-29.32038298689912,-66.24380105366333,-36.038590275093235,-45.03967280681319,16.769866477513116,-39.16575598636292,-6.685850671446767,-27.163852434420996,-33.589933576505004,-9.088470547216016
8.1707,3,60,3023.9533032503887,5739.752435064935,0.05675476866883117,0.09961192309856415,3134.818192182981,0.0,0.0,23,0.7573333333333333,0.5283344388008118,0.5587195754051208,773.4375,25.255047256528062,26,0.019273022746069155,0.38378772139549255,-266.9603216653449,116.06966523426858,-53.942933959379594,-8.256544853256589,-41.337297930364,-44.64103756997621,-56.97958506429558,-7.485793557775165,-31.070446312820483,-3.347920061406834,-15.756500969496821,-16.068041132410098,0.8907568852355938,2659.476703508452,4869.673295454545,0.05830839082792208,0.07268046587705612,2960.6699999111397,-364.47659974193675,-0.026931457221508026,28,0.256,0.42862632870674133,0.6364518404006958,796.875,14.216988517418539,7,0.0004835671183600224,0.26222845911979675,-246.85455735665684,137.21159730241354,-62.627330839942545,-24.594097220863873,-48.26025733839143,-48.92202581378771,-48.50043910875605,-2.294608166079731,-31.87855552051353,-10.22261600515541,-19.13491994453162,-23.557149734979554,-3.6029169166763304,2887.0431073624936,5477.2219967532465,0.05967177353896104,0.0685635507106781,3264.3707429593705,227.5664038540417,-0.004116915166378021,29,0.37333333333333335,0.48968154191970825,0.6040080785751343,937.5,15.10511874761058,24,0.0004258298595206609,0.3122977316379547,-256.1592484610917,135.6326487036431,-66.28192178795103,-28.86115777361802,-52.847009219482594,-41.184433511612305,-43.69061485066381,9.157770668302856,-34.92616024100894,-4.532158421466269,-22.735871634000265,-28.892975406320325,-11.718833933686755,2836.3674415955056,5301.288555194805,0.05962421367694805,0.05665786564350128,3115.6755497568024,-50.675665766988004,-0.011905685067176819,24,1.2266666666666666,0.40345391631126404,0.686755359172821,984.375,8.567415886544644,11,0.00031960372372835205,0.2716231048107147,-268.26059804386165,137.30247926331157,-66.33053683914382,-39.420398697455845,-49.40490851429924,-29.50848912077279,-33.658158569299715,10.54575775234052,-30.176168267855363,-6.861644563175261,-23.341332748567883,-31.016208160682915,-9.312326584741514,2921.7992845798963,5486.35349025974,0.062046595982142856,0.052347734570503235,3359.0940232775924,85.43184298439064,-0.004310131072998047,24,0.128,0.42718762159347534,0.6652997136116028,1265.625,7.493837838377847,13,0.000355811394478656,0.35114672780036926,-279.2130640031867,139.47692157529144,-70.74827760889914,-38.14346824950175,-59.96746510121774,-12.742956183060604,-37.225788527512314,9.116330765226591,-36.42836190543296,-9.245448797155085,-30.19080865905003,-28.852531667488066,-7.457927465517425
8.4053,3,60,3768.0381987079095,7467.3655063291135,0.06402974189082279,0.11552982032299042,3693.5175809853627,0.0,0.0,23,0.8426666666666667,0.5683371424674988,0.5443012714385986,773.4375,27.87994392975553,26,0.019612730514928508,0.43336471915245056,-228.85047218937694,100.54552751131968,-59.70898828098241,0.7575771766057398,-48.76376252096974,-33.62768268291413,-62.321413947208455,-7.063511653546777,-34.88451344845202,-3.121091070752547,-18.83048238554329,-16.688346600503095,0.32973560528687273,3155.5349166172514,6272.7946993670885,0.06371143196202532,0.11547980457544327,3413.0655168543217,-612.5032820906581,-5.001574754714966e-05,26,0.9493333333333334,0.45703932642936707,0.6243470311164856,890.625,22.777077311182772,27,0.0004826547084180626,0.26285335421562195,-205.27216282340947,126.07651553473785,-65.1288888691238,-11.512942999644457,-63.56988136618816,-48.367225791490085,-58.940485776044476,0.37561003183468333,-32.95525903489412,-7.626865030642943,-25.398819796573306,-23.422429679414485,-4.930709312722234,2992.789805014506,6002.373417721519,0.06142454509493671,0.07868882268667221,3351.130653318034,-162.7451116027455,-0.03679098188877106,23,1.1413333333333333,0.5549057126045227,0.5475032329559326,890.625,16.437032358348738,28,0.0004380405910997343,0.3575924336910248,-245.68108966532168,134.60330061600538,-68.40613175059573,-26.289084973425584,-62.14838355926499,-35.9667241610357,-50.83107407379613,11.096806356501544,-31.319880128832022,-6.961804546166398,-22.502791434371318,-31.809792858960094,-10.743238175971086,3255.002519087144,6569.175237341772,0.06519481803797468,0.05308669060468674,3516.9700155375067,262.21271407263794,-0.025602132081985474,24,1.1946666666666668,0.3864958584308624,0.7055583596229553,890.625,7.715246306055901,30,0.0007016962560992356,0.3605988621711731,-277.1721339251653,127.91640807813958,-68.75110188787303,-29.252613025089218,-56.383535954101674,-26.690544128298804,-41.157329508291234,13.796203801772087,-31.77214564587892,-4.8608461927381335,-25.64121261385785,-32.62100350099264,-6.723352123616927,3201.434034685861,6650.909810126583,0.0675496934335443,0.055732447654008865,3586.9715430458336,-53.5684844012826,0.0026457570493221283,24,1.2266666666666666,0.3854788839817047,0.6980288624763489,1218.75,6.850853026934713,30,0.00046845300276755167,0.4122346043586731,-269.73379267347264,131.50695851314686,-71.33448056109617,-43.524075419721115,-60.06382824162169,-7.324060813756215,-44.770847534948494,10.11300878786649,-32.338642043897245,-12.310187864402204,-27.486343541647607,-28.87033772259129,-2.76129845193732
10.304,3,60,3270.964630105441,6782.860824742268,0.05552059842139175,0.08567087352275848,3518.7890659121404,0.0,0.0,30,1.184,0.5278061628341675,0.5811994075775146,773.4375,19.826463157265778,25,0.01576073811031352,0.46604928374290466,-268.6058149419041,119.63585571216738,-56.60603332874889,-5.649553971715122,-54.616069461927665,-41.53231133080551,-59.361571821526475,-4.070734691179593,-36.2860580399788,-3.2722624176006194,-18.523439629409033,-21.705215192852865,0.3588359088461014,3185.003008834811,6408.827319587629,0.06185818701675258,0.09031059592962265,3487.138724601392,-85.96162127062962,0.004639722406864166,28,1.056,0.44238990545272827,0.6384912133216858,914.0625,16.620433113486172,28,0.0009505037359830979,0.32651662826538086,-223.7488763172565,123.82760454310812,-58.650851350289436,-14.028081033825885,-59.040170152066715,-44.93527666335188,-52.757635383546436,1.9824445413946623,-31.746023526299474,-6.466798731546341,-23.537154896790074,-23.532641313511657,-6.059326274621585,2979.552602282391,5852.367912371134,0.06162663096005155,0.09538200497627258,3292.219296526872,-205.4504065524202,0.005071409046649933,27,1.344,0.525489091873169,0.5648210644721985,960.9375,20.75578342214783,29,0.0003377878056728571,0.2741374671459198,-239.22366437630623,136.17525018129493,-65.57858610333706,-28.4068012168244,-64.29138412440746,-39.540619605227135,-49.40233863035336,11.649737645457662,-31.16632891684123,-6.244957027302511,-23.531807742162265,-32.26590428643484,-8.784921270591466,3246.216749985797,6211.78318298969,0.06431972857603092,0.0442490428686142,3493.4502762615784,266.6641477034059,-0.051132962107658386,28,0.11733333333333333,0.4564279615879059,0.6570382714271545,984.375,6.255212731950796,31,0.0005563607371977588,0.34842753410339355,-294.95688962583307,134.32391832856297,-63.64675378294352,-30.573269041726867,-58.14544194704548,-23.306553504354287,-41.35869805080508,15.60077414377298,-36.817445055749445,-8.893043392770872,-28.01563653850162,-33.049825296784014,-6.703023616246011,2868.6694905062077,5320.19168814433,0.060295183634020616,0.04722535237669945,3366.695368453842,-377.54725947958923,0.002976309508085251,27,0.5226666666666666,0.3878529965877533,0.7147558927536011,1265.625,6.736782386902701,10,0.0005570316786957109,0.19979822635650635,-296.22623404405323,137.02042995783776,-53.57420951037966,-49.336491002637125,-47.36253036697306,-10.498279443238005,-32.403925205055764,9.439999608428838,-29.79036967837029,-14.134988523632579,-28.449539720139633,-28.9973623584531,-5.586229151746692
8.6187,3,60,3276.3017659340885,6219.762731481482,0.06343737943672839,0.11442749947309494,3376.290774410629,0.0,0.0,26,1.248,0.5027514696121216,0.5981358289718628,773.4375,28.564207704883515,26,0.018874990486758465,0.38489580154418945,-237.50599258040143,115.74386888864531,-66.31594303242896,-6.913652298321192,-52.48939633731656,-40.7948208580007,-61.96571774330717,-8.080293560044968,-34.90738589145813,-2.1745330846173068,-19.51945704890892,-15.673962139499867,2.4004448809504457,3040.0164237362237,6053.385416666667,0.06165002893518518,0.09604019671678543,3358.629540936192,-236.2853421978648,-0.01838730275630951,23,1.1733333333333333,0.4376322329044342,0.6375669836997986,867.1875,16.890617107615796,28,0.00037818166309512764,0.3800177574157715,-218.44078056337742,131.14763364826757,-69.22709440527473,-16.94931089074819,-59.83976602050008,-45.41544116501083,-58.98925046411613,0.16090806526298565,-35.14507665259205,-7.1838341566677775,-26.043399495337628,-21.690906028646133,-3.263521703897056,3262.970278335526,6459.780092592592,0.0665479118441358,0.07462693005800247,3537.7423233285426,222.9538545993023,-0.02141326665878296,24,0.23466666666666666,0.482391357421875,0.6043962836265564,960.9375,14.606180866290625,29,0.00040166520971664184,0.363883376121521,-239.8964111781649,132.36833099870952,-69.64107858911768,-23.490467533175426,-69.50093847278004,-34.132444932295705,-49.79863015213394,12.539277711113233,-38.53169493779492,-6.678391978717218,-26.840895994013554,-31.440330431889766,-8.629029328695077,3044.6180644759347,5791.377314814815,0.06139684606481482,0.06864754855632782,3396.3232389455416,-218.3522138595913,-0.005979381501674652,22,0.8746666666666667,0.41637149453163147,0.6629707217216492,984.375,12.276767609977028,31,0.0004545549889737819,0.3150111436843872,-259.04036129534006,136.10278657221153,-61.15862180458452,-36.719855619110334,-59.10122296913929,-28.138189992020408,-41.76872184268906,11.885025852813223,-33.970824763059255,-7.449211665746052,-24.831643136046612,-33.01794422651304,-5.601782149365743,2964.0337067271685,5506.221064814815,0.06197554976851852,0.06685013324022293,3308.342842235247,-80.58435774876625,-0.001797415316104889,26,1.2693333333333334,0.38236385583877563,0.6979637742042542,1265.625,8.027347539424436,10,0.0004265072775640789,0.35888102650642395,-259.2669164187229,143.34569763231508,-71.65879200314025,-44.83943230962149,-62.35736798188342,-10.30477000679029,-43.88082781538307,6.801595611324758,-37.475304757463896,-11.385708369622378,-30.167219557558546,-31.199402561432642,-5.045622748328708
7.7867,3,60,3268.078606895785,6187.978316326531,0.058982382015306124,0.10044924169778824,3368.8896545342536,0.0,0.0,18,0.6293333333333333,0.4873407185077667,0.627546489238739,773.4375,20.123827453796682,21,0.020660492326905915,0.4991740584373474,-256.6833765812933,117.91886341274228,-57.176365376089876,-6.400791790585789,-48.833791274729315,-35.42336846544441,-55.399810774955384,-8.101832411671122,-40.35339322953402,-2.6071934794472753,-20.626798441588775,-16.32731674901385,1.9599849531952163,2754.935811241079,5280.931122448979,0.057650403911564625,0.09979742765426636,3198.5047067972596,-513.1427956547059,-0.0006518140435218811,22,0.3626666666666667,0.45580485463142395,0.6229553818702698,796.875,17.238652993072705,7,0.00024493954598835734,0.37195658683776855,-227.09067755128996,142.47971979244718,-64.72739547436326,-15.668502505856324,-62.90474651809093,-50.556936352738305,-58.02086940737082,1.5282259201208142,-40.68509137388256,-9.085272186738024,-29.034030387063726,-22.893429703589884,-3.289170280903365,2515.344305772869,4529.496173469388,0.05666055484693878,0.06766873598098755,2879.9588493835354,-239.59150546821002,-0.03212869167327881,20,1.088,0.44384294748306274,0.6392258405685425,867.1875,11.7544113544551,4,0.0002884783035427347,0.3102104961872101,-270.1500634744322,147.28780514466686,-63.31336984737402,-28.12943457933249,-52.12540985253674,-43.713232194870585,-40.38668867818656,11.174669590794212,-29.87781812246222,-11.442218348343198,-25.15284139238606,-29.787080880178024,-9.890012621222311,2681.7795041911654,5154.974489795918,0.057803199404761904,0.0698942244052887,3064.9712079744336,166.4351984182963,0.0022254884243011475,18,0.992,0.44411924481391907,0.6456941962242126,796.875,11.57438063532554,2,0.0003364993703148489,0.28703373670578003,-263.13717120014286,149.11276211212694,-60.333568288749525,-41.51321735527079,-56.567700761359845,-29.009335099173565,-38.55775773065863,7.820866500196495,-30.79395286273507,-6.951324804175103,-26.67589431119287,-27.170645383567283,-7.058433308302725,2806.4267586738315,5213.647959183673,0.05815529336734694,0.062212470918893814,3153.642430169089,124.64725448266609,-0.007681753486394882,20,1.1733333333333333,0.4037390947341919,0.694974422454834,1148.4375,7.998809859492225,30,0.00032483724432002853,0.320989191532135,-277.18969173828106,143.9649544725786,-65.1133459208228,-42.74250911037489,-51.49504158134486,-19.390515387670643,-33.99145238554823,14.139905442665313,-33.838808887900484,-14.911118069363962,-25.763362056814998,-22.769761165949102,-6.698264959145643
7.616,3,60,3906.563084831967,7631.118881118881,0.06593504152097902,0.09020502120256424,3744.290774936344,0.0,0.0,24,0.512,0.46161919832229614,0.6451289653778076,773.4375,18.873505755418968,26,0.021511545802298384,0.5161217451095581,-258.31309140596034,103.5847371704168,-58.693530284532855,3.827164492892663,-60.086467479709356,-31.898763144981494,-66.5427600113969,-4.7169427903387895,-37.78553328403071,-4.810493421650587,-21.49764276132064,-17.201845115298497,0.8919442091017714,3394.3218633185106,7011.090472027972,0.06374289772727272,0.08274538815021515,3650.1981223938233,-512.2412215134564,-0.007459633052349091,21,1.184,0.4587865471839905,0.6131003499031067,867.1875,14.564137940448036,4,0.0007663933326213885,0.43704965710639954,-226.7444284624655,128.25305167668532,-64.02954484470473,-11.303025659791018,-61.83930651735837,-40.47978399802925,-64.2971081076207,-1.4889480054596727,-39.47889970429252,-10.499206913373664,-29.492375623992817,-21.416030086321477,-5.903401687602176,3429.030171764974,7013.221153846154,0.06753646743881118,0.07414545863866806,3594.4709298312014,34.708308446463434,-0.008599929511547089,28,1.12,0.46472159028053284,0.6295663714408875,960.9375,13.329393419497114,28,0.0004895542983633794,0.3044416904449463,-237.79797125680662,127.39151261954747,-65.16420000103473,-20.763560153650197,-61.21690869462869,-38.23908589959775,-50.70468086977035,10.929715252550805,-36.07225178700449,-5.579164006073487,-24.68639482924134,-30.331807072742777,-8.599952192001401,2991.8427709267476,5649.58479020979,0.06612625655594405,0.06316546350717545,3210.7052860189215,-437.1874008382265,-0.010979995131492615,21,0.08533333333333333,0.41828063130378723,0.6750811338424683,1101.5625,9.922472513924681,32,0.00031030772032522726,0.2829033136367798,-265.7738616494289,141.3398284785274,-75.82070486158452,-31.25260191808069,-52.582868638355734,-29.920143337924912,-43.62061930236544,15.233132042621323,-37.176480195770054,-7.728658466952005,-22.745304913985024,-39.7158387429418,-5.20691835198736,2292.67717050802,3805.561625874126,0.05328070367132867,0.053612567484378815,2677.4995008563874,-699.1656004187275,-0.00955289602279663,21,1.0453333333333332,0.38550788164138794,0.7081928849220276,1125.0,7.693061258537767,2,0.0002529716745990597,0.291457861661911,-301.7836931544787,156.6785382665724,-67.64635926056755,-50.320239865916086,-45.14511673442506,-24.392961569465374,-30.762209374001387,7.7638269639961335,-31.140978460025977,-12.827686214271012,-27.893999284958728,-29.44372422618217,-5.291572517903793
7.7227,3,60,3622.5648257524176,7067.456896551724,0.06176252693965517,0.08157920837402344,3549.2649632655184,0.0,0.0,23,0.5546666666666666,0.5910614728927612,0.5237724781036377,773.4375,18.105195086139844,26,0.02139768968857339,0.43586739897727966,-274.27919135235004,104.72220291291042,-52.79996818637055,1.0551871202082135,-54.83218217138318,-38.82992152811341,-56.1633354071542,-4.191412933445915,-35.27454583203013,-4.142787258629284,-16.175579573256382,-15.573228043520995,0.6091813880229349,3239.65019223636,6764.0625,0.06284684806034482,0.07267824560403824,3584.009187550496,-382.9146335160576,-0.008900962769985199,24,1.2906666666666666,0.4651723802089691,0.6101713180541992,867.1875,13.3833073879327,7,0.00038301145677114564,0.4183349013328552,-247.25201381942537,130.09503120629006,-61.04648358764735,-16.627524053000965,-64.08798266217077,-41.203457318049225,-61.77016926996038,0.0399849184442689,-37.58717112398759,-6.51720211773215,-22.962694668872874,-24.384097417309967,-3.55165217986138,3117.377922998691,6127.209051724138,0.06454741379310344,0.05917631462216377,3319.5528645481954,-122.2722692376692,-0.013501930981874466,19,1.5253333333333334,0.4927879273891449,0.5960843563079834,867.1875,10.037676266400087,30,0.0005029535471698118,0.6894948482513428,-266.66421347537835,134.08674897119874,-68.47564275865275,-21.332697739111044,-56.166408878244965,-40.9298018850042,-46.06093723904077,14.51133479755835,-36.10968494937132,-4.596227765884996,-22.46107043282373,-33.9619221155016,-7.693774270955892,3015.488627085324,5874.084051724138,0.06579674030172414,0.05871327593922615,3283.3371810771214,-101.88929591336682,-0.00046303868293762207,20,0.2773333333333333,0.45952436327934265,0.6247246861457825,1101.5625,9.272554994934447,32,0.00046118221834758353,0.33666279911994934,-270.210254115733,143.61557206253582,-77.86860064061455,-34.507698919833764,-54.084348404816225,-30.7300551831402,-43.5280554244011,19.118393663911252,-39.5346004784112,-1.8398265964763254,-25.339344205108624,-37.930247366666734,-2.0277276486509312,3158.222712359863,6040.571120689655,0.0664904364224138,0.05217932164669037,3400.428834291121,142.7340852745392,-0.006533954292535782,22,0.24533333333333332,0.4352583885192871,0.6744802594184875,281.25,7.033961898038549,10,0.00044852158255014415,0.42802703380584717,-278.9915892277656,136.98089150795477,-83.36917048035878,-38.27571103042098,-48.26716982693352,-10.825378674410489,-41.95620782059314,19.092057549947153,-36.95451962518392,-8.561174411210805,-28.253742420461112,-31.287169413869837,-4.831337561766706
7.8507,3,60,3575.5103277468165,6793.3910472972975,0.06287940772804054,0.08324980735778809,3434.9520096727806,0.0,0.0,22,0.7253333333333334,0.5089531540870667,0.5914813876152039,796.875,16.8848227801187,26,0.020695582195174683,0.338312566280365,-266.2759758789933,105.81841926815791,-55.90419284037816,2.3563441891527677,-45.633694727241036,-31.8551918486175,-60.08188765868376,-10.512401258203324,-30.95919917991477,-7.147010428481801,-18.205182895412374,-14.981602588041145,1.8392127714826965,3075.5393467333342,6341.269003378378,0.05571025126689189,0.09860115498304367,3432.444218735706,-499.9709810134823,0.015351347625255585,20,0.042666666666666665,0.45355114340782166,0.6200317740440369,820.3125,16.3097038576392,27,0.00045742799168830835,0.4183697998523712,-219.9349902731671,137.39660013738876,-66.14094087947511,-12.44902829083122,-65.76171147271027,-40.85082742577338,-66.09167038226042,-5.55294454720267,-42.6887282664437,-11.164811049092283,-27.36327891588105,-25.0982562187113,-4.896764925482997,3045.9975530034117,5889.780405405405,0.06472365920608109,0.08386754989624023,3271.4771531309907,-29.541793729922574,-0.014733605086803436,23,0.4266666666666667,0.4466489255428314,0.6534013152122498,867.1875,13.031228450491907,28,0.0004463860211571749,0.44348108768463135,-230.81478065972308,138.62593049815123,-77.1453749755004,-21.386215994853888,-57.20865293337528,-38.11788019617267,-53.6716512032528,9.284584048894136,-39.448371004309195,-6.898211037954267,-26.780378705750735,-35.176595165399604,-8.2300766197884,2858.344270881414,5388.566300675676,0.059240392736486486,0.0653221532702446,3211.820498678928,-187.65328212199756,-0.018545396625995636,24,0.43733333333333335,0.4586712419986725,0.6271327137947083,1101.5625,10.041318295932962,33,0.000491275303061145,0.24370332062244415,-262.5878217440517,142.76443105972746,-67.41647654004313,-37.46335868002399,-54.725426470000016,-27.052865027440966,-42.725297336037514,8.97207136490079,-31.41062764309569,-7.9954815962163766,-26.798330096693135,-33.279956009321296,-8.09878903763556,2763.33701503958,5033.203125,0.06092298353040541,0.0522429458796978,3069.476218586077,-95.0072558418342,-0.013079207390546799,23,1.376,0.4353415071964264,0.6658070087432861,796.875,6.834353079229104,33,0.0003580314979689539,0.36696791648864746,-288.9257711533317,147.3632526043875,-75.1979192602495,-42.12742277228898,-52.66379145739758,-12.8641002254768,-39.465034495659644,8.982988772188769,-32.888231445890895,-13.510528869088612,-28.665306561663808,-25.958008689310105,-4.810839461357273
7.8933,3,60,3555.3545287347065,7188.863255033557,0.061303874790268456,0.1191565990447998,3671.1992650913567,0.0,0.0,24,1.1413333333333333,0.508076012134552,0.5906530618667603,750.0,24.23243025552867,25,0.020722919184106403,0.4427706301212311,-229.39821197703475,105.97145142992304,-56.005933116746185,-6.427802180703008,-48.92343095347209,-29.729846067959883,-60.69350197233849,-6.960205246061722,-37.121295155023255,-5.652757585047351,-17.956057916751725,-14.26928645843926,1.9936183058248584,3439.9408689190964,7195.7843959731545,0.06579999475671142,0.08394039422273636,3734.600278384335,-115.41365981561012,-0.035216204822063446,22,1.2693333333333334,0.4139571487903595,0.6691296100616455,867.1875,13.62618003249374,28,0.0005455237610592782,0.495425283908844,-225.39195203632013,126.6490815935747,-66.77089923778625,-7.469634337781287,-66.73814825244607,-37.60839968734454,-66.28468504609279,1.3090403769493244,-40.164817044750556,-9.820966735096682,-30.4117967373739,-24.96674116758637,-6.764882920938302,3433.1541451902895,7228.345218120805,0.06984060402684564,0.07092846184968948,3715.9476868191973,-6.786723728806919,-0.013011932373046875,22,0.512,0.42058274149894714,0.669813334941864,914.0625,12.717590805536217,8,0.00044299236030922567,0.2510221600532532,-247.17835381950877,123.38443845525732,-60.378608193858874,-20.464789975738917,-60.098993878821645,-34.49374146421496,-45.74388540959776,13.334079773164673,-34.5631990864351,-9.340106429932751,-23.814821442078234,-28.898959288843702,-11.021955395889862,3037.5787490803878,5968.3829697986575,0.06600644924496644,0.06447217613458633,3323.452072445773,-395.5753961099017,-0.006456285715103149,23,0.11733333333333333,0.4345020055770874,0.65193110704422,1101.5625,10.155090466127401,31,0.0003227070334477431,0.3420041799545288,-262.5748306556022,138.4329881842675,-64.45525232554894,-32.217773503866404,-59.047616301422124,-33.22769055399431,-39.491428841657864,16.759844076624482,-37.487199731753925,-5.642532756950335,-25.132092401985023,-36.01854350936826,-6.156391823539533,2821.6539545439655,5217.7537751677855,0.06253277055369127,0.056004106998443604,3042.561453630693,-215.92479453642227,-0.00846806913614273,24,0.20266666666666666,0.41010358929634094,0.6883265376091003,1125.0,8.990605315183489,12,0.0003215411260620106,0.25564029812812805,-280.2497624979737,141.83737391655288,-72.61797644479803,-43.410268920624105,-44.84776102683178,-17.649627640271234,-33.20265436008631,8.762064647401015,-33.75339304375174,-10.693148098554863,-26.178662821028173,-27.415760079353152,-6.2026922229846075
7.9787,3,60,4130.051473929923,8067.96875,0.07054361979166666,0.07972114533185959,3829.76163263627,0.0,0.0,18,0.8533333333333334,0.5263298749923706,0.5909961462020874,796.875,17.92880862722961,26,0.02097066648978753,0.28739842772483826,-256.0265283341816,93.12023946972027,-47.795160173018694,3.490443479359639,-47.45099349190619,-28.53856078170696,-55.7624254323226,-7.035898942051596,-34.359515439052174,-3.611035108946384,-20.97558120875237,-15.526977159518271,0.7773848873379511,3400.6034845209138,6985.0,0.067880859375,0.07633358985185623,3588.3351886916116,-729.4479894090096,-0.003387555480003357,23,0.8533333333333334,0.3979730010032654,0.688490092754364,867.1875,13.174275741242802,28,0.0005510543689434696,0.27818602323532104,-239.3536039110056,128.8330872442066,-55.51701920746454,-20.734348378293284,-61.869799909652286,-41.252053171475694,-55.866940899193345,2.7671667748843136,-33.366585185754566,-7.040445171633314,-26.341861009157398,-23.977346955888837,-7.454815614612122,3257.2432657154714,6392.8125,0.063154296875,0.08226826786994934,3465.8331621239668,-143.3602188054424,0.005934678018093109,20,1.3653333333333333,0.45905154943466187,0.6343207359313965,937.5,14.56549603306063,31,0.001209302011468291,0.28578513860702515,-241.95650587624414,132.2068129530159,-64.3333288943419,-24.244293611054786,-62.90371657700569,-36.937052051713714,-47.02065112348109,12.815909281742236,-37.40951376755809,-3.564581202111197,-23.492992177748565,-31.887358628000808,-12.683539430323007,2948.055366905358,5907.96875,0.06504231770833334,0.08271925896406174,3342.5853159577905,-309.18789881011344,0.00045099109411239624,23,0.37333333333333335,0.4067237079143524,0.6844234466552734,1078.125,13.094723233677025,31,0.00055142765548352,0.36278823018074036,-245.76822371516784,141.4025270825181,-69.79461145046311,-34.44046327786816,-63.85741935101671,-30.364561636269535,-41.66838577552295,13.710916823536055,-35.05771936766683,-3.6325443272089677,-27.59260882158966,-35.85797289304552,-5.720603324479736,2828.2511738381877,5216.40625,0.06260416666666667,0.06381106376647949,3181.58129216895,-119.80419306717022,-0.018908195197582245,21,0.352,0.4286978542804718,0.6669817566871643,1148.4375,9.820534968521011,12,0.00029767976387709105,0.36900731921195984,-271.3165807182802,149.25126940188386,-73.28020125672762,-44.53045821992071,-55.424261442308236,-15.367559030022504,-41.92938982612529,9.803154463659114,-36.31130183979565,-11.012599868093114,-29.438439929254642,-29.438040532061773,-8.094056150867795
6.208,3,60,3464.782342126974,6896.233974358975,0.06504991319444445,0.1147494912147522,3532.3201469122846,0.0,0.0,20,1.1733333333333333,0.49578386545181274,0.606367290019989,820.3125,25.721392540654,27,0.019168214833980582,0.6681411862373352,-206.0733775095059,115.70561010209694,-69.4630264075425,0.07294395316712136,-60.782412461642885,-40.160367662573435,-67.88105520965897,-0.5356858566859208,-31.58173421314838,-5.529244880714131,-25.343025049686506,-16.59963035990335,-0.6956609243692579,3125.2185846572056,6204.1266025641025,0.06024639423076923,0.08394547551870346,3427.7464343073752,-339.56375746976846,-0.030804015696048737,19,0.5013333333333333,0.5887748003005981,0.5163699388504028,937.5,17.833458791172127,23,0.0005181412927053674,0.47961729764938354,-219.54263867872123,134.50349244677193,-70.4733400984465,-8.120202920621383,-68.37998332082958,-38.56735917660359,-56.01734093926681,7.425237476527689,-34.43145908432475,-9.04663679787718,-29.887661615069284,-26.256017070847296,-11.266650736894883,3079.688883390952,5965.344551282052,0.06257929353632478,0.0729970708489418,3329.734184730185,-45.529701266253596,-0.010948404669761658,18,0.8853333333333333,0.5319061279296875,0.5647093653678894,820.3125,12.613497264842167,30,0.0004439488847350869,0.36893215775489807,-242.05528243855687,131.68470907224116,-69.7249254782491,-14.620855910699673,-62.029509437708775,-38.86361353714818,-44.127380091466186,15.494285699054688,-32.57576095362746,-6.04740302761229,-24.840525667603675,-33.010698020058804,-7.988768963180969,3068.550497711545,5973.758012820513,0.06162777110042735,0.06962116807699203,3254.8962561935314,-11.138385679406838,-0.003375902771949768,23,0.3413333333333333,0.46380898356437683,0.6418625712394714,1054.6875,10.626557829711583,32,0.00031088868510271024,0.3957066833972931,-249.282466809715,143.84377872688026,-73.81749630465453,-22.04558489600865,-66.01521341479332,-26.760598369990834,-43.85660773073756,17.517266089831903,-34.54336934576772,-9.747845484492213,-31.097560987394242,-35.27253899259431,-0.755343313225937,3104.7771003600456,6109.57532051282,0.06372278979700854,0.055358245968818665,3387.3076544845508,36.226602648500375,-0.01426292210817337,16,0.21333333333333335,0.4790942370891571,0.6359109282493591,281.25,9.45122702724077,12,0.00041864965491943975,0.3150365352630615,-265.75764851110915,138.25146555859433,-70.85757225169117,-30.289594253885262,-58.47513409678918,-13.257443990113872,-35.976085035145836,11.158656601015247,-30.96536948940427,-11.136845545899586,-35.743848124100424,-24.763883015990242,-2.4992524170212507
5.12,3,60,3401.7836933405774,6538.5792525773195,0.06781572164948453,0.09199164062738419,3356.8838529997743,0.0,0.0,12,0.13866666666666666,0.5118359923362732,0.5888634324073792,796.875,24.77655591646813,27,0.025960329818139446,0.4070325791835785,-223.11484248735223,110.0547204071859,-66.86535213054073,0.4865884517978698,-53.655084247812525,-47.95904250649089,-59.94547516691625,0.7145331946765924,-30.063548469042743,-6.381862561365395,-25.549012064994688,-16.38159628930437,4.812491507329091,3605.2139461837533,7323.131443298969,0.06873691204896908,0.0820951908826828,3767.3591682051547,203.43025284317582,-0.009896449744701385,16,0.10666666666666667,0.5736263394355774,0.5272343158721924,820.3125,16.53662090760415,30,0.0011307043256406162,0.45741596817970276,-219.2236926438383,123.05717513599026,-67.10841776238465,-1.5256818892171884,-70.81856601050677,-42.6690052259236,-58.05850225774863,15.669949346713244,-35.65433560001696,-6.6746039427440955,-32.216451257951235,-26.04039745877098,-8.294423521484704,3197.6757450663936,6612.032860824742,0.058835373711340205,0.0788310319185257,3622.7006256695468,-407.5382011173597,-0.0032641589641571045,15,0.256,0.5886834263801575,0.5055568218231201,820.3125,14.558058396800575,30,0.0007838844347537611,0.43391144275665283,-226.1703132157975,132.68246234614878,-67.00966391912203,-15.097018235805002,-69.18321197140118,-35.63352470879566,-46.39470285031717,15.258577865592946,-37.35681454969818,-0.5967174965446403,-26.754938154225222,-33.87932791449325,-5.560332337253675,2839.534302309683,5288.659793814433,0.06092441204896907,0.06360543519258499,3317.798104292211,-358.1414427567106,-0.015225596725940704,15,0.672,0.4891647696495056,0.6279919743537903,796.875,11.261195369060493,22,0.00039498520869881624,0.5383725762367249,-260.1897765546128,145.50446730450918,-76.52643835201681,-24.342909304986012,-58.19511130972834,-30.356892669102553,-40.886958927603985,20.519569229868083,-40.733556373233995,-2.053712071494792,-33.59629618698228,-35.12352621463227,-0.5244538125198323,2831.975555821429,5165.914948453608,0.05753161243556701,0.050833165645599365,3299.2314543094853,-7.558746488253746,-0.012772269546985626,13,0.5866666666666667,0.5063611268997192,0.6099472641944885,281.25,9.46652376802899,2,0.00038849568723774906,0.3343869745731354,-271.96682892798043,140.02687391394807,-76.76219599856614,-27.889922528666474,-53.50957091031212,-17.50565857678867,-36.840800239627725,13.954389149600525,-31.942136720743644,-9.914745008323093,-34.61863738320255,-24.651170731722583,-5.017013238497928
5.7813,3,60,3099.16248843362,6064.721903669725,0.06865055189220183,0.11879824846982956,3150.905032612268,0.0,0.0,14,0.224,0.4777902662754059,0.6088929176330566,796.875,28.37266697003891,27,0.019425844521656927,0.4411948025226593,-200.71736308036003,120.62501890451125,-76.82212734565036,-1.930276023363675,-55.26920665577086,-45.1799958021094,-64.53380088532026,-8.188118458187784,-30.029781541503066,-7.011395880232689,-21.665797439706072,-18.76541270859606,0.36850165442486144,3321.5364138683717,6641.628440366972,0.06942553038990826,0.10735473036766052,3523.909968012588,222.37392543475153,-0.011443518102169037,14,0.9386666666666666,0.5045535564422607,0.5793379545211792,820.3125,19.33383313101659,23,0.0004966828389844849,0.4105302691459656,-193.08161939188412,132.54507738774834,-76.82792337094828,-6.719727612849218,-65.04673794716976,-40.03570598167731,-64.26088154963085,5.208829454030064,-36.311465015157175,-4.847591453476924,-29.961903683441054,-30.590267696991756,-7.692884688934776,3500.177138797064,7019.42373853211,0.07084109805045871,0.07506967335939407,3699.068329605229,178.64072492869218,-0.03228505700826645,15,1.056,0.5250027775764465,0.5757520198822021,820.3125,13.591703290133024,31,0.0006619780574774201,0.6622596979141235,-229.29630281004046,124.15398960441817,-77.07783644237529,-12.108696161427899,-61.10413231182385,-32.52132174276461,-50.82159796613149,16.35645460457318,-36.691051222256306,2.3537341286108484,-25.934845549850376,-35.93010497234145,-6.572740906925609,3369.2856714742456,6707.210435779816,0.06922394638761468,0.07634066045284271,3563.559605720738,-130.89146732281824,0.001270987093448639,14,0.352,0.41611695289611816,0.683513343334198,820.3125,10.806535273502263,58,0.0004916687268490924,0.37837618589401245,-232.70220523612153,128.46537862085142,-82.29536086672928,-18.72579436421387,-63.503060102016065,-27.644480891667442,-40.87826580612224,17.2298053792686,-39.99588626652383,0.2042592213748539,-30.967458180690898,-39.29933227502505,-2.4444394842820523,3352.8122816481487,6450.903096330275,0.06991829128440367,0.05929136276245117,3475.6314271850097,-16.47338982609699,-0.01704929769039154,11,0.224,0.46435439586639404,0.6500025391578674,796.875,8.805133575070377,32,0.0006921456589483777,0.34193792939186096,-256.8142508783653,127.49950587285875,-80.74236716630516,-24.45507413361448,-58.00143621186795,-13.222611670182852,-39.474104750204646,14.449519225045467,-33.294494675067675,-9.040111597078546,-31.147446980184068,-27.86473022973522,-6.691007212763776
5.5893,3,60,3201.4732494528444,6354.910714285715,0.059268043154761904,0.10556872189044952,3343.1789462137262,0.0,0.0,13,0.20266666666666666,0.49582695960998535,0.5946962833404541,796.875,26.64760543876566,27,0.02027139748071839,0.4071299433708191,-227.58457053630346,117.63644932403385,-70.09251701385855,0.43311337473256517,-64.47176471725429,-45.853373343351656,-69.00103730633921,-5.3751028415899045,-32.82202143051137,-6.21112770672391,-21.76231559257542,-17.317543362476307,1.638443145376593,3107.1765381440564,5998.883928571428,0.0654110863095238,0.07625824958086014,3371.9610149371742,-94.29671130878796,-0.029310472309589386,14,0.384,0.5134323239326477,0.5814520120620728,867.1875,15.910154499495054,8,0.00043092535350644994,0.4305303394794464,-239.20596225101102,129.45522298629203,-72.84471156420564,-6.702818617675028,-67.09576200560144,-45.321081730214814,-55.75861536169005,6.239408538832951,-34.70807533288051,-5.825439933248104,-29.82540087405179,-28.16332669428642,-6.282794013512143,2878.311029052322,5368.526785714285,0.059714471726190474,0.069154754281044,3220.792490206281,-228.86550909173457,-0.007103495299816132,17,0.2986666666666667,0.4740836024284363,0.6111307740211487,820.3125,12.580901727320052,30,0.0002739882422010051,0.2423364222049713,-245.64066239811672,133.3160614726755,-66.52496522515415,-23.798406812825675,-52.764166224687635,-41.35922667163677,-44.623287819158506,10.790861064014365,-28.583750228366412,-1.5628642024364454,-24.05966745360514,-34.55703825386654,-5.917540735355404,3309.004574866869,6517.633928571428,0.0697172619047619,0.05257701128721237,3433.2771108584056,430.6935458145472,-0.016577742993831635,15,0.224,0.464620977640152,0.6422919631004333,820.3125,8.3244432213054,31,0.0005257960448312979,0.24763673543930054,-264.14320537885055,123.67488991430149,-70.97653922172103,-16.192816925771,-57.24435477863844,-30.547891550646455,-37.379649051830526,12.362633867905272,-31.10825446629128,-0.47239500394481815,-25.90576011097741,-38.831674298065515,-3.0310828538268098,3440.0607148448917,6603.125,0.0787899925595238,0.058974552899599075,3457.3735036220723,131.05613997802266,0.0063975416123867035,15,0.416,0.4403311014175415,0.6614396572113037,1242.1875,7.498836182873988,22,0.000678337634056476,0.377498060464859,-245.80107163672608,127.27722193576818,-83.06277981988474,-24.575059839988494,-65.4917076773967,-12.393493998483532,-42.23838536362338,9.50516836450448,-35.17254272470162,-8.445146114546226,-29.75469658689522,-29.865394199353673,-2.7148567659416405
5.952,3,60,2598.986730367622,4755.510602678572,0.05717250279017857,0.12028150260448456,2851.1926805528387,0.0,0.0,18,0.7893333333333333,0.5878728032112122,0.5089271664619446,796.875,32.52514026570106,27,0.02051600878019792,0.5766217112541199,-224.0679240257162,137.11526553437398,-80.1041486824062,-21.602918403283752,-50.97923995417359,-50.79368458679629,-63.65767958475351,-3.7451355364583927,-34.21504116885376,-0.7179344972300156,-19.93532158105207,-18.9715501174017,2.8083403632768693,3004.8235551079038,5713.936941964285,0.06105259486607143,0.08865237236022949,3347.293591727806,405.8368247402818,-0.031629130244255066,16,1.056,0.45208844542503357,0.6284767389297485,820.3125,20.01965540804128,7,0.00045346553657542424,0.37007394433021545,-221.53618205544794,134.44551956161533,-73.37710920201629,-13.076601471810152,-61.546261649755685,-42.4384662357089,-55.384314805642056,4.500349245418123,-39.072309087882836,-6.480715989319241,-25.15418020303761,-28.90299521440223,-9.72352026331517,3255.971721554659,6493.65234375,0.06990269252232142,0.08202783018350601,3446.43683520058,251.1481664467551,-0.00662454217672348,18,0.5653333333333334,0.48200544714927673,0.6051108837127686,984.375,15.831826529683731,31,0.0004368487393741912,0.23808543384075165,-227.9856482154099,126.7472777761152,-76.93062779648433,-19.58132197329204,-57.61200555421023,-34.09960310727764,-42.31546504666532,12.853110913556321,-35.69734151033334,-3.0053188516992626,-26.79174700838269,-33.06491750664147,-8.901465422269583,3003.11054575407,5752.44140625,0.06346348353794642,0.05621584132313728,3389.369435519853,-252.86117580058908,-0.02581198886036873,15,0.14933333333333335,0.47656410932540894,0.6107273101806641,1148.4375,8.447976352505911,12,0.0003391505239710635,0.32551154494285583,-260.3949195584623,139.61718095519527,-81.27293566509512,-28.759020782504418,-60.26386272182416,-24.147236556584534,-40.068745202815926,14.410130146126985,-42.1832054894981,-3.052682573571173,-27.518152586617596,-34.64240185321232,-6.226425700196556,3486.464315899068,6782.2265625,0.07186017717633929,0.06842979043722153,3605.057528829661,483.3537701449982,0.012213949114084244,17,0.3626666666666667,0.39936378598213196,0.7137017250061035,820.3125,8.987928938627674,2,0.0006642746631446532,0.37584006786346436,-250.48937512777093,130.77766003113112,-78.12569526951923,-31.66309915036155,-60.357713153032186,-11.439386792370167,-37.55352652721779,8.307279962289472,-41.21142722581468,-2.8116800919777907,-31.277122697112237,-27.603378821278575,-4.3113884840971055
11.9253,3,80,3076.4684563297656,5831.229073660715,0.055267333984375,0.07708565145730972,3292.5665305429566,0.0,0.0,31,1.1626666666666667,0.48637843132019043,0.6075282096862793,773.4375,18.1736601355922,26,0.014052443636871918,0.26236414909362793,-280.18575377655503,117.66404631712665,-50.92662077006667,-12.669106266870173,-47.305232149990125,-45.182821731823985,-53.136520845331745,-5.280458387487994,-28.570089995019963,-4.973815445360934,-21.455564710338088,-16.491462279494897,1.1835148862465945,3301.4417248959967,6433.698381696428,0.06627110072544642,0.04887592792510986,3399.6154650705907,224.97326856623113,-0.02820972353219986,32,2.08,0.37360429763793945,0.7150128483772278,960.9375,8.743868769169982,29,0.0006798972685866702,0.35498881340026855,-285.70041512523443,122.95999551271953,-59.86567463811146,-13.421207958851783,-53.846965449339976,-44.44917261342039,-44.06719243282419,8.456662766556372,-31.454135662372853,-8.172265543373516,-23.401749299940175,-27.891172384456183,-9.029738629468559,2895.669638673441,5458.949497767857,0.06046186174665179,0.05322987958788872,3320.344754521246,-405.7720862225556,0.004353951662778854,28,0.8426666666666667,0.39652296900749207,0.6838840842247009,984.375,8.886404637651554,9,0.0005754599136253044,0.2566252648830414,-287.66178181528113,137.44126234815525,-62.1496264778922,-35.487013579900264,-58.28764451185709,-26.417724990817362,-39.88294779796755,12.402977210478836,-33.051260813994304,-9.964685915194185,-25.34552577026638,-31.841070806576035,-9.034445395468584,2960.1494855803394,5735.700334821428,0.060139247349330356,0.04975854605436325,3416.1209084533807,64.47984690689827,-0.003471333533525467,31,1.408,0.41427144408226013,0.6834169030189514,281.25,7.050586061805819,14,0.0003567487621760293,0.4338825047016144,-284.7295383098008,141.10509734336608,-65.94425899372668,-41.581758318834794,-54.27475075715031,-7.488351752429133,-42.228986888377804,10.394838101945973,-36.40231494241469,-16.492669146823864,-30.33452564614982,-25.03763622684389,-2.8681079525237068,3082.620607517808,6128.801618303572,0.05050005231584821,0.03689795732498169,3548.304014392326,122.47112193746852,-0.012860588729381561,26,0.7893333333333333,0.4742824137210846,0.685032069683075,281.25,8.783723511626976,10,0.00041597579686942723,0.26502230763435364,-313.2438211513894,138.82762720013397,-61.577109109580014,-35.809865050652164,-34.71998589777559,6.027527320173745,-43.616907471493654,-0.08422950622580731,-34.6667502951618,-15.213353786437304,-30.28827318096469,-21.141857433244052,-12.963375697647207
11.8613,3,80,3262.2805576426395,6393.497757847534,0.06027536434977578,0.10705633461475372,3456.6255715215566,0.0,0.0,31,0.768,0.5434568524360657,0.5436104536056519,773.4375,24.45957600538559,26,0.0138493264708273,0.40618520975112915,-242.20310611964936,115.4776843524778,-55.029021245727954,-6.1724444405899055,-53.146439059351074,-43.02555483581729,-57.06521978683244,-5.2715433108646215,-31.513564532967635,-5.041437930127196,-20.22100312867563,-15.531501663067747,1.1807805410924637,3432.906247068864,6948.220291479821,0.06594643357623318,0.0805106908082962,3632.532735486827,170.62568942622465,-0.02654564380645752,30,0.7466666666666667,0.4184310734272003,0.6656171083450317,960.9375,13.983030857045614,28,0.0006912815329173279,0.30482858419418335,-230.00350358513992,124.70146723649798,-66.65034516100657,-14.090835775535597,-64.17265782570546,-38.439061220449624,-53.05646646917111,11.043103056686405,-37.69386429940536,-8.173981879726899,-24.804174819554888,-30.743693695518633,-8.649623308737793,2959.638422806699,5702.354260089686,0.06096727858744395,0.07900165021419525,3381.379663094204,-473.26782426216505,-0.0015090405941009521,33,0.384,0.40297359228134155,0.6752594113349915,984.375,12.42981128320094,28,0.0003743423293231732,0.2943170964717865,-247.86710486582487,137.96840220925208,-62.38633251882971,-38.07283889106187,-59.5256257655227,-28.279001427377835,-38.93332902703597,12.65589653091154,-37.265916543596276,-7.866716896369321,-27.613587296547546,-32.03683377477035,-6.903262788665186,2813.338957581321,5343.329596412556,0.05872074691704036,0.05667690560221672,3239.3231786633855,-146.29946522537784,-0.02232474461197853,30,1.696,0.3745986223220825,0.7126165628433228,890.625,7.409675584902861,10,0.0003392174914980122,0.3463536500930786,-274.0584621439785,142.9828062852352,-65.18307847765018,-50.113073246534306,-50.35961028384365,-6.0564046515293235,-38.488252929642854,1.4885498597609146,-31.976399498769197,-13.830544851861406,-29.6443852882031,-21.14124782070676,-4.47750295230661,3139.712374329102,6007.777466367713,0.06241679512331839,0.03653883561491966,3413.067950696768,326.373416747781,-0.020138069987297058,30,0.16,0.46581631898880005,0.6783407926559448,281.25,7.412545817491177,15,0.0005053604601698472,0.25530701875686646,-299.6563172028037,138.78748529292412,-71.10745104266461,-41.340340275539276,-34.89604943619475,3.5840851833327787,-45.45372947714937,-3.290529062470675,-32.87521624649762,-14.765447377393404,-30.63305635877455,-16.76539115871435,-12.058858817431425
11.9893,3,80,3187.226522891937,5838.4375,0.06377387152777778,0.11060535162687302,3196.477631433826,0.0,0.0,35,1.12,0.5259562134742737,0.5635244250297546,773.4375,24.36377679974818,27,0.01381739869582734,0.35000336170196533,-233.22623986584142,116.73164103961302,-66.55535770147549,-6.3226131852099225,-49.19300101576982,-45.99156659371177,-59.27273785501117,-8.39503582642963,-32.66424090780793,-5.3942254259240325,-20.097198561284465,-18.354108179364978,0.3076549312525668,3101.2313196319164,6295.208333333333,0.06271267361111112,0.060678720474243164,3400.9715195181802,-85.99520326002039,-0.04992663115262985,34,0.2773333333333333,0.4404457211494446,0.6359021067619324,914.0625,12.117001391938423,8,0.0004576390160567029,0.29151827096939087,-265.6083393635938,128.0420550472596,-60.027188444729376,-21.25966862862225,-56.73606680224434,-43.40162732734696,-49.98543411279547,4.531985211038257,-30.51571519551977,-6.046237620695613,-20.764983205249276,-26.83150117587329,-8.886036318307335,2895.778295253104,5383.333333333333,0.062269965277777777,0.05724666267633438,3228.623654092091,-205.45302437881264,-0.003432057797908783,33,0.021333333333333333,0.4333181381225586,0.6360531449317932,867.1875,9.138988493448053,28,0.000401339725379125,0.271807461977005,-275.4132944705142,133.8658951957716,-64.73898386890473,-38.31986227064618,-53.74042493594292,-32.3648743292293,-35.639607980164996,11.238665596674624,-30.475379170837268,-5.16182280373738,-22.865237270402208,-31.55892987971109,-7.510776620674089,2992.4230108526576,5859.270833333333,0.059865451388888886,0.046205148100852966,3456.2003843287703,96.64471559955382,-0.011041514575481415,35,1.5253333333333334,0.37804076075553894,0.7123016119003296,1148.4375,5.768694431795511,14,0.0004203117742904104,0.28578460216522217,-298.62240795781435,135.73745269875528,-68.89897532105614,-43.29253969169018,-55.9149930787144,-5.866055358618189,-36.90780554153945,6.650352782407746,-33.56284177444423,-10.57513692585893,-28.594530521692715,-25.081380864504148,-5.859462562280229,3135.7073828981656,6135.833333333333,0.05778645833333333,0.039672985672950745,3418.1284077467035,143.284372045508,-0.006532162427902222,29,0.6933333333333334,0.40920719504356384,0.7179699540138245,281.25,6.634865631682964,12,0.000519113656894573,0.2029373198747635,-303.94463809229705,139.09197768313422,-73.68523285264472,-39.15119897303773,-38.92386677354607,3.243391128224267,-44.469715340836636,-3.0771544708475904,-36.023528744829036,-13.701944211236986,-31.39316893364828,-19.6276880582016,-9.755736663359219
11.776,3,80,3701.2890115289747,7622.808257918552,0.06868415936085973,0.08059731125831604,3738.5775942807845,0.0,0.0,42,0.896,0.4918173551559448,0.6014602780342102,773.4375,17.13736021312083,26,0.014087111181772844,0.3113678991794586,-249.03972704903276,107.40361073166348,-61.26942003613067,-9.481996461360843,-53.095709413898064,-36.12025206285616,-61.07001960779751,-2.048923013665504,-34.997516375780584,-4.167172281352768,-19.031870663332068,-16.8094312969206,1.6647736851145682,3362.708091639484,6929.758201357466,0.06800144937782805,0.05930773541331291,3573.010311955366,-338.5809198894908,-0.021289575845003128,32,0.3413333333333333,0.4593140780925751,0.6399551033973694,960.9375,11.16011412434286,28,0.0005254820847680946,0.3351143002510071,-255.55873781312857,125.34148178959774,-68.86857526276292,-12.116854383232468,-61.7721650455253,-37.222636790466574,-55.056975936472526,5.399669248125957,-37.90065928509309,-8.649596937037252,-24.94258426150879,-28.556333094020236,-9.613496484577468,3115.5330969939405,6032.557975113122,0.06534572963800905,0.06597447395324707,3421.321678337152,-247.1749946455434,0.006666738539934158,30,0.49066666666666664,0.3723810911178589,0.7077050805091858,1125.0,9.97154887368304,31,0.0005809787713502023,0.1885073035955429,-259.6181935078684,128.79184155451662,-57.839214050881786,-35.555903158931606,-56.66886773055423,-26.492090584226563,-34.351915700065554,11.457493398224617,-31.09590939303728,-7.121381457403473,-24.304568746296486,-34.375902487721675,-6.7659602441655196,2599.5304502496037,4528.527997737557,0.05803476739253394,0.05890580266714096,3031.8209998585176,-516.0026467443367,-0.00706867128610611,31,1.3226666666666667,0.3861720561981201,0.7077075242996216,796.875,7.1903564200643535,14,0.00027488631937155623,0.3272734582424164,-283.53863285091194,149.61815859927523,-69.69691653389687,-49.72869474491552,-51.06295405002989,-9.345387746128006,-38.46622841293027,5.609363218873769,-34.24033513457155,-14.608112351670615,-29.281656274000174,-26.38457577918775,-5.386422840757032,3096.9749964576245,5879.736990950226,0.05455493495475113,0.035997260361909866,3400.1360120910726,497.4445462080207,-0.022908542305231094,33,1.056,0.4366455376148224,0.7090221643447876,281.25,6.89569876930374,24,0.00035902786019938025,0.19641458988189697,-315.8928272661694,137.2533850051173,-71.52710584578055,-37.3790853574136,-31.05686524926249,4.929428138842706,-40.458874101482486,-1.0096240250109403,-36.80169361682467,-13.320762038775111,-31.306889296539936,-22.382517581896412,-11.563411004081916
11.4347,3,80,3835.0869963066716,7852.325581395349,0.06624273255813953,0.10144905000925064,3888.5443993109375,0.0,0.0,32,0.768,0.563137948513031,0.5424874424934387,773.4375,23.646629314703873,26,0.014567032029251798,0.2880711555480957,-231.26683962832558,101.8407273845845,-51.58346207336788,-3.5563857921028106,-57.17065802036269,-38.43409068755562,-62.08043998745979,-5.523321346997651,-33.87790460492234,-2.159611789006449,-18.915397674120612,-18.05050216128145,0.3344000512252067,3422.698224456316,6988.081395348837,0.0669467659883721,0.08057129383087158,3660.224901867984,-412.3887718503556,-0.02087775617837906,31,1.536,0.4781859517097473,0.6127134561538696,890.625,16.849655589597692,28,0.0004886647429149936,0.3742794692516327,-228.1099573990858,121.27672296727935,-62.35607914031261,-17.13368480476707,-61.74788438100079,-39.104463312027434,-51.93367648199607,8.123425166703434,-34.31979377800642,-8.718563657792032,-23.328985507521438,-27.520525066153628,-9.558580520543371,3183.2954088215834,6126.671511627907,0.06566133720930233,0.06180017068982124,3463.4369361517843,-239.40281563473263,-0.01877112314105034,32,1.2906666666666666,0.3930623233318329,0.6946807503700256,984.375,9.449239666134824,31,0.0004715788244970961,0.2916613221168518,-259.44220499121815,132.69137661215225,-64.3744886301591,-31.20131236352431,-57.91141084809131,-31.102539608663612,-40.18086325838766,13.27071359312986,-36.93480843962096,-6.4631951747081136,-25.90581097959776,-33.7036118942904,-7.166805894440832,3199.4547538642923,6391.678779069767,0.06343795421511628,0.050038982182741165,3583.659413797845,16.159345042708992,-0.011761188507080078,31,1.8773333333333333,0.4147348403930664,0.6921231746673584,820.3125,6.219323650908001,10,0.0005121785779924315,0.44499096274375916,-286.3642362959018,139.8714330065079,-68.04071042353243,-44.07301376200383,-57.119214930322556,-6.026244162946108,-42.84981412857511,11.97305633628802,-38.911639414601254,-10.320865016905161,-29.270832307756788,-23.413267759647034,-5.2937773394611085,3298.5164200740237,6396.148255813953,0.06202080305232558,0.037327323108911514,3506.8787981234013,99.06166620973136,-0.012711659073829651,31,1.5253333333333334,0.4156036972999573,0.733316957950592,281.25,7.02832690119739,16,0.0005417429613020855,0.2794691026210785,-304.33977970918147,132.67286171246064,-72.71673252876889,-36.56017831566255,-36.71768970700856,5.4682505387869895,-40.60431556496921,-0.11992041496596674,-37.255055927056645,-14.79393303781816,-28.82583596601425,-15.74222232929672,-9.168700989659676
11.8187,3,80,3735.654865782875,7649.282094594595,0.06730583122184684,0.10751445591449738,3749.0183374677013,0.0,0.0,36,0.8426666666666667,0.5146564841270447,0.5805773735046387,796.875,19.85941242448456,26,0.014216606817960921,0.4683030843734741,-222.65860085755628,105.74350221914324,-59.24406810654555,0.5219922582044211,-59.11703690587209,-33.94747955744935,-62.03960648105684,-3.0756376291156617,-37.79504354527495,-7.307689271973588,-23.5437386352357,-17.524845238717976,-0.021296718787171175,3768.5708522437894,7681.904560810811,0.07008815456081081,0.08275942504405975,3878.450540008335,32.91598646091461,-0.024755030870437622,35,1.2693333333333334,0.44709768891334534,0.6515030264854431,960.9375,15.305120954983945,28,0.0006919780951620922,0.3053317666053772,-216.6660323009273,117.42215681152486,-55.20114478617992,-13.054015613791279,-61.07036604227371,-38.14180843227308,-54.015077690457,9.095774416586355,-34.93466130350799,-7.698502119792881,-25.151969766879553,-25.28253095087289,-8.349764329153794,3321.5254178926925,6547.930743243243,0.06537909980292793,0.06595510989427567,3693.5473604456342,-447.0454343510969,-0.016804315149784088,36,2.1333333333333333,0.4173167943954468,0.6673663854598999,984.375,10.193607854243684,30,0.0004828008131393174,0.24264955520629883,-251.13078419343094,126.36968452905468,-52.652516530017664,-32.42569635586734,-56.78251629527218,-29.437762765187266,-37.47296951757498,15.76611550125371,-34.25281479189849,-6.469391487346139,-25.00913620648976,-29.815065291889848,-4.42983115423565,3427.236608193447,6700.168918918919,0.06596635698198199,0.0516098216176033,3632.1975256840637,105.71119030075442,-0.014345288276672363,37,0.45866666666666667,0.39316797256469727,0.7303963899612427,281.25,7.571641827717729,32,0.0004903642695219669,0.34428179264068604,-280.4071974780163,134.73561512583873,-68.36817989034991,-35.35707923295701,-52.62433661317422,-6.643778827472038,-45.385374092562955,14.40502490926066,-35.92789290180602,-11.742621624423853,-31.805177426015852,-25.99756304282739,-6.510808078515549,2982.1160177327074,5576.752533783784,0.05917000985360361,0.04917202517390251,3233.483187208915,-445.12059046073955,-0.0024377964437007904,33,2.1653333333333333,0.42934519052505493,0.7041568756103516,281.25,8.601408225849262,13,0.0004573046370507182,0.3176518380641937,-284.42231056464055,141.9775948112307,-74.5799964381833,-43.368457999752515,-33.94924230121132,2.3757195052361864,-44.79535351187057,-2.938354376931395,-30.667376138749773,-14.351176678848583,-31.2738608107991,-15.23527224509799,-10.188658942382004
11.0293,3,80,3376.2784265910886,6619.565217391304,0.06019776570048309,0.09073004871606827,3424.80329323188,0.0,0.0,36,1.0346666666666666,0.415155827999115,0.6665882468223572,796.875,14.854804488466165,26,0.014848246230308434,0.28288114070892334,-250.2299548505218,118.98395295871701,-57.914491896759046,-7.488127974542808,-46.77657660582627,-41.44470341247109,-59.44933580435512,-4.377296164665291,-35.793211769835644,-7.196024556935263,-24.72404526135231,-19.204249785691026,0.7738125963082302,2648.449127648242,4891.870471014493,0.058574879227053143,0.06933701783418655,3070.3479620675894,-727.8292989428464,-0.021393030881881714,30,0.928,0.4916849732398987,0.5899354815483093,867.1875,12.529901687733679,24,0.00023425042829627573,0.3570960760116577,-257.19715547995196,145.4099610354884,-69.1996121720902,-25.3075366131695,-58.022015308264564,-43.035670868711776,-51.35236396458095,7.647210090723859,-35.71351171585446,-9.728731370646253,-26.141264211706552,-29.994095249193762,-7.871115688966037,2906.4543285064133,5884.73731884058,0.05911033740942029,0.06656856089830399,3437.8879349165395,258.00520085817107,-0.0027684569358825684,30,0.21333333333333335,0.4556351900100708,0.6368427276611328,796.875,10.628112796985505,30,0.0003388623831950397,0.3110401928424835,-260.9708263458547,144.3208153590135,-65.52740432147534,-35.3450471899549,-63.520838902781804,-29.321745862127017,-44.02411281746357,16.968531345162106,-40.16865589859602,-8.079411747854971,-26.869289689608326,-30.298950038776994,-7.800157121645535,2704.4264414132736,4931.838768115942,0.059511341334541064,0.06678120046854019,3059.5008689403694,-202.02788709313973,0.00021263957023620605,26,0.7786666666666666,0.3808964490890503,0.7175419330596924,796.875,8.727632937394,14,0.0003614997157458135,0.2551731467247009,-270.95791004174714,146.45012376665932,-66.8710695696047,-48.675142396262395,-43.465314014272316,-14.566614437797563,-36.808034751500216,7.186516552079472,-31.847355496038624,-14.087419264980023,-29.096704956580208,-21.400614181989607,-4.481901409608531,2740.1068163895293,4755.208333333333,0.0619008529589372,0.051821667701005936,2858.000412334266,35.680374976255735,-0.014959532767534256,27,0.6826666666666666,0.41427332162857056,0.7109600901603699,281.25,8.633479617339292,10,0.0003814608825814891,0.351955771446228,-283.57817118186307,150.24158435824205,-86.57423084984936,-43.26336718045415,-34.42678368461255,2.356587849860841,-41.235781316885465,-5.6944212387510325,-30.41444377293871,-12.241229083697261,-28.918724739375346,-18.611813410103817,-12.902163389670504
10.368,3,80,3420.00706465373,6503.725961538462,0.061924078525641024,0.08466342836618423,3356.6560329141466,0.0,0.0,26,0.6506666666666666,0.5082614421844482,0.57881098985672,773.4375,17.999291391826183,7,0.015789223927635564,0.37810444831848145,-257.48665632392294,116.48424946013266,-58.718846321604005,-7.703912349369383,-48.47700346587521,-39.40995642673852,-58.483259588002696,-12.481487140504633,-36.29441853443588,-6.405372382227628,-21.18204492984048,-14.727786780704324,0.11396683888123205,2464.908912107335,4490.384615384615,0.05477013221153846,0.0825786367058754,2881.4829818334047,-955.0981525463953,-0.002084791660308838,32,1.8986666666666667,0.48603886365890503,0.5924677848815918,890.625,15.531592649498915,8,0.00026604361396487063,0.28020066022872925,-251.46106996988013,149.28958242884218,-62.40038387976567,-33.527284094063084,-53.946227662335524,-45.59933785715159,-49.434678089566745,-0.11270702804456913,-30.489401001606968,-9.37896201335996,-25.805076046274408,-24.563016956381556,-11.308994268569094,3025.309620831021,5748.557692307692,0.06430288461538461,0.06198137626051903,3220.5679384997793,560.4007087236864,-0.02059726044535637,26,0.48,0.42172983288764954,0.6622956395149231,1101.5625,10.322946773337264,11,0.0005008253423974894,0.350891649723053,-266.45784037775763,136.0574728284825,-75.2674141366759,-32.09795052548538,-53.55440346928555,-31.5871323716545,-39.71349130917058,16.0198702454443,-33.94578207336631,-7.229178256451124,-23.270420811140916,-33.00167343065711,-10.8924336675073,2849.6811905890168,4947.596153846154,0.06033904246794872,0.05079954117536545,3103.113050243722,-175.62843024200447,-0.01118183508515358,22,0.768,0.3340931236743927,0.7692185044288635,1242.1875,6.266504333510235,11,0.00031576014197993535,0.28009116649627686,-295.4924854427116,133.1658397315305,-73.18816119895224,-41.83422935508116,-34.202178060508025,-16.533685693983774,-25.2496081020828,12.32528342120599,-33.19786199998992,-11.97832879290086,-25.663533763267704,-26.92148980537097,-11.77129804478872,2697.6823484706915,4571.875,0.062124399038461536,0.047262970358133316,2799.338736212415,-151.99884211832523,-0.003536570817232132,21,0.9386666666666666,0.4127672612667084,0.7056545615196228,281.25,7.309433483430559,14,0.00028361219690021573,0.3805161416530609,-291.92867329606605,149.13676438570266,-90.6036319754973,-43.8960542100623,-40.39102492943634,0.43651784732754484,-32.88772076807714,-5.078592237509936,-30.697092948639142,-11.00245810755232,-31.81586192989216,-17.678482628819005,-13.741587523658284
10.6453,3,80,3621.2382226169457,7324.21875,0.0640966796875,0.0794643759727478,3662.976753167537,0.0,0.0,32,0.8746666666666667,0.4620177447795868,0.6261947751045227,773.4375,18.27892382957661,26,0.01555426389964747,0.23101544380187988,-265.9680073807894,105.99487813372816,-49.67755178668888,-4.962977762164579,-44.65303445262511,-38.8399807488433,-58.95366593009366,-9.570006450556118,-36.175928319682676,-4.982918603367808,-19.03410783944553,-15.987191252890371,2.557376516223096,3234.0909985647263,6577.734375,0.06702392578125,0.04996682330965996,3488.790264646832,-387.14722405221937,-0.029497552663087845,32,1.4186666666666667,0.48425406217575073,0.6150193214416504,960.9375,9.20934906323182,24,0.0005140501096257132,0.31977903842926025,-280.38098481995274,129.99162857389183,-66.9181411682175,-15.081649501658204,-60.02276174978643,-40.7203775051414,-52.27764637534034,8.855510895531948,-37.43612075773166,-8.370487015268226,-28.557403993633123,-30.174387915292883,-8.817244776562042,3148.4371914245903,6202.3828125,0.06549072265625,0.056867338716983795,3406.5996411081583,-85.653807140136,0.006900515407323837,29,0.45866666666666667,0.3921981751918793,0.7004376649856567,960.9375,8.074145771656902,31,0.0004128676540172965,0.3725772202014923,-277.30688454899513,136.1880732852568,-68.81927548555991,-26.193137513177184,-56.77423738066027,-29.456757669032385,-43.44296762022596,16.540613229593806,-37.4713716861426,-7.656224518087589,-27.03243502712589,-36.155132543668145,-6.7226704992914845,2873.2244286242726,5390.15625,0.060859375,0.05178726091980934,3154.2497444758164,-275.2127628003177,-0.005080077797174454,32,1.1626666666666667,0.4502507150173187,0.6501121520996094,281.25,7.260835050505551,22,0.0004315718882779856,0.3662574589252472,-284.6366203818638,148.03043361683157,-72.5757478395988,-44.616915923203486,-47.26809210856385,-11.669069965474751,-39.20154067144379,10.510096889056502,-33.94814463433431,-13.231366941815219,-30.42662489096345,-24.770674588703876,-3.137462700008807,3021.886829987574,5587.03125,0.05895263671875,0.04560926556587219,3147.5825643906082,148.66240136330134,-0.006177995353937149,25,0.37333333333333335,0.4394626319408417,0.7041067481040955,281.25,9.06968277321754,15,0.0003762480148991025,0.17535370588302612,-288.8973941390449,134.0152085546237,-66.11441347459743,-38.049595090286545,-30.485570280147105,-1.8061771861600375,-35.06658910791231,-4.8647726747527456,-25.720975942752663,-16.46696281881987,-28.61495041083463,-14.927083418071469,-6.2707861729149705
7.552,3,80,2706.546214027987,5110.53036971831,0.05962189150528169,0.0885162428021431,3056.1369877672005,0.0,0.0,20,0.192,0.5184332132339478,0.5635671019554138,773.4375,19.752043580235004,27,0.014795023926476053,0.307007372379303,-246.51415026301115,133.12404148983387,-69.12706083197777,-21.881953886526908,-46.795745641118046,-48.11448284383477,-59.95392845904481,-0.9069429907135116,-32.09956842324283,-4.852600880953583,-21.02114500646432,-19.73016000289531,-0.25330027137269295,2708.4547584965353,4985.420334507042,0.058095152948943664,0.05926831439137459,3160.0789903052305,1.9085444685483708,-0.02924792841076851,14,0.8853333333333333,0.5289039015769958,0.5557677149772644,820.3125,10.813591641740162,30,0.00024478802858030887,0.34568876028060913,-256.9108954230174,142.5161736495285,-71.13101621875703,-23.00083312259095,-54.73799520584525,-41.22454924637852,-52.25342079419103,13.278066487803878,-31.74162781040603,-9.311620792281644,-28.40488252263834,-30.41701780757454,-8.942914947373055,2926.1358914243806,5655.039612676056,0.06001389194542254,0.05527690425515175,3465.613358380423,217.68113292784528,-0.003991410136222839,20,1.2693333333333334,0.4883338212966919,0.603873074054718,820.3125,8.63658388748241,12,0.00043687262572014544,0.3621824383735657,-262.13798225151834,139.3747436852682,-71.07762806133483,-23.03826791466104,-62.1252933918439,-27.287480577102876,-45.39209114521991,13.148207789244296,-34.066088959709276,-10.850956673663903,-34.972342693856405,-25.220878748583257,-7.84778275982225,2846.665424927805,5166.153169014085,0.06328400088028169,0.057647448033094406,3194.8448832380923,-79.47046649657568,0.0023705437779426575,19,1.0986666666666667,0.4507371187210083,0.6521158218383789,281.25,9.029926337369739,13,0.0003224583775257131,0.4239283502101898,-261.30540947029453,148.50766989895928,-86.28452688784478,-30.799017060939946,-56.68211094590945,-9.91013723320506,-45.497209825575,9.004763086075316,-37.3722963959915,-13.264068933341273,-35.175408128622195,-19.81326950784015,-2.085121666604499,2982.1056670592216,5196.522887323944,0.06814618177816902,0.04092719033360481,3018.1761068272813,135.44024213141665,-0.016720257699489594,23,0.608,0.49356895685195923,0.650263249874115,281.25,8.44251531753292,13,0.0003918617218170842,0.461040735244751,-282.53018777767346,147.12724787376962,-104.02745562503006,-20.216227594215532,-41.199206124750596,-1.946240812960126,-46.470010831920966,5.181159713514358,-41.487768815003136,-13.046262124750987,-27.82810082482173,-19.34978957576663,-10.715313401280035
7.4453,3,80,3395.618510584906,6651.060267857143,0.06819545200892857,0.06838130950927734,3506.157044209406,0.0,0.0,20,0.128,0.5009452104568481,0.6052259206771851,796.875,16.18869157143034,27,0.015657122825393662,0.31611353158950806,-238.05849130162923,115.86021111453195,-65.96453535376513,-2.117025028528391,-58.22662614622423,-43.15095448106193,-61.1424578569109,3.655676870929837,-30.282710576339976,-8.295649662752652,-24.87240176614458,-18.157169195265222,-1.9535523296824884,3273.3056150152574,6769.587053571428,0.06224539620535714,0.07221101969480515,3659.0337526368075,-122.31289556964839,0.0038297101855278015,25,0.9386666666666666,0.5857372879981995,0.5056669116020203,820.3125,15.362437965100174,30,0.0003989278241977451,0.47223562002182007,-229.63365047341003,129.99650843869145,-64.31209762692629,-10.812001933745943,-68.11503336195243,-37.10524817475797,-52.516482345721776,15.37471991766234,-35.15804771353577,-6.9200742190260405,-25.331191741896543,-31.898739537136915,-6.055655338389019,3252.2782025838596,6490.848214285715,0.06765485491071428,0.059164952486753464,3480.724492837507,-21.027412431397806,-0.013046067208051682,22,1.0346666666666666,0.5318208932876587,0.5861648321151733,820.3125,10.052110037772787,22,0.00041008066298173126,0.380418986082077,-247.1570313765462,137.0431154850208,-79.66141141821194,-18.110172674646705,-64.17260279889724,-23.148639470791206,-45.194538123334,18.627840980648358,-41.007297224669294,-4.288646166856752,-27.274111580672923,-35.99451812463854,-2.2387589692811063,3208.9820777171894,6143.470982142857,0.067626953125,0.06224098056554794,3494.081250506665,-43.2961248666702,0.0030760280787944794,25,1.0133333333333334,0.42043185234069824,0.6937751770019531,281.25,9.717791280329967,22,0.0005044535996727383,0.38440370559692383,-248.34123013973456,135.3705530233578,-82.68451333384508,-30.13113509742634,-57.62450807815172,-5.941325838950214,-44.39410321861951,13.905715105354615,-37.36204935628318,-13.074810257184245,-29.731648318043998,-24.56813835588825,-2.889133833166157,3120.529079498408,5738.002232142857,0.06380092075892857,0.042105089873075485,3357.3980465351688,-88.45299821878143,-0.020135890692472458,22,0.48,0.5231156945228577,0.6339154243469238,281.25,10.114537147080354,13,0.0003703937524399757,0.39016836881637573,-276.49427502455757,140.2499973077089,-91.22587762933696,-25.238192283077804,-38.0095167995109,3.6166413076376256,-51.356118458389794,6.1348816783577345,-37.6019379545245,-13.257468688528368,-28.133765361499496,-20.579590990895497,-9.40541204896091
7.7227,3,80,3222.912311288631,6230.172413793103,0.06641635237068966,0.09060856699943542,3295.0171629462498,0.0,0.0,22,0.7893333333333333,0.560752809047699,0.5451849699020386,796.875,22.720999044899262,27,0.015436943205688771,0.35512396693229675,-214.13173202270525,118.71938968544369,-70.17726675560452,-1.7827815188087266,-57.645401648611255,-48.51606935854848,-61.576693263728444,-2.4281450456028284,-31.030869866363982,-5.600758827923678,-24.105347363326505,-20.042539159971096,2.2080688342796178,3064.922121920021,5962.661637931034,0.06530172413793103,0.07306154072284698,3319.3152167685844,-157.99018936861012,-0.01754702627658844,23,0.9386666666666666,0.5998373031616211,0.5028790831565857,820.3125,15.125504356505202,30,0.00037174593038941117,0.4657891094684601,-236.80331553728996,134.43454217343722,-73.31502815881346,-12.221380028384653,-62.320728556628715,-40.92074510954413,-49.118778290798694,14.454543078127934,-32.856319559881676,-3.0961520167507564,-26.47724953518863,-34.20221424261847,-8.78789183710463,3293.085447868882,6459.536637931034,0.06505589978448276,0.06832851469516754,3459.4886735870855,228.16332594886126,-0.004733026027679443,22,0.042666666666666665,0.5282630324363708,0.5878990292549133,796.875,11.46189121091296,22,0.0006480641789362731,0.4186270534992218,-243.29337379313324,134.31897002296589,-78.61814881404555,-18.01537305949582,-66.40478807081533,-26.494860337211147,-42.69092066752765,17.52684162196494,-37.41756245594518,-5.013224060524291,-29.101647028763608,-35.640902088467165,-0.2315325928852358,3114.362409651853,5899.946120689655,0.06328461745689655,0.05346377193927765,3398.670604257621,-178.72303821702917,-0.014864742755889893,20,0.3626666666666667,0.46593326330184937,0.6730766296386719,281.25,9.76930196115537,22,0.0005661041318706298,0.4195011556148529,-261.27637827597533,134.46775186988702,-80.55267294974578,-25.078740622765256,-52.3107655620064,-12.464404044325907,-40.16804686602298,12.593429997880902,-35.19069685448277,-12.262250811364064,-29.20798557031786,-24.484481806223684,-4.2457612618363765,2830.6292400294105,4874.0301724137935,0.059408674568965515,0.041338857263326645,3089.6450987270646,-283.73316962244235,-0.012124914675951004,19,0.96,0.5335782170295715,0.6298578977584839,281.25,10.317333594453256,14,0.0003016846555425812,0.43705448508262634,-285.4315883193004,150.43781641779879,-95.92791097892649,-23.53076672003524,-39.553802461029996,-1.6541367062821204,-44.812509518983504,4.423279624008564,-39.63762933402365,-11.61096253923571,-29.691019215019256,-19.59800824098737,-7.310631883069756
7.6373,3,80,3370.4687113278355,7027.506510416667,0.062398274739583336,0.06796523928642273,3607.995115696844,0.0,0.0,21,0.5653333333333334,0.527984082698822,0.5820761919021606,796.875,16.11629464086062,27,0.01529386663463287,0.2677966058254242,-248.00671972435944,119.6217927469886,-56.908395058040696,-6.7788212406221495,-58.72843748395631,-40.710981516981064,-58.98806648996908,4.596041753718712,-33.210347997912066,-9.182462856888373,-21.284918388108796,-16.27586326939515,-6.664164097049556,3406.7896940057262,6999.674479166667,0.06484307183159722,0.06758412718772888,3713.213427151166,36.3209826778907,-0.00038111209869384766,19,1.1946666666666668,0.5775477886199951,0.5249029397964478,820.3125,14.516237951832299,10,0.0005087215386789608,0.3836378753185272,-243.81063338874966,130.44466476630052,-64.54345109685015,-10.696728966696071,-65.98424207130783,-35.40048826852194,-50.193747728569065,17.832917657443495,-39.50228660983956,-6.261681549551327,-23.966378564099127,-29.003318544226335,-8.479469822181857,3224.6100655793875,6583.658854166667,0.0625576443142361,0.05749768018722534,3636.9871030310696,-182.1796284263387,-0.01008644700050354,20,0.48,0.5007807016372681,0.61422199010849,820.3125,10.106012761820232,22,0.00044805628313851226,0.2530119717121124,-254.3338104825119,130.4730783934708,-61.85516317103267,-23.718389295121213,-57.664911112548175,-27.453119739463858,-35.42263017804343,17.782430737147997,-35.81814653473359,-5.360878095512235,-27.487832932239176,-28.705021006693656,-4.114517419380055,3049.230574325741,5871.419270833333,0.06539238823784722,0.053208377212285995,3389.644920373291,-175.3794912536464,-0.004289302974939346,19,1.28,0.5084882974624634,0.6160928010940552,281.25,9.651503258830392,22,0.00043496689340531615,0.427254855632782,-258.29976292155,135.86006331266503,-76.30224157895707,-28.270533175644445,-55.817823319599356,-9.33372269410164,-37.2367202095085,7.408451380020876,-36.503285608705454,-11.759701906969498,-26.487819507463158,-19.88970444558227,-5.560778443795684,3249.481992505877,6106.770833333333,0.061699761284722224,0.035758670419454575,3365.324745414917,200.25141818013572,-0.01744970679283142,17,1.2693333333333334,0.5546310544013977,0.6320350766181946,281.25,9.745929099703043,22,0.00043141621313820956,0.318289190530777,-297.525770596003,141.6324757491951,-91.10002049977781,-11.385585768103804,-44.20542050125136,4.959716708231808,-48.08768573378316,4.880987947873812,-38.644600179667925,-10.839347881832557,-29.640042115382602,-13.95427509636131,-12.317328761983813
11.456,3,80,3118.001814076165,5906.904069767442,0.06183911700581395,0.0892130509018898,3188.880314943512,0.0,0.0,36,0.736,0.4458896219730377,0.6535549163818359,867.1875,15.297206466543049,26,0.01436849951992273,0.3089739978313446,-254.02503776385072,119.30120524481568,-67.85796998975984,-2.896956717123918,-46.69744455161235,-41.884583928773054,-55.5382009426153,-5.523107096259485,-32.89444006651724,-5.446556591397056,-24.9943495896747,-21.60215121851829,-0.6652122381978824,3084.593449060552,6014.0625,0.06488235828488371,0.09886693209409714,3290.24865459214,-33.40836501561307,0.009653881192207336,36,0.26666666666666666,0.45902591943740845,0.6340842843055725,914.0625,18.29871368404075,27,0.00038557554109704015,0.36072638630867004,-208.72242359746792,130.63625206518682,-71.94422608378312,-18.04044952831029,-54.11455288928215,-44.62476698442643,-50.568959363539776,6.545608266346472,-33.59706934630102,-8.557321017187636,-28.48269631504934,-31.22811002666439,-10.139499184630573,3070.265823093433,5794.077034883721,0.06500726744186046,0.06860878318548203,3286.4274417037436,-14.32762596711882,-0.030258148908615112,32,1.6746666666666667,0.3990834355354309,0.6958131790161133,960.9375,10.65198008939687,30,0.00046645502489156885,0.22212190926074982,-252.68963990830852,133.67486013538712,-67.74811117966344,-26.14198947007492,-55.47787014261488,-29.014275511236438,-42.70008908816638,12.937781219990299,-30.872140876402213,-9.792481863325435,-29.211560616471008,-35.394012676252146,-8.512587813229207,2942.331937673193,5507.8125,0.06245912063953488,0.057164229452610016,3238.2721630176907,-127.93388542024013,-0.01144455373287201,31,0.8746666666666667,0.38968589901924133,0.7166324257850647,281.25,7.253353246520704,10,0.0004393067572803954,0.23377549648284912,-270.28598578333964,139.73977101748056,-74.81888071029894,-36.29690357028753,-53.33935893903027,-10.1224261844989,-37.466543925818655,5.46179768287936,-34.25081570537964,-11.742209110785401,-32.29646214405544,-27.11371103192003,-7.031095554641552,2960.212921225727,5362.390988372093,0.06262490915697674,0.0453157015144825,3114.2280076594525,17.880983552533962,-0.011848527938127518,32,1.632,0.445438414812088,0.6999185681343079,281.25,8.277358093784121,10,0.000488645497515753,0.27461960911750793,-282.98157824043176,144.49649332857186,-88.98398924735943,-30.37192212315904,-37.684386076769314,-1.5099428557006012,-45.786435507077655,1.0716825394214438,-38.05389435314889,-12.702399474937655,-28.291024276031415,-24.202870218877976,-11.847801261620123
7.616,3,80,2650.1547243668065,4889.914772727273,0.05732353583916084,0.0952470600605011,3062.0555220606866,0.0,0.0,21,0.17066666666666666,0.523672342300415,0.5679243803024292,796.875,21.4236865510163,28,0.01602142855079192,0.47790834307670593,-235.16067675988657,134.66996231269326,-65.5778050326926,-10.29754508745631,-61.48510001805278,-49.54234610727262,-62.023983645452084,4.336331750952453,-28.30167479266233,-10.204818948527489,-25.91842475866638,-18.042637206674186,-0.47305643258839,3181.1218208973737,6377.786276223776,0.06251365821678322,0.0581902451813221,3575.2152451794686,530.9670965305672,-0.037056814879179,25,0.43733333333333335,0.6055266857147217,0.4890531003475189,820.3125,13.576910609496293,10,0.0009549790460922872,0.3336418867111206,-251.88738630860757,129.1237241472351,-61.16575672918302,-4.161494159005313,-64.098928839702,-39.11227683690525,-49.19255714158619,18.44628722828452,-31.51215026125681,-11.589834531463088,-27.822596125446243,-27.284399254456133,-9.232994645911226,3249.7610163492595,6358.6101398601395,0.06203562062937063,0.0489753894507885,3521.622137465191,68.63919545188583,-0.0092148557305336,21,1.1946666666666668,0.522113025188446,0.6052810549736023,281.25,8.910897611158424,32,0.001560075496886728,0.40458402037620544,-272.72619187101833,130.0552454523071,-65.11223534735329,-15.124771003593219,-55.59847408135282,-29.48148029180712,-40.572588364835624,20.481311142589544,-34.10153062585012,-10.536683717718029,-29.78407242456263,-31.560677590689888,-0.8012076924621239,3114.415134213701,5910.839160839161,0.062090253496503496,0.051409587264060974,3408.120366986155,-135.34588213555844,0.002434197813272476,23,1.4506666666666668,0.48512303829193115,0.6412150263786316,281.25,9.46847933754558,22,0.00046806103807938635,0.5295344591140747,-262.5892128329979,137.53227992598215,-77.8370041063921,-21.010625493919484,-59.56447964433485,-13.843623669077957,-43.73430928560363,13.454151803881352,-34.867463094117895,-15.933747527451866,-31.952342821133243,-20.89638593465491,-2.675098500828031,3203.8986497977767,6179.141171328672,0.058515215253496504,0.03943648561835289,3450.9361645792033,89.48351558407558,-0.011973101645708084,19,0.26666666666666666,0.5308715105056763,0.6522302627563477,281.25,10.598224979210633,2,0.00041634250047343184,0.3120420277118683,-286.33646440381926,137.2340274222006,-84.30829303502038,-14.549699732870723,-41.883826877807735,-1.6230771487610685,-46.603692819540115,5.543270647021284,-36.8266475807253,-10.89632974082469,-32.41603624501003,-16.033841815839057,-6.723361473377955
