duration_s,cup,fill,spectral_centroid_window_0,spectral_rolloff_window_0,zero_crossing_rate_window_0,rms_energy_window_0,spectral_bandwidth_window_0,spectral_centroid_delta_window_0,rms_energy_delta_window_0,onset_count_window_0,attack_time_window_0,harmonic_ratio_window_0,percussive_ratio_window_0,dominant_frequency_window_0,dominant_frequency_magnitude_window_0,spectral_peaks_count_window_0,spectral_flatness_window_0,sustain_level_window_0,MFCC_0_window_0,MFCC_1_window_0,MFCC_2_window_0,MFCC_3_window_0,MFCC_4_window_0,MFCC_5_window_0,MFCC_6_window_0,MFCC_7_window_0,MFCC_8_window_0,MFCC_9_window_0,MFCC_10_window_0,MFCC_11_window_0,MFCC_12_window_0,spectral_centroid_window_1,spectral_rolloff_window_1,zero_crossing_rate_window_1,rms_energy_window_1,spectral_bandwidth_window_1,spectral_centroid_delta_window_1,rms_energy_delta_window_1,onset_count_window_1,attack_time_window_1,harmonic_ratio_window_1,percussive_ratio_window_1,dominant_frequency_window_1,dominant_frequency_magnitude_window_1,spectral_peaks_count_window_1,spectral_flatness_window_1,sustain_level_window_1,MFCC_0_window_1,MFCC_1_window_1,MFCC_2_window_1,MFCC_3_window_1,MFCC_4_window_1,MFCC_5_window_1,MFCC_6_window_1,MFCC_7_window_1,MFCC_8_window_1,MFCC_9_window_1,MFCC_10_window_1,MFCC_11_window_1,MFCC_12_window_1,spectral_centroid_window_2,spectral_rolloff_window_2,zero_crossing_rate_window_2,rms_energy_window_2,spectral_bandwidth_window_2,spectral_centroid_delta_window_2,rms_energy_delta_window_2,onset_count_window_2,attack_time_window_2,harmonic_ratio_window_2,percussive_ratio_window_2,dominant_frequency_window_2,dominant_frequency_magnitude_window_2,spectral_peaks_count_window_2,spectral_flatness_window_2,sustain_level_window_2,MFCC_0_window_2,MFCC_1_window_2,MFCC_2_window_2,MFCC_3_window_2,MFCC_4_window_2,MFCC_5_window_2,MFCC_6_window_2,MFCC_7_window_2,MFCC_8_window_2,MFCC_9_window_2,MFCC_10_window_2,MFCC_11_window_2,MFCC_12_window_2,spectral_centroid_window_3,spectral_rolloff_window_3,zero_crossing_rate_window_3,rms_energy_window_3,spectral_bandwidth_window_3,spectral_centroid_delta_window_3,rms_energy_delta_window_3,onset_count_window_3,attack_time_window_3,harmonic_ratio_window_3,percussive_ratio_window_3,dominant_frequency_window_3,dominant_frequency_magnitude_window_3,spectral_peaks_count_window_3,spectral_flatness_window_3,sustain_level_window_3,MFCC_0_window_3,MFCC_1_window_3,MFCC_2_window_3,MFCC_3_window_3,MFCC_4_window_3,MFCC_5_window_3,MFCC_6_window_3,MFCC_7_window_3,MFCC_8_window_3,MFCC_9_window_3,MFCC_10_window_3,MFCC_11_window_3,MFCC_12_window_3,spectral_centroid_window_4,spectral_rolloff_window_4,zero_crossing_rate_window_4,rms_energy_window_4,spectral_bandwidth_window_4,spectral_centroid_delta_window_4,rms_energy_delta_window_4,onset_count_window_4,attack_time_window_4,harmonic_ratio_window_4,percussive_ratio_window_4,dominant_frequency_window_4,dominant_frequency_magnitude_window_4,spectral_peaks_count_window_4,spectral_flatness_window_4,sustain_level_window_4,MFCC_0_window_4,MFCC_1_window_4,MFCC_2_window_4,MFCC_3_window_4,MFCC_4_window_4,MFCC_5_window_4,MFCC_6_window_4,MFCC_7_window_4,MFCC_8_window_4,MFCC_9_window_4,MFCC_10_window_4,MFCC_11_window_4,MFCC_12_window_4
16.7467,1,100,3459.786997,7051.785714,0.075720796,0.09315189,3660.766126,0,0,48,0.0034375,0.511677384,0.567431271,867.1875,14.86443806,8,0.01028236,0.485137582,-208.0293579,144.2689209,-45.76284027,19.59505272,-32.26490402,-13.84140205,-42.86888504,16.47372627,-25.07529259,21.10912704,-3.080113888,-0.560518205,8.377993584,3072.608523,6062.64881,0.060199653,0.096496433,3436.840368,-387.178474,0.003344543,57,0.002208333,0.528258383,0.568008602,960.9375,16.72606087,24,0.0003855,0.550732672,-176.8735352,162.240509,-57.12439346,14.21409702,-37.10071182,-9.972257614,-33.24471664,25.42860603,-21.15574074,11.41539288,-23.21431923,-14.46235752,3.775992155,2946.843441,5585.267857,0.060968502,0.084478654,3334.651136,-125.7650815,-0.012017779,46,0.002520833,0.461758763,0.618910491,1101.5625,14.7979908,33,0.000428779,0.311799467,-191.3772278,166.6546783,-58.72566986,-1.851591229,-35.32009506,2.206325054,-20.68661118,31.40712357,-21.63305664,7.367068291,-19.58453369,-14.73770809,4.820910931,3204.249996,6392.113095,0.061025856,0.063413374,3572.383592,257.406555,-0.02106528,53,0.000854167,0.431645125,0.67637974,257.8125,9.937643051,12,0.000624746,0.345706969,-211.9309998,164.7571106,-59.7969017,4.905403137,-31.33228493,19.55266953,-22.45135117,28.14574432,-24.70407104,8.482748985,-18.98552704,-10.5615387,4.356093407,3268.67554,6594.047619,0.060283358,0.054625805,3637.437293,64.42554327,-0.008787569,49,0.002833333,0.496287823,0.646253586,257.8125,12.62443829,35,0.000612044,0.401922554,-221.7875214,164.1913757,-56.50421524,7.515494823,-20.89236069,29.14237976,-28.24245071,21.16502762,-18.79909515,10.85167217,-23.10710335,-7.909667969,8.156329155
17.088,1,100,3580.943353,7466.632593,0.070329232,0.117524669,3814.093778,0,0,52,0.00525,0.538869262,0.537006974,867.1875,19.8557682,25,0.009899866,0.644679725,-192.6723022,145.2280273,-42.39380646,18.8304348,-33.19036484,-4.22615099,-46.47078705,20.88587952,-25.74044991,19.50337982,-4.004096508,-5.468045235,11.80173492,3031.325355,6016.501168,0.060085974,0.122855067,3465.98978,-549.6179988,0.005330399,54,0.002020833,0.518725097,0.569351792,960.9375,21.67393684,23,0.000334398,0.432531983,-156.4845276,161.2854309,-53.00502396,4.63161993,-36.46986771,-8.005966187,-29.52054214,21.12083435,-20.73608398,14.50863647,-21.91836739,-18.45976257,3.94425869,3040.893439,5961.229556,0.060466255,0.091037847,3483.511972,9.568084436,-0.03181722,49,0.001916667,0.465340376,0.617838562,1078.125,15.61151028,13,0.000505496,0.35032028,-181.4021149,164.745224,-55.16911316,-2.598758459,-34.17774582,3.468105078,-19.65876198,31.73039627,-25.33175468,6.42305994,-17.54191399,-16.87993431,1.696987629,3067.933002,5990.216121,0.058140455,0.061867941,3506.764533,27.03956284,-0.029169906,51,0.0054375,0.457380027,0.652925968,257.8125,10.57832623,13,0.000479206,0.430640489,-219.5442505,172.9247284,-61.15733337,1.0040766,-29.6583271,23.62033081,-24.3289032,27.98104668,-26.92514229,9.628412247,-15.87139797,-12.40855408,2.35915947,3201.006118,6366.45736,0.054480627,0.046430822,3612.113898,133.0731162,-0.015437119,55,0.0058125,0.57929641,0.593928158,257.8125,13.76537895,14,0.000477228,0.435052067,-244.6608429,172.7705231,-59.26085663,10.49885178,-22.28702927,34.39192581,-29.78887367,28.26315498,-18.63981628,14.35634041,-20.58877563,-6.802293301,7.028803825
11.9467,1,100,2490.795251,4517.8125,0.058617622,0.147295713,2771.074477,0,0,35,0.002375,0.529035866,0.534279108,867.1875,22.95060539,25,0.013546193,0.5361287,-167.0328522,174.7451324,-63.17609024,8.082824707,-23.50189018,-23.4213047,-42.34289169,15.72916031,-23.39586449,14.73937511,-3.984835625,-9.1918993,8.246788025,2398.294871,4158.229167,0.056744792,0.087722786,2672.834486,-92.50038022,-0.059572928,31,0.004291667,0.518345058,0.582756042,937.5,13.95567894,32,0.000211012,0.3966057,-206.3229218,187.8030396,-64.66407776,5.060910702,-16.75666046,-14.21048164,-37.64384079,33.67326355,-13.80218315,4.22006464,-11.61627865,-22.3804245,0.419417262,2277.229744,3690.625,0.054882813,0.075706355,2543.645038,-121.0651274,-0.01201643,34,0.000145833,0.495321929,0.610192835,1125,11.86114979,32,0.000135022,0.448098034,-220.107605,187.6940918,-68.00376892,-4.113317966,-21.33381653,1.885751367,-21.43974876,33.07806015,-6.020619392,4.058175087,-10.73126507,-13.75692081,5.059218884,2439.80572,4009.791667,0.056675347,0.070406742,2675.373703,162.575976,-0.005299613,35,0.0005,0.510080159,0.617753088,281.25,13.33322716,13,0.000229149,0.430061102,-213.0989532,182.4852753,-72.28996277,-4.589048862,-16.63594627,17.96269608,-17.98192406,24.23169518,-11.55936241,8.835683823,-13.39829254,-11.51531219,11.3117094,2536.293525,4002.604167,0.057426215,0.058134682,2704.024462,96.48780486,-0.01227206,35,0.000479167,0.537002325,0.621939838,281.25,14.03445053,32,0.000229615,0.41287607,-229.9351807,182.4441986,-75.85102081,5.590779781,-8.247048378,23.25802803,-23.98366356,18.77513885,-10.18193436,9.533196449,-12.68962574,-8.248936653,5.771030903
14.656,1,100,3544.229087,6820.056818,0.077943892,0.125706822,3549.483203,0,0,41,0.002916667,0.502248168,0.581493676,703.125,20.97673607,24,0.011450025,0.529190719,-173.617981,140.5013123,-54.15305328,29.97343445,-32.45671844,-11.49873734,-48.1394043,17.47066498,-26.09786987,19.31074524,-2.38795495,-5.709302425,11.03541279,2995.62377,5684.232955,0.06118608,0.117656305,3344.397187,-548.6053167,-0.008050516,44,0.004291667,0.553154469,0.545024872,984.375,26.48331261,24,0.000332308,0.416220069,-160.1563873,159.098465,-55.20392227,9.836880684,-34.59103012,-15.84130287,-35.09315491,22.94041252,-18.95170403,11.16128063,-19.41211319,-17.7982502,2.281593084,3356.85552,6903.664773,0.067998935,0.087050147,3671.226864,361.23175,-0.030606158,44,0.001104167,0.464778215,0.623178005,1078.125,12.76675797,31,0.00067755,0.456582695,-180.9214783,154.8358307,-57.52943039,0.91872561,-42.71339035,8.332722664,-26.99446106,31.61559677,-20.78975296,8.208451271,-16.02042389,-15.59468746,2.919516325,3511.883924,7293.664773,0.069625355,0.053245552,3852.816781,155.0284035,-0.033804595,45,0.002770833,0.48720023,0.640753806,281.25,9.59125042,12,0.000636367,0.442936748,-222.6697083,162.4100342,-66.23226929,8.568113327,-34.04174805,29.43676186,-29.12450981,35.97114182,-27.59337425,11.10692406,-17.06477928,-10.24717236,2.964240074,3652.946801,7896.221591,0.066724077,0.050116021,4015.999557,141.0628774,-0.003129531,39,0.004520833,0.511692762,0.651140153,281.25,12.31544209,13,0.000651789,0.475869477,-226.286911,154.6110535,-57.91514969,8.726409912,-25.12615013,36.51733017,-31.96990776,28.79097176,-21.11658287,10.07364559,-19.43901253,-6.292762756,5.569509029
14.6987,1,100,3835.606346,7868.970788,0.079124561,0.098236993,3923.028832,0,0,50,0.002583333,0.469427258,0.606851816,726.5625,18.04881668,24,0.011667001,0.461963385,-205.7540283,136.1119232,-41.59406281,14.51089096,-34.96784973,-6.54421854,-48.37275696,11.14053059,-25.72557259,21.17352486,-2.871554613,-4.610607147,9.998888969,3039.98009,6271.22962,0.058277075,0.102774166,3524.988345,-795.6262555,0.004537173,51,0.002708333,0.554601848,0.548303843,984.375,18.05133247,23,0.000431843,0.49323532,-174.8018036,163.8163452,-49.31356049,13.16086769,-46.70204926,-1.870274663,-35.34589005,20.40203285,-23.84593773,12.83324814,-15.20579147,-22.74598122,1.622269392,3073.022679,6284.137228,0.060254968,0.092250213,3566.02548,33.04258882,-0.010523953,44,6.25E-05,0.469488889,0.619515777,1101.5625,16.42723846,13,0.000400509,0.484799892,-183.056076,165.264801,-54.15906525,10.51164341,-52.77299881,7.389647484,-21.82315636,31.68368912,-20.71521378,7.629801273,-16.93781471,-10.52788162,-3.810667992,3401.823818,7033.372962,0.066013502,0.068500713,3774.369814,328.8011383,-0.023749501,47,0.004291667,0.446514487,0.659865141,281.25,10.66392326,12,0.000613812,0.39445135,-203.2789917,161.0826721,-56.19672012,5.073422432,-38.65797424,23.27634239,-18.18123245,31.38460922,-26.51703262,9.684686661,-15.05442238,-5.100252628,2.438041687,3573.677508,7428.243886,0.066913992,0.060304973,3823.297748,171.8536903,-0.008195739,48,0.004270833,0.442455709,0.692993939,281.25,11.50700569,13,0.000748992,0.332142591,-209.456955,154.5769653,-58.57798386,6.329195499,-24.63648796,25.81258583,-20.12901688,27.63877487,-27.23824883,16.61708069,-16.01456451,-12.05014038,8.08561039
14.4427,1,100,3677.295839,7359.54797,0.080361004,0.088889778,3758.083751,0,0,36,0.0025625,0.484847903,0.593207121,679.6875,15.82576847,24,0.011847717,0.524061859,-205.7349091,133.4732819,-51.08340073,18.08642578,-35.70124817,-10.7725811,-50.8223877,9.726798058,-25.51837158,18.37151146,-2.55043602,-2.465822935,5.493623257,3164.337984,6463.041974,0.060069404,0.104023859,3523.698701,-512.9578551,0.015134081,39,0.0011875,0.511924803,0.577276647,960.9375,19.55369186,23,0.000476044,0.471159816,-176.6830597,157.0418854,-52.88859177,14.61352921,-47.67227173,-6.451777935,-38.89080429,15.61529541,-16.72198486,10.59984684,-23.119133,-15.7812748,2.75839591,3418.261336,7064.546817,0.065631486,0.067929044,3668.649667,253.9233516,-0.036094815,40,0.002083333,0.456592888,0.636536956,1101.5625,11.19668198,12,0.000698901,0.296937853,-201.5723267,149.2970734,-53.57053757,6.889677048,-40.17279053,2.854651928,-21.87838364,29.87300873,-17.84206772,7.461868763,-17.55809212,-18.18805122,3.076701164,3461.012098,7077.433118,0.063750432,0.051461026,3780.381498,42.75076259,-0.016468018,38,0.0029375,0.456605941,0.672241986,281.25,9.103741646,33,0.000835215,0.420021206,-231.2532806,160.0137329,-57.55315399,4.514827251,-32.27577591,25.15469551,-29.49090767,31.91864204,-21.32287788,5.455186844,-14.41148567,-11.5092659,3.916016102,3548.055354,7305.581181,0.065539596,0.049755063,3815.123157,87.04325607,-0.001705963,41,0.003979167,0.494140148,0.655411243,281.25,11.18929005,14,0.000783311,0.344681114,-226.2404785,152.8838196,-54.88684464,0.693068624,-16.60671997,29.46760559,-29.10409355,23.27698326,-16.33475876,8.927144051,-17.90706444,-9.366828918,5.562009335
16.2347,1,100,3521.207835,6920.517418,0.072643443,0.085337274,3660.282433,0,0,54,0.003875,0.509983599,0.572502732,750,14.17707348,7,0.010526665,0.469086736,-215.5840607,141.4008179,-45.73205566,19.32485962,-33.12548447,-11.12099838,-45.49032593,13.47847557,-22.96305656,21.50933838,-4.740201473,-3.731970787,9.506851196,2788.930087,5416.367828,0.058004611,0.106306136,3228.488725,-732.2777475,0.020968862,55,0.0024375,0.501752675,0.583270371,960.9375,19.83959961,23,0.000295194,0.421104133,-178.7053375,163.1868286,-52.0737648,5.98577404,-39.96996307,-13.59675694,-28.91456223,12.55672359,-17.19317627,13.36190987,-22.13007164,-15.52938938,3.720070362,2891.562639,5595.722336,0.060825435,0.082227536,3341.176818,102.6325516,-0.0240786,53,0.001041667,0.469814062,0.613329232,1078.125,13.78443146,32,0.000358097,0.31561622,-197.2942963,166.8430634,-54.17957306,0.257046968,-39.32645416,-4.912218094,-21.21186638,25.97856522,-22.91516304,10.25939465,-18.56388855,-16.60364914,1.38187921,3166.120819,6236.680328,0.063934426,0.071103945,3557.954731,274.5581798,-0.01112359,48,0.004583333,0.386174947,0.716296017,281.25,8.743044853,13,0.000507729,0.415341377,-211.1667938,165.683197,-54.03725815,-9.555009842,-32.53153992,21.98517799,-20.86985397,22.3228817,-26.87044716,11.23983574,-15.81814766,-14.8427496,7.767438889,3300.286956,6680.071721,0.066419057,0.061125807,3579.133013,134.1661373,-0.009978138,50,0.00275,0.42963919,0.680894971,281.25,10.02864647,12,0.000551052,0.468780309,-213.6659393,166.2458801,-62.06118774,2.731514931,-30.38057709,38.66559219,-31.01577187,15.80219173,-18.92738533,16.37564278,-18.86015129,-13.72397995,10.92499924
14.976,1,100,3783.078835,7684.664146,0.074880797,0.120639749,3856.727053,0,0,47,0.005541667,0.527750194,0.555366278,750,21.00468063,26,0.01133445,0.635874271,-192.4270172,136.4952698,-41.94648743,19.55885124,-34.54977798,-2.029708385,-45.45708847,16.93600655,-20.93441582,22.50928879,-3.699707985,-3.077173233,13.70095158,2886.846884,5787.310943,0.055551115,0.117106698,3434.189907,-896.2319511,-0.00353305,47,0.004583333,0.522227883,0.561576664,1031.25,20.11789513,4,0.000401002,0.441020727,-161.3575439,163.22612,-42.54908752,7.932710171,-45.1007576,-4.409453392,-30.14886093,15.86701393,-21.47944641,9.590249062,-15.13766193,-18.79716301,1.365190506,3115.73985,6438.973532,0.058098518,0.082273901,3563.543413,228.8929659,-0.034832798,45,0.000958333,0.497683048,0.6026631,1054.6875,13.21738815,12,0.00056565,0.347390234,-187.4427338,160.2979431,-46.47634888,13.73258305,-47.87202072,4.92237711,-15.0635891,27.21872711,-17.35928345,5.486085415,-17.44548416,-14.72775078,-0.647475183,2998.228039,5897.3254,0.059417399,0.075740963,3310.122497,-117.5118107,-0.006532937,44,0.004375,0.440896511,0.665293813,257.8125,12.07058907,12,0.000439163,0.353427142,-198.3183289,170.2457733,-60.86428833,13.94934654,-42.93924713,15.58697701,-11.36536312,26.74477577,-24.71051788,6.501642704,-13.44224167,-10.30323124,3.579507589,3035.630453,5810.498221,0.058350478,0.060262278,3281.309738,37.40241342,-0.015478685,47,0.002083333,0.500575066,0.648594618,257.8125,14.24022293,12,0.000501142,0.393232822,-215.6819458,169.4373932,-64.03601074,18.01813698,-23.22268486,18.133461,-14.60603142,25.1514473,-27.90353203,14.18777275,-11.97328854,-11.76700974,8.077581406
16.576,1,100,3612.927973,7060.264268,0.07853792,0.07107088,3627.850638,0,0,56,0.002520833,0.470348835,0.604902565,867.1875,11.73067474,31,0.010345678,0.371337354,-230.9958496,136.1979675,-48.40530014,21.28641891,-31.64728546,-14.99182606,-44.38688278,15.05851173,-23.48216629,18.10537148,-3.060117245,-2.393559217,7.238463402,3055.03065,5990.202974,0.060300379,0.096516371,3389.196606,-557.8973226,0.025445491,50,0.005916667,0.522211134,0.57404989,960.9375,18.24773026,32,0.000426822,0.446246028,-176.9191895,156.2031555,-51.4081955,10.20555496,-32.9300499,-9.728068352,-30.42500877,22.91265297,-14.09790611,8.43230629,-18.09159851,-17.62611389,1.409299374,3178.803803,6191.870981,0.062982001,0.074224606,3448.207211,123.7731531,-0.022291765,55,0.003583333,0.477491498,0.631226122,1101.5625,11.87740135,32,0.000489842,0.358659148,-199.9667969,162.0882721,-59.04708862,2.367070436,-30.67736435,6.70134449,-25.20619774,37.14225006,-19.65411758,4.733199596,-14.22099972,-18.92331505,3.258432388,3070.143462,5730.807878,0.062339856,0.063561067,3439.789918,-108.6603412,-0.010663539,45,0.002458333,0.452879518,0.669669926,257.8125,11.45077515,32,0.000479768,0.425385565,-212.7369843,170.5870667,-64.58996582,0.707325757,-22.70512199,26.49388313,-29.89628983,29.5263958,-20.04989815,4.881275654,-18.49935722,-11.12459183,3.28251338,3300.016388,6510.500402,0.059367778,0.056632817,3628.952248,229.8729266,-0.00692825,48,0.0023125,0.512354612,0.650777996,257.8125,14.36721897,34,0.000559073,0.406238884,-219.3306885,162.2970581,-58.78134918,11.75917149,-21.21496391,30.35542107,-29.44545746,26.18485641,-16.29770088,9.326153755,-19.06722069,-7.583015442,4.158003807
12.224,1,100,2531.925928,4698.097826,0.052375594,0.15836674,3099.009465,0,0,35,0.001083333,0.534935892,0.538442969,867.1875,29.13187981,26,0.013235975,0.585534692,-160.7800598,179.9095764,-55.16744995,-1.594461799,-29.47533989,-15.1934967,-46.52183914,21.68022919,-24.5266571,16.64723778,-6.248810768,-12.13776875,11.11877346,2256.211122,3863.620924,0.050522249,0.101720832,2701.416948,-275.7148059,-0.056645907,37,0.000666667,0.529800296,0.563728809,1007.8125,18.30861473,31,0.000197109,0.391150117,-192.902298,187.053299,-56.37171936,-1.316250801,-24.57590103,-15.03313065,-27.43531418,28.17876434,-16.05104256,6.470910072,-14.66298008,-21.76916695,3.8521595,2439.093168,4077.309783,0.057804008,0.078166448,2797.919249,182.8820453,-0.023554385,32,0.003583333,0.484257609,0.617444992,281.25,11.77553177,31,0.000228301,0.469796866,-211.0042267,186.6302338,-69.55025482,-2.182745934,-25.86927986,-0.692001998,-21.88113022,35.60155106,-21.3932476,9.754241943,-10.10899258,-17.35005188,8.673658371,2589.25669,4457.201087,0.057774287,0.073428899,2889.530923,150.1635224,-0.004737549,38,4.17E-05,0.476805925,0.652706802,281.25,13.88354206,12,0.000240244,0.427241892,-206.6320648,180.4438171,-72.37841034,-3.953768969,-19.74768257,13.26768208,-16.4866333,26.08445549,-26.77653122,13.02752876,-9.188448906,-15.0680027,11.47063541,2650.599013,4438.756793,0.058088485,0.054657962,2954.104715,61.34232293,-0.018770937,32,0.0030625,0.56355238,0.605857491,257.8125,14.66247177,13,0.00031196,0.414129704,-237.4069519,181.4891968,-71.38252258,-1.518054843,-1.473317385,15.99055099,-24.83386612,31.46040726,-23.02305794,16.39029884,-5.544012547,-12.59357071,8.005906105
11.6907,1,100,2427.867674,4272.762784,0.053224876,0.134838745,2851.705706,0,0,32,0.00175,0.531558871,0.529826224,867.1875,21.63493919,25,0.013806767,0.504570961,-177.3094177,180.7661591,-59.17844391,0.497045338,-22.82313538,-18.49046516,-47.58670044,16.37058258,-23.64140129,13.47009087,-4.876677036,-11.02752972,11.06279278,2217.64111,3817.96875,0.051717862,0.125175878,2626.415275,-210.2265638,-0.009662867,32,0.00275,0.543752074,0.540836751,1031.25,22.37220383,31,0.000145355,0.350737482,-176.7708435,189.3037872,-56.86235046,-0.402493984,-27.11046028,-14.78695202,-31.38590813,23.49724197,-15.61262608,4.668710709,-13.81155682,-24.33913422,4.75158596,2314.696504,3935.049716,0.051487038,0.076938264,2691.79351,97.05539453,-0.048237614,28,0.001833333,0.5327788,0.578480959,1101.5625,13.59144402,12,0.000218041,0.473363906,-217.9711456,184.929718,-63.94421768,-3.387913465,-30.43403816,1.040213585,-15.87967014,29.40074158,-12.02118683,7.859127522,-12.55302334,-14.075634,3.728366137,2767.01833,5088.81392,0.057859109,0.064249568,3018.116999,452.3218261,-0.012688696,37,0.0001875,0.528747499,0.605202377,281.25,12.65336609,13,0.000315606,0.418173283,-215.3283386,172.6277161,-71.20793915,5.751685143,-27.04858971,14.36277294,-10.65277195,27.19859123,-22.88121986,8.992957115,-11.1995573,-12.82854748,7.956264973,2632.919902,4570.84517,0.055939276,0.05904961,2821.640899,-134.0984285,-0.005199958,31,0.001041667,0.553379416,0.616574168,281.25,14.73167419,13,0.000262494,0.430504084,-228.6820984,180.9574738,-76.06092072,7.339169025,-14.4870863,15.03218842,-14.44896603,23.53826332,-22.82139206,16.01442909,-11.52720165,-13.90796757,8.000024796
11.7333,1,100,2603.538339,4560.237557,0.056649463,0.097167604,3012.775648,0,0,24,0.001375,0.47428444,0.589521706,796.875,17.41674614,7,0.013822827,0.479723841,-210.5369415,169.1550446,-55.92135239,3.018269777,-24.14619255,-23.55400848,-46.41362,18.28253937,-23.66477776,13.2808857,-4.569359779,-6.922147751,8.916040421,2792.425979,5391.261312,0.056216417,0.097145617,3193.415912,188.8876393,-2.20E-05,35,0.002270833,0.529721498,0.556796551,1031.25,15.49604607,32,0.000361488,0.491390079,-179.5317078,174.8772278,-57.50318909,9.929796219,-29.21490479,-7.041433811,-36.69721222,28.14941025,-15.16239262,8.894536018,-17.16359901,-18.12420273,3.705047846,2415.451761,4124.045532,0.054568191,0.077385604,2802.474783,-376.9742179,-0.019760013,26,6.25E-05,0.516151667,0.595229268,281.25,11.47471428,32,0.000200791,0.399366617,-212.9253387,180.055069,-58.34071732,-12.97039413,-19.69986916,-1.121108294,-22.64008141,33.86077881,-11.85588169,3.614664316,-10.92284679,-15.17676258,4.518228054,2581.810984,4222.249717,0.057254843,0.066998161,3014.983821,166.3592234,-0.010387443,31,0.000375,0.500754535,0.627910435,281.25,12.44392204,12,0.000251362,0.436052978,-221.5333252,179.9963989,-63.49969864,-15.61846638,-15.44913673,18.70207977,-23.33440781,29.66082764,-16.69127655,9.158082962,-12.31337357,-11.84349918,9.504337311,2843.188302,4986.884898,0.062407204,0.062424526,3155.40351,261.3773174,-0.004573636,29,0.001541667,0.525037408,0.618615925,281.25,14.01396942,13,0.000283079,0.4137595,-226.5056152,182.4010162,-76.10020447,-4.979222298,-7.186261654,28.77770615,-31.71605682,31.4227562,-17.80173302,14.30288887,-14.98033333,-8.61162281,9.391296387
12.416,1,100,2527.493618,4628.554185,0.051803916,0.154325202,3072.982811,0,0,31,0.001020833,0.582046807,0.486312479,796.875,28.24148941,25,0.013067467,0.567076862,-167.0195007,174.8610229,-55.58664322,3.537703276,-29.76148224,-21.33992767,-46.64372253,15.36562443,-26.00177765,18.63883591,-5.962123394,-7.608323097,11.00421619,2424.319372,4418.220225,0.052742758,0.089914083,2793.374222,-103.174246,-0.064411119,35,0.001729167,0.53720355,0.558746576,1007.8125,15.44768429,12,0.000241578,0.44084385,-204.8450775,182.8588409,-60.64263153,3.264960766,-24.61520767,-15.7987299,-28.1862278,28.89175224,-16.7285347,10.62880993,-15.01126575,-20.0871315,5.907753468,2439.606246,4121.680526,0.055538325,0.069735989,2854.406081,15.28687375,-0.020178095,39,0.002833333,0.491120726,0.617014706,281.25,10.66306686,32,0.000313911,0.342518419,-223.1375885,183.6788788,-62.74943161,-5.383674145,-26.73389626,5.431161404,-24.34845734,34.31732941,-13.7792654,6.960614681,-11.000741,-13.56157589,8.375844955,2679.263559,4874.79882,0.05692563,0.05833422,3011.496398,239.6573125,-0.011401769,34,0.0013125,0.51667136,0.627994418,281.25,13.04148102,12,0.000577283,0.321122855,-227.0283661,172.3834534,-65.35795593,-4.045948505,-17.08055305,14.97626305,-14.65832043,24.41999817,-15.93354511,11.88731384,-11.9804945,-11.36493778,9.864238739,2571.77688,4281.920601,0.055900868,0.058517203,2786.943219,-107.4866783,0.000182983,36,0.001541667,0.55649972,0.604405582,281.25,15.06585121,14,0.000203623,0.42586711,-235.386261,186.3759003,-77.75350189,2.727977991,-4.257401466,19.07712364,-20.08893013,24.9027462,-20.18544197,18.2692852,-16.31546021,-10.16273212,11.63407707
13.3547,1,100,3705.821478,7733.627988,0.076358628,0.120657764,3833.182142,0,0,39,0.0035625,0.538550854,0.54461652,750,19.75295067,25,0.012715337,0.483445525,-180.100174,132.095993,-42.67787933,16.09721565,-34.79376984,-5.598058701,-42.49092865,11.56219101,-17.35194969,24.99791908,-5.864475727,-4.531234741,12.59588909,2867.634767,5687.749004,0.05703942,0.105972491,3530.871574,-838.1867108,-0.014685273,40,0.003020833,0.479016304,0.596304893,960.9375,18.26234627,23,0.000327975,0.4874641,-182.9952087,166.6544647,-41.93365479,5.800669193,-43.40781784,-9.90177536,-35.96204376,19.20110321,-28.2870636,16.97447395,-16.3129158,-23.20783615,5.464118004,3206.965774,6360.993526,0.063186706,0.082844794,3554.894026,339.3310071,-0.023127697,44,0.002875,0.512693405,0.589764178,1101.5625,14.29401207,12,0.00046418,0.416539729,-187.2226105,158.8901978,-56.96399689,9.149439812,-42.43263626,-1.441821575,-25.11236,36.55015564,-25.5368824,6.649423599,-11.39636707,-19.90329933,-1.064738631,3480.064149,6927.415339,0.071888228,0.07496722,3639.361471,273.0983741,-0.007877573,45,0.0025,0.441111326,0.672185719,281.25,9.751597404,12,0.000619487,0.43524003,-190.8833771,154.9354401,-62.27407455,11.27345657,-39.98216629,8.989005089,-15.09507084,35.88630676,-32.96136856,7.434480667,-11.40691185,-14.55567551,1.931524873,3430.933787,6727.216135,0.075115553,0.067060679,3618.303184,-49.13036125,-0.007906541,44,0.0045625,0.439488053,0.687028825,281.25,10.87216473,12,0.000695176,0.523064375,-198.4678802,161.6950836,-74.38729095,15.49716091,-27.62095642,19.24621391,-25.01862526,33.12627792,-35.39089966,13.63071728,-11.20163441,-9.815960884,2.51513195
15.9147,1,100,3495.619567,7337.583612,0.072871486,0.105117582,3793.194609,0,0,46,0.002604167,0.53132683,0.543840885,750,17.51424026,25,0.010667261,0.512182713,-194.9112396,140.2550354,-46.08388138,17.57650757,-38.29103088,-8.361515999,-48.83546448,12.07286453,-21.85725784,19.59784126,-5.808433056,-2.822709084,6.563453197,3237.017265,6532.869983,0.062273006,0.078028411,3565.251772,-258.602302,-0.027089171,51,0.003875,0.51247406,0.590252221,984.375,13.70928288,4,0.000488629,0.366634995,-197.9033051,156.1100616,-48.93519592,13.24741745,-37.18879318,-8.847113609,-27.71471405,27.17708588,-21.80622482,11.04185104,-19.2617054,-19.07138443,5.08263731,3133.785983,6091.00648,0.062645341,0.069751181,3451.402356,-103.2312814,-0.00827723,53,0.004729167,0.482404828,0.623326242,1101.5625,9.964296341,32,0.000511695,0.44542259,-204.2213593,165.2527161,-61.4998703,10.88866711,-37.48838425,8.523896217,-24.33371925,37.06958389,-22.92826462,7.340915203,-16.66095924,-16.68272781,3.568678617,3302.630331,6703.360159,0.064469455,0.080123067,3679.390382,168.8443479,0.010371886,52,0.0013125,0.440227926,0.667592704,281.25,11.85918427,13,0.000555095,0.420000702,-187.3124542,162.6533051,-60.63459015,-0.907422721,-29.13636971,23.49703979,-23.67244339,31.3330574,-27.88189125,9.273556709,-17.76285362,-15.38455677,6.915216446,3250.159264,6304.06041,0.061881075,0.06903442,3585.315753,-52.4710674,-0.011088647,54,0.003375,0.488645911,0.654718101,281.25,15.59566116,14,0.000453726,0.433709323,-203.1602478,172.5570068,-65.23171997,8.79267025,-19.60115242,32.14776611,-30.71544075,26.43618584,-23.81289101,18.46766472,-19.7719593,-10.57360172,9.477318764
3.1787,1,20,4346.495376,8692.96875,0.097420247,0.046404086,3731.33977,0,0,10,0.001104167,0.454972267,0.667556584,843.75,9.675509453,2,0.05125786,0.628489196,-289.2289429,96.9961853,-59.11969376,26.93451309,-23.59428215,-1.746986508,-30.91395378,26.96529007,-16.95354843,20.82995605,7.151010513,-2.312849998,-0.813089669,3003.77002,5931.25,0.058268229,0.090973116,3509.89954,-1342.725356,0.04456903,10,0.000104167,0.571094275,0.518619955,843.75,19.42324066,7,0.000470246,0.53103745,-211.1704102,157.5988007,-55.5006752,11.16640663,-43.37825775,-24.79683113,-48.06385803,22.13424301,-23.88033867,22.47849083,1.269473314,0.827818215,11.16715813,2628.000561,4745.3125,0.050415039,0.080546886,3278.684651,-375.7694596,-0.010426231,9,0.0001875,0.525587916,0.528056979,679.6875,15.96972466,6,0.000287682,0.669827282,-214.5401917,174.0411224,-52.08124924,19.22919655,-39.10622025,-22.08370399,-51.91739273,13.56090164,-31.13347435,13.86408043,-6.087539196,-3.617587328,8.453104973,3063.637847,6141.40625,0.057397461,0.093292266,3516.302683,435.6372865,0.01274538,9,0.000541667,0.441427857,0.620958984,867.1875,16.01267433,26,0.001959808,0.573904574,-192.5961609,166.568512,-52.74881744,17.34542465,-33.0750885,-22.96121216,-47.12195587,22.60125351,-32.23417664,14.4571867,-14.11074257,-10.87872887,14.33435631,2798.877813,5505.859375,0.05004069,0.103795148,3374.927521,-264.7600345,0.010502882,11,0.000708333,0.466652036,0.606126428,937.5,16.40555191,24,0.000817625,0.53251493,-180.2747955,171.1338043,-47.6795578,13.93138981,-34.11082077,-16.64031219,-40.22310257,21.42306519,-24.64748383,9.312763214,-16.59118271,-10.62310696,7.450769901
3.072,1,20,3541.698037,7727.505388,0.075094289,0.079282671,3780.923217,0,0,12,0.00075,0.428427547,0.649095297,843.75,15.71941948,26,0.052667897,0.583084881,-231.6207123,134.0367279,-65.28037262,-0.659056485,-38.93775177,10.06608295,-38.34255219,32.5584259,-11.41722393,24.14137077,-0.677013993,-2.88192749,7.551617146,3002.598759,5961.610991,0.061178273,0.141310409,3608.552053,-539.099278,0.062027737,9,0.0003125,0.601566494,0.477567136,867.1875,35.19470978,24,0.000606801,0.652597845,-164.9188385,160.6486664,-56.67590714,5.103469849,-47.26160049,-18.01171494,-53.53274918,27.6332016,-17.88302803,25.27786446,-0.795314908,-0.213672206,14.03684521,2876.184834,6076.373922,0.052128233,0.113257542,3557.389376,-126.4139249,-0.028052866,9,0.000416667,0.486289263,0.573979199,703.125,27.1453495,6,0.000904364,0.402677953,-185.2637634,162.7496338,-37.06875992,11.0409708,-32.56125641,-21.76371384,-49.72782516,14.79960346,-24.29679489,12.49456692,-7.935051918,-4.95868063,12.40458298,2962.233931,5853.717672,0.052692282,0.105396956,3506.28891,86.04909764,-0.007860586,10,0.000458333,0.432482511,0.63374567,679.6875,17.20051575,28,0.000470486,0.520258009,-181.3076782,168.3841553,-43.55381012,22.99767876,-39.10851288,-9.64501667,-50.18551636,16.25649834,-29.71076202,7.393187523,-11.71744919,-13.20061493,9.910680771,2955.595612,5792.699353,0.054712756,0.084108673,3517.719627,-6.638319235,-0.021288283,11,0.000354167,0.479807675,0.600238144,960.9375,13.50593948,3,0.000501259,0.392817497,-191.4077606,162.9460907,-39.24842072,12.18020821,-26.95872498,-11.39405155,-40.66796875,21.98176956,-21.08841705,4.356663704,-13.96199703,-17.56147194,6.860096455
3.072,1,20,4341.073777,8833.917026,0.092537716,0.123722203,4092.352225,0,0,10,0.001166667,0.534244955,0.578232884,820.3125,19.75139618,2,0.030303378,0.912354529,-185.7619171,124.2303696,-65.14054108,14.28526402,-25.62680817,10.3227005,-41.35047913,37.02555466,-18.09871101,16.86608696,-1.351781249,1.159876823,2.832034349,2751.605166,5313.442888,0.055697737,0.158135578,3417.522732,-1589.468611,0.034413375,8,0.000291667,0.621110201,0.460290283,820.3125,34.79414749,24,0.000685204,0.669360518,-153.2288361,172.3565063,-46.71271515,-4.527622223,-31.50888443,-14.72198105,-53.99252319,18.91498184,-19.82330894,22.03133583,0.190364227,-1.992389798,7.988096714,2887.003412,6078.394397,0.052608095,0.171871662,3628.206832,135.3982465,0.013736084,9,0.00025,0.528174639,0.522416294,867.1875,36.62605667,27,0.000890202,0.706596971,-142.9032593,169.939682,-46.94621658,13.71393108,-45.81054688,-18.51926422,-55.54541779,16.25007629,-27.44171715,22.1374054,-8.191547394,-9.279542923,13.29955196,2876.171327,5818.561422,0.055882947,0.130853266,3556.104883,-10.83208569,-0.041018397,9,0.000729167,0.488006681,0.581234753,914.0625,22.27061272,8,0.000643044,0.52842325,-155.7845764,178.9593658,-51.3644371,12.36004066,-34.50127792,-7.187895775,-48.51542664,19.90279007,-34.23957825,20.6134758,-8.574744225,-14.80176353,11.48915005,2824.947178,5568.830819,0.056084995,0.10755007,3344.599533,-51.22414918,-0.023303196,8,0.000125,0.464925051,0.611607432,937.5,19.30475426,4,0.000705633,0.376576602,-176.0608215,169.6639709,-46.2505188,3.705263853,-31.8885746,-8.802621841,-38.95335388,21.44928169,-21.16782951,12.78396511,-11.42903423,-18.68185043,6.932173729
2.9227,1,20,4267.490647,9424.431818,0.091539418,0.04460806,4073.174971,0,0,7,0.00025,0.511114538,0.631366193,281.25,8.138965607,20,0.055761259,0.620160341,-275.6013184,118.2177734,-63.41651535,25.41269112,-28.91799355,13.36449909,-40.45434952,31.06565094,-18.90176964,28.16387558,-0.767884672,0.606672347,2.853421926,3051.655415,6289.346591,0.062899503,0.097189836,3608.485034,-1215.835232,0.052581776,9,0.0001875,0.54333514,0.553949952,820.3125,20.55147362,25,0.000643711,0.466793776,-213.2251892,162.519928,-50.20096588,2.341399431,-40.47748566,-18.90346527,-50.00204086,23.8304348,-18.35540199,28.14804077,-1.35367465,-3.359111786,16.72039413,2496.393084,4757.386364,0.048153409,0.09738338,3286.02728,-555.2623307,0.000193544,8,0.000166667,0.486419827,0.577525914,679.6875,20.94292831,6,0.000298093,0.461949825,-210.1365967,171.3105927,-40.48585892,8.151612282,-40.49249268,-20.9302578,-54.25217819,14.64065456,-18.68507004,11.98311901,0.990022302,-7.299743176,14.07671452,2679.6846,5336.505682,0.050585938,0.102107897,3328.213477,183.2915156,0.004724517,12,0.000854167,0.409474224,0.656898141,679.6875,19.31277466,6,0.0008582,0.60693115,-196.7897034,170.5243683,-41.91283798,13.10340881,-36.04529953,-17.57192421,-49.24731827,14.00488186,-24.70954132,6.79967165,-7.407680988,-10.64016819,9.277313232,2598.321919,5100,0.052006392,0.106864259,3135.189248,-81.36268086,0.004756361,9,0.0003125,0.508492827,0.556576788,960.9375,18.52673721,23,0.000255048,0.604951024,-178.8617249,183.5903168,-56.40025711,13.38410187,-44.39460373,-7.9243536,-44.00867844,21.63691711,-25.35991859,6.758126736,-13.89974117,-16.19438171,12.74783802
2.5813,1,20,4476.254986,9467.315051,0.092045998,0.064855956,4046.248396,0,0,8,0.000958333,0.456971437,0.696879029,281.25,12.60741711,42,0.062431484,0.971770525,-246.786972,102.763237,-53.6566925,29.78684998,-22.47800064,12.26623917,-38.86871338,29.43627167,-14.34039211,19.0586071,1.011050224,2.380007744,0.629284084,2900.585064,5735.012755,0.066495934,0.159035057,3629.862123,-1575.669922,0.094179101,8,0.000416667,0.561186314,0.515756845,867.1875,36.43478775,19,0.00049336,0.660341501,-158.1477203,166.0272217,-56.27251434,-0.48948279,-46.65971756,-7.808618546,-53.72904968,28.84785461,-14.21416092,25.21886444,2.147270441,-3.558266878,10.85763454,2559.901395,4993.144133,0.04950574,0.110524908,3416.061113,-340.683669,-0.048510149,9,0.0004375,0.553730607,0.515699089,679.6875,23.5204277,26,0.000629802,0.558599412,-189.9095459,178.6135559,-44.2031517,8.0978508,-35.93011093,-10.65179062,-55.67899323,17.3657074,-25.28146744,16.75442123,-3.806931734,-5.971216202,14.80860996,2645.701177,5286.830357,0.048309949,0.127100512,3405.337979,85.79978154,0.016575605,7,0.000833333,0.450684547,0.604615748,679.6875,23.2647438,26,0.00065048,0.637602031,-180.818634,178.2809296,-37.31074524,20.2187233,-43.56748581,-12.8484993,-51.53352737,17.9612484,-20.6766243,10.39060593,-7.592337608,-7.667132854,14.31945705,2492.537475,4941.964286,0.04752272,0.116104037,3072.548417,-153.1637019,-0.010996476,9,0.000833333,0.451782763,0.621064723,539.0625,19.06414032,26,0.000256233,0.540436029,-184.6800079,179.6711121,-40.6696434,21.94206429,-38.07200623,-14.97756767,-41.82563782,15.77583408,-20.57593346,1.275595784,-14.56214523,-10.07679367,10.91350842
2.752,1,20,4744.733755,9363.28125,0.108820989,0.065093167,3830.901462,0,0,10,0.000666667,0.409886599,0.72318244,281.25,10.1641798,34,0.059639953,0.552359104,-240.950058,88.4697113,-64.28709412,34.37805557,-22.72607613,6.965369225,-31.81648064,31.6601162,-16.4268074,19.99265289,3.688138723,0.57140255,0.802993476,2880.515602,5950.420673,0.061711238,0.139502719,3535.558025,-1864.218153,0.074409552,6,0.000833333,0.649665654,0.420612961,867.1875,33.63800812,20,0.001027699,0.670480132,-179.5571136,162.0969391,-50.8614769,5.102595329,-39.72332382,-24.30113792,-51.64247131,23.61986351,-16.85795975,27.25201797,3.107584953,-1.066692829,13.3839283,2781.286865,5628.605769,0.053100586,0.143154427,3555.09132,-99.22873745,0.003651708,9,0.000666667,0.61940515,0.460354775,679.6875,32.85330582,26,0.000473983,0.654952466,-171.6330261,166.6902618,-43.53952408,11.24121284,-33.13256836,-21.27470207,-59.39705276,17.57615471,-25.76462173,17.08227348,0.876911998,-2.288836479,16.95848846,2648.912242,5025.991587,0.052940956,0.126773581,3306.233956,-132.3746232,-0.016380847,10,0.0009375,0.541757822,0.531357288,867.1875,24.65242195,26,0.000846447,0.791076601,-167.4923553,177.4067078,-50.9876709,18.63995552,-32.53115082,-19.18250656,-55.2776947,15.74149513,-29.40893555,11.16980934,-5.564386845,-9.118506432,11.61377621,2473.137387,4399.038462,0.043626052,0.135903716,3204.205516,-175.7748544,0.009130135,10,6.25E-05,0.456245959,0.592999458,867.1875,23.153862,26,0.000275374,0.477111787,-167.523056,175.9207611,-43.3164711,9.578413963,-36.04743195,-17.24061203,-51.79465485,18.21273041,-22.80827904,4.494049072,-8.922933578,-7.985639095,10.72623253
3.0293,1,20,3639.690244,7725.328947,0.070706552,0.12626861,3797.525838,0,0,8,0.000791667,0.605924964,0.510601342,843.75,31.11706352,42,0.053361353,0.642954588,-194.2665863,133.7965698,-46.24456406,6.3871665,-31.67299652,-2.923845053,-43.41811371,32.51335526,-13.12813377,24.73731995,5.077135086,0.0939475,6.127462387,2608.351606,5065.378289,0.052648712,0.166552737,3353.250735,-1031.338638,0.040284127,11,0.000395833,0.623392999,0.445602059,867.1875,38.40893555,24,0.000213776,0.564745009,-162.1742554,174.4295502,-48.70241928,1.823582649,-35.98921585,-22.33801079,-54.91212463,21.17102051,-26.87919617,23.93285751,2.169374466,-1.307201147,12.50881481,2542.160623,4897.615132,0.048408374,0.126508176,3275.353149,-66.19098308,-0.040044561,8,4.17E-05,0.571624517,0.491971761,867.1875,28.95345306,27,0.000218568,0.545042276,-180.1413116,174.6120148,-41.26395798,14.13781452,-38.98974991,-19.98731613,-48.85582352,16.29631424,-28.18279457,12.15352249,-3.306272268,-5.111650467,13.05166435,2885.403327,5788.651316,0.056897615,0.106003746,3531.337224,343.2427045,-0.02050443,9,0.0006875,0.477364928,0.590605497,679.6875,17.59408188,28,0.00032172,0.66341579,-179.136673,174.2779236,-49.41308975,11.88092804,-39.76918411,-0.72444272,-55.12852097,19.69291687,-23.86183357,3.182761431,-8.670006752,-9.661130905,12.37258148,2680.043166,5438.733553,0.055270011,0.099265955,3310.303316,-205.3601615,-0.006737791,7,0.000645833,0.485107988,0.583517134,468.75,16.36624146,24,0.000362258,0.53796339,-182.0490265,183.1004944,-51.74586105,16.57959366,-42.67002106,0.796368241,-47.56827927,20.18250275,-26.19851112,3.194106817,-11.76968098,-13.84130478,7.737321854
3.4347,1,20,4621.806535,9834.735577,0.093231671,0.098257199,4260.711302,0,0,9,0.0011875,0.468414724,0.650043666,867.1875,16.21212769,22,0.047432434,0.618803382,-198.1726532,115.1292725,-55.41152573,23.12372208,-31.66406631,9.13436985,-40.40930176,31.45535088,-15.71590042,23.17560959,-3.666852713,5.988386154,6.818446636,3222.353238,6381.850962,0.0642503,0.153429791,3755.849488,-1399.453297,0.055172592,11,0.000375,0.562125981,0.513592124,843.75,31.21808052,24,0.000601763,0.632864952,-151.5854492,159.3043213,-48.54184723,5.332602501,-43.86128235,-8.650921822,-56.84684753,21.07265282,-20.36778831,23.42307663,-1.299464107,-1.215672851,12.84642124,2434.254149,4723.557692,0.049113582,0.163225621,3171.476225,-788.0990897,0.00979583,9,0.000166667,0.58085531,0.473818004,867.1875,33.89396286,27,0.000394455,0.615861356,-160.0954895,179.592453,-43.91957474,6.306335449,-39.38527679,-22.11167526,-53.29273224,15.41248703,-24.69970894,13.87077045,-4.735142231,-6.400822639,16.57471275,2446.6237,4642.067308,0.048031851,0.123524062,3211.683184,12.36955115,-0.039701559,10,0.000625,0.495040894,0.560729682,867.1875,21.61844635,28,0.000258811,0.515192509,-173.9022827,181.9074707,-42.90765762,8.759505272,-42.59243774,-6.599318504,-45.80469513,14.77668953,-21.57489777,7.638398647,-11.5860815,-12.107337,10.73868561,2902.855696,6118.990385,0.052110877,0.09891057,3552.542191,456.2319962,-0.024613492,11,0.000625,0.443702072,0.636403203,960.9375,15.36751652,28,0.00077052,0.376925111,-176.9437256,167.5998383,-40.39206314,13.5487833,-35.39787674,-4.123631954,-40.49755859,21.13015556,-18.79874039,8.482257843,-16.3149929,-15.54438496,9.91455555
2.432,1,20,3754.312731,8034.986413,0.073624321,0.098771811,3869.371679,0,0,5,0.000791667,0.539326191,0.596982658,820.3125,19.95364952,10,0.05560267,0.619141459,-212.4427643,128.3862305,-52.73965073,5.515649319,-33.07336807,2.389389277,-31.88840103,34.10669327,-16.491436,23.14071274,-0.12020196,-3.902881861,8.717225075,2809.763369,5708.050272,0.055451766,0.136281952,3690.065373,-944.5493613,0.037510142,7,0.000854167,0.631456316,0.462742776,867.1875,30.56177521,27,0.000257653,0.841353476,-182.043396,168.3750153,-37.38558197,-2.351194859,-43.105793,-14.65210056,-52.81986237,24.73937416,-19.69463539,22.95483589,2.338841915,-0.550055563,9.127366066,2424.799501,4444.972826,0.049645465,0.167313248,3382.769633,-384.9638681,0.031031296,5,0.000479167,0.630699396,0.427684754,867.1875,36.89041138,26,0.000427637,0.626240313,-166.6511383,177.2159882,-34.94882584,0.018065743,-40.18473053,-23.13236046,-50.84657288,20.56845665,-24.39572716,17.4390831,0.510271966,-1.852268934,13.55836964,2422.16429,4360.394022,0.045187245,0.160610721,3399.910673,-2.635211099,-0.006702527,6,0.0006875,0.559921265,0.504793465,703.125,37.44723129,26,0.000504027,0.549725771,-157.3725128,177.9408875,-32.78102875,6.253143787,-39.7603302,-17.09719086,-52.81793594,13.06085491,-23.27168846,10.56861973,-4.239554882,-2.247837067,13.51413918,2833.846529,5640.794837,0.05106785,0.136021242,3499.20913,411.6822388,-0.024589479,8,0.000875,0.446750164,0.61389941,867.1875,23.60982513,28,0.000367446,0.690192878,-153.3789063,165.9137726,-41.68989563,15.52704525,-37.34020615,-13.54721642,-46.6430397,18.16610146,-23.67534637,3.549688578,-11.48217487,-8.123291969,10.97260666
2.5173,1,20,4148.929955,8445.800781,0.105651855,0.060452174,3849.480855,0,0,5,0.000895833,0.406162858,0.671879709,843.75,12.2882452,19,0.063787155,0.638264596,-264.318634,110.6609421,-60.05288315,14.97821522,-25.38765144,5.303090572,-40.2519455,26.6186161,-19.85572052,18.28539848,3.407079697,5.180100441,1.616467953,2853.973605,5690.429688,0.0625,0.122978032,3454.390823,-1294.95635,0.062525854,8,0.000708333,0.60947305,0.468935043,703.125,27.40630531,23,0.000378307,0.700192511,-186.6684113,162.50914,-52.69949341,1.720432639,-41.68128586,-17.95838165,-55.96311569,18.39485931,-16.90008545,21.07487869,2.05968833,0.217076614,6.801467419,2554.920733,4734.863281,0.053212484,0.143397078,3121.106366,-299.0528722,0.020419046,8,0.0004375,0.527936637,0.538101494,820.3125,31.59114075,31,0.000202878,0.693420887,-174.3128052,167.62323,-50.29631424,5.91714716,-38.11364365,-23.59217262,-50.29102707,4.664601803,-21.89266014,14.90334797,-3.30027771,1.196869731,8.370215416,2846.0785,5413.085938,0.052846273,0.130877689,3463.272275,291.1577672,-0.012519389,9,0.000354167,0.509999275,0.56506747,843.75,23.72953224,27,0.001111085,0.606525004,-165.5623932,170.0402985,-53.17160416,11.15760517,-36.58507919,-12.16363049,-57.62388229,9.102360725,-29.09725952,11.72995472,-9.219851494,-3.201158285,6.412676334,3010.086716,5837.890625,0.053100586,0.114979111,3439.258996,164.0082163,-0.015898578,8,0.000104167,0.470674843,0.59266603,843.75,23.55406952,7,0.00070826,0.533633232,-170.4412842,166.1500702,-53.39616776,15.54881287,-42.87533569,-12.90132618,-41.62270737,10.43850422,-29.60429955,15.3604002,-10.30662632,-9.491348267,9.736823082
2.1547,1,20,3299.101302,7564.596037,0.07592178,0.138086289,3776.384158,0,0,3,0.00075,0.552157104,0.54850626,867.1875,33.01493073,28,0.073746108,0.795476913,-200.0400391,133.5475159,-43.63214111,9.646003723,-48.10550308,-8.624945641,-46.5905304,30.93041992,-15.22666645,20.86730385,-2.715847492,-2.050843716,6.848415375,3086.098462,6902.629573,0.058903392,0.188676342,3849.588155,-213.0028393,0.050590053,7,0.000604167,0.618051589,0.443966806,726.5625,37.75993729,6,0.000334648,0.619249582,-129.5449524,160.0265656,-44.55413055,19.58959198,-54.31253433,-13.34322739,-59.5026207,14.77248287,-26.66265488,21.79121017,-3.124016047,-4.822748184,9.06467247,3061.940434,6706.554878,0.056616806,0.156538621,3837.607359,-24.15802866,-0.032137722,6,0.000583333,0.510926187,0.538613558,867.1875,30.00350189,27,0.001450344,0.505263388,-140.523819,160.3497772,-35.7802124,19.13155556,-47.99966812,-5.596222878,-51.85652161,9.481107712,-23.59431839,12.39198017,-10.26760006,-5.163554668,12.29983807,2652.591635,5313.452744,0.04857803,0.149856225,3499.541672,-409.3487993,-0.006682396,5,0.000645833,0.469583452,0.589109659,867.1875,26.60805893,5,0.000633012,0.656065762,-150.1122894,172.6536255,-36.69389343,16.62196732,-40.90467834,-13.55243969,-52.46588516,17.42940712,-22.16433525,8.438400269,-13.11919975,-10.35984135,6.529298306,3029.150255,6553.353659,0.055151963,0.125125185,3671.760506,376.5586202,-0.02473104,6,0.000770833,0.427736253,0.649210632,867.1875,21.94037437,24,0.000885131,0.542125225,-159.2216034,166.241272,-44.08267975,19.45509529,-41.92201996,-0.541806757,-45.47309875,20.02461815,-22.87237549,3.496025562,-16.49473572,-10.46904182,7.834040165
2.3253,1,20,5252.242156,10187.85511,0.101740057,0.045407306,3993.229571,0,0,4,0.000791667,0.434821516,0.75893414,281.25,11.94208717,24,0.069670983,0.574840605,-311.3726807,74.93437958,-49.65481949,71.99826813,-16.35160255,10.70495892,-39.90134048,28.13763237,-25.38790894,15.86510563,2.27713418,4.287873268,6.504312515,3921.376289,7762.606534,0.094304865,0.089857846,3762.634052,-1330.865868,0.04445054,6,0.0003125,0.527124465,0.562647343,843.75,17.76631355,22,0.002148795,0.545670331,-187.2707977,128.9010162,-74.76959991,10.65610313,-37.97676468,-13.57709599,-49.72203445,27.8736763,-19.11712837,20.97533607,1.426105499,-3.291668177,5.146413326,2822.118527,5535.511364,0.056130149,0.117829926,3535.120633,-1099.257762,0.02797208,5,0.0003125,0.574654639,0.492768437,656.25,25.72620201,24,0.001332412,0.708103955,-180.6802673,158.4074097,-51.43916321,9.02440834,-38.0009346,-21.06451035,-59.48361969,9.931923866,-32.49624634,12.9062376,-3.637087345,-4.989928722,11.75431824,2664.499464,4940.518466,0.04996005,0.132536799,3361.545525,-157.6190631,0.014706872,5,0.00025,0.527915895,0.527754009,703.125,26.548769,22,0.000756027,0.663819075,-166.567215,173.3901215,-51.11348724,15.67523098,-38.61125183,-16.76685524,-64.40990448,8.555218697,-31.01595879,11.18063545,-10.01924419,-12.19841576,10.39169979,2927.266,5687.322443,0.060546875,0.078117907,3509.961818,262.766536,-0.054418892,5,0.000625,0.494268775,0.561943352,539.0625,12.95715237,4,0.000632835,0.561684489,-198.4756317,165.1349945,-49.53451157,25.18824387,-38.94890976,-13.42555904,-49.52000427,11.47078323,-29.73196411,10.69620132,-15.09146404,-15.26901817,7.878053665
1.9627,1,20,4070.162042,9034.839527,0.089922931,0.110553846,3942.86339,0,0,5,0.000729167,0.524621844,0.59269017,843.75,22.96630287,28,0.082186602,0.944833338,-199.8226624,109.5566177,-57.10026169,7.85123682,-38.78223038,6.074791431,-37.10396194,33.07945251,-9.233950615,19.94296265,1.96406436,-1.234725595,1.394760489,3348.2901,8127.744932,0.072199641,0.172462463,4103.899148,-721.8719415,0.061908618,4,8.33E-05,0.647900879,0.437716842,796.875,38.35037613,2,0.00043175,0.791414976,-130.299881,158.8123627,-45.38905334,16.6673851,-53.33619308,-5.006196499,-61.48241425,25.23906517,-23.01680374,20.24704933,1.04856956,-2.155081987,10.85962391,2947.235032,6432.010135,0.062645165,0.171911284,3782.320489,-401.0550679,-0.000551179,6,0.000291667,0.504432559,0.555735111,867.1875,31.25484657,8,0.000408998,0.616839349,-127.7711182,168.6737976,-43.6871376,13.5178318,-52.68584442,-0.5540663,-58.84270859,18.66759682,-26.77176285,9.889573097,-5.900853634,-7.826183319,9.347006798,3331.067631,7238.386824,0.068794869,0.122264348,3942.560168,383.8325984,-0.049646936,5,6.25E-05,0.464698941,0.602537334,914.0625,21.04943466,26,0.000770874,0.57952857,-155.6891327,164.4381104,-44.17684174,24.14591217,-49.09845352,-0.344635934,-52.12687683,22.29434013,-28.60805893,13.58142185,-8.916689873,-12.97883415,8.878732681,3214.985413,7320.101351,0.059609903,0.106798209,3873.423742,-116.0822177,-0.015466139,5,6.25E-05,0.484876126,0.589816868,281.25,18.0963459,28,0.000420987,0.511141121,-166.0482941,167.6523743,-40.43148422,22.06002808,-43.45096588,2.412847519,-52.18840027,24.80465698,-24.02480698,6.631232738,-12.64537048,-13.40894794,2.161000729
2.368,1,20,4675.234768,9672.916667,0.121332465,0.081192821,4009.417365,0,0,7,0.0006875,0.441929728,0.664592147,796.875,13.28224945,25,0.0683899,0.666788399,-232.8318787,96.99377441,-56.91878891,26.61170769,-39.80146408,3.626772165,-38.60600281,30.35013008,-19.3411808,19.59023094,3.880965471,-5.586592674,6.087842941,3599.897668,7457.291667,0.074989149,0.11453747,3910.06324,-1075.337099,0.033344649,7,0.000354167,0.629868805,0.473164827,726.5625,22.09235954,19,0.000968795,0.663986325,-158.959198,144.2676849,-60.95236588,16.59605789,-45.16908264,-8.384367943,-53.8768158,23.88589668,-14.5930624,24.77918243,0.368064463,-5.616934299,11.54277325,3050.331585,6266.666667,0.067730035,0.177975342,3552.735711,-549.5660829,0.063437872,9,0.000854167,0.495102048,0.583163619,750,35.73359299,25,0.001211707,0.828236103,-132.690033,157.0085144,-53.93722916,18.32705116,-40.23994446,-17.17894554,-65.30475616,14.35977554,-24.14936256,9.915571213,-3.203572989,-9.200485229,9.897789955,2905.25439,5653.125,0.057606337,0.141552791,3447.064992,-145.077195,-0.036422551,9,0.000708333,0.512296259,0.542888522,867.1875,25.04382133,26,0.000552621,0.549235046,-142.3600311,165.4637756,-55.95417023,24.44377708,-41.58683777,-14.12749386,-59.29250336,15.3743906,-26.15719414,7.752819061,-7.710928917,-11.36616039,4.422989845,3153.472312,6152.083333,0.061393229,0.113763854,3468.626553,248.2179217,-0.027788937,8,0.000416667,0.434789002,0.632221997,867.1875,16.49160957,26,0.000493713,0.576851428,-156.6698761,164.4203186,-61.97052002,24.12450027,-39.5030365,-2.951067448,-54.07276917,20.41433525,-22.27979279,10.14682579,-16.04170227,-16.65942764,6.763578415
2.3467,1,20,3663.701841,7832.8125,0.095128038,0.09498325,3747.169899,0,0,6,0.0004375,0.542577028,0.545217752,726.5625,21.63308716,18,0.067641728,0.616798341,-224.2130585,118.8209229,-48.15140915,15.12351608,-27.12911606,1.975895405,-39.60461807,28.15245247,-10.0653019,22.51998329,7.401540756,1.330482841,10.62885666,3047.71573,6543.229167,0.067133247,0.161799446,3628.2348,-615.9861103,0.066816196,5,0.000520833,0.678788126,0.41123426,750,37.01053619,20,0.000642025,0.667508662,-149.7094116,159.9305267,-54.53343201,16.00128174,-51.470047,-10.64905357,-54.48396301,19.47861099,-18.36458397,28.79966354,8.118329048,-4.358477116,16.79942703,2477.182539,4761.458333,0.048133681,0.164788991,3285.8315,-570.5331914,0.002989545,7,8.33E-05,0.565175295,0.489800632,796.875,34.61979294,25,0.000772087,0.56524086,-165.6269989,173.3213043,-38.07632446,15.63395214,-37.7276268,-19.55637932,-55.34814072,13.9023304,-19.42812347,15.03839207,4.27521944,-4.935770512,18.50806046,2798.483192,5372.395833,0.05109592,0.119617529,3491.987372,321.3006529,-0.045171462,7,8.33E-05,0.528497636,0.543900251,867.1875,25.2253685,26,0.001994433,0.714577436,-180.8724976,169.1343994,-44.6408844,19.85161209,-31.69288254,-17.77767563,-57.76150894,15.57744408,-26.44232368,17.52332687,-6.133143425,-11.08246231,15.43896103,2790.895349,5325,0.051323785,0.114876062,3303.41275,-7.587842434,-0.004741468,9,0.0005,0.452492923,0.605130315,867.1875,20.20740128,28,0.000973565,0.585293472,-168.6552734,173.4054413,-53.22959137,18.07833099,-45.89636993,-8.223122597,-48.5899353,15.34086609,-26.95651817,6.673339367,-8.43944931,-12.1065836,12.76664639
5.248,1,40,4375.54386,9371.212121,0.098287563,0.093879066,3967.78449,0,0,15,0.001395833,0.41914773,0.701613128,867.1875,13.88092327,27,0.031378783,0.641313255,-194.8209076,110.5428619,-66.82026672,20.92846489,-33.89592743,13.20108032,-41.24801636,24.43366432,-6.644833565,23.32025146,-7.615546227,0.436503857,9.97882843,2961.545937,5996.685606,0.060300268,0.126294881,3415.095967,-1413.997924,0.032415815,17,0.001166667,0.537188649,0.547757745,867.1875,25.65505981,28,0.00055456,0.556747496,-163.2450256,163.8534851,-53.53421021,16.22757912,-49.73378372,-7.465309143,-46.63827133,6.055746078,-16.59945679,22.86535263,-13.01766777,-5.125653744,17.43566704,3115.896382,5992.660985,0.066440775,0.096541069,3464.232613,154.3504457,-0.029753812,17,0.000708333,0.46274212,0.623512983,984.375,14.42242527,23,0.000587585,0.463255495,-167.2101746,163.2582245,-57.98059082,20.09102058,-43.28330994,-2.308134317,-37.91487122,12.27924728,-22.11054611,19.78562546,-20.26701736,-17.01296234,13.51073456,3179.8544,6545.92803,0.060783617,0.081348166,3589.374049,63.95801754,-0.015192904,17,0.000104167,0.60412997,0.497950077,984.375,15.38441753,24,0.000507242,0.623598218,-190.2582092,166.8294067,-54.59262466,24.84855461,-46.96712112,-1.332565904,-31.2797451,24.99969101,-21.6249218,17.26097298,-23.98526955,-23.63110542,4.83989048,2791.88979,5513.731061,0.057301531,0.096597694,3306.402464,-387.9646098,0.015249528,14,0.0006875,0.495238692,0.591509044,1101.5625,16.51832581,32,0.000363082,0.469811976,-182.2488098,168.9584961,-51.61098862,6.496260643,-41.43541336,-7.227309227,-21.00655174,30.39564323,-16.43089867,10.41182613,-18.61176682,-18.17318726,4.554840088
5.4613,1,40,3894.497936,8222.239078,0.088189282,0.112168603,3894.289825,0,0,15,0.001729167,0.545451105,0.544751704,867.1875,20.39712143,19,0.030122956,0.691809773,-192.6920319,131.9116058,-53.59375,14.54560375,-36.91671371,7.848509789,-45.86119461,28.41719437,-14.55912781,17.57865715,-1.815979242,0.870825469,9.518577576,2866.084483,6114.912015,0.055853686,0.121526942,3587.104737,-1028.413453,0.009358339,17,0.0005,0.504016161,0.556672692,867.1875,26.57359123,28,0.000361257,0.424661577,-169.129364,165.2053375,-35.17974854,15.11905861,-44.465168,-10.67105579,-48.95429611,13.64040947,-17.79048538,9.705150604,-5.34025383,-7.350232601,14.29916954,3200.949428,6913.152306,0.058897148,0.09384194,3719.09029,334.8649455,-0.027685001,20,0.001645833,0.446037263,0.646008611,281.25,15.06009007,29,0.000630538,0.389528364,-172.0609131,157.5465088,-41.97375488,20.20353127,-41.5371666,0.944230437,-36.90481567,19.09643745,-13.22563839,7.744462013,-17.19669151,-13.57531738,5.484789371,2735.109039,5460.254854,0.056427298,0.109178402,3340.296968,-465.8403891,0.015336461,17,0.001541667,0.569182396,0.527953207,1031.25,23.21685219,24,0.00027327,0.563661158,-172.4162292,174.8450928,-47.35699463,16.61121178,-45.85381317,-0.189332724,-29.70263863,28.64947319,-14.03837013,6.38769865,-19.14394188,-15.23508358,0.505527139,2605.569322,4951.911408,0.054156553,0.110164061,3180.197842,-129.5397177,0.00098566,16,0.0005,0.513130784,0.574364007,1078.125,22.73488045,11,0.000276688,0.414467394,-186.1169586,173.438797,-41.67626953,10.11510372,-41.05727005,-4.434561729,-17.74333572,26.78072357,-5.123651505,13.02994728,-23.23482132,-12.08919048,-0.563263655
5.12,1,40,3673.467757,7678.801546,0.073951957,0.11585968,3857.316196,0,0,15,0.001604167,0.542043149,0.551084518,843.75,22.72185898,2,0.031681851,0.704451621,-197.2225494,138.2904053,-49.97545624,9.356831551,-41.34469223,2.440686464,-46.87903595,21.5399704,-16.07008934,21.30778313,1.348682404,3.30023694,8.043148041,2797.206467,5818.782216,0.051224227,0.128921077,3584.340827,-876.2612895,0.013061397,14,0.001479167,0.53816843,0.52189815,679.6875,27.33937263,23,0.000386811,0.539156497,-172.8050842,167.6243744,-38.80276871,12.49887085,-42.42488861,-11.96695423,-53.76276016,11.19095993,-27.03266907,11.85713577,-4.701088905,-8.632839203,15.84270382,2719.541488,5544.056057,0.049024444,0.095989637,3374.282009,-77.66497927,-0.03293144,14,0.001041667,0.486027509,0.579660177,468.75,14.1313715,4,0.000487015,0.569308102,-184.5181274,173.6384277,-40.23484421,16.3595314,-41.04521179,-5.052749634,-35.82958603,15.52862358,-22.84957504,6.139632225,-14.25874233,-10.99896908,7.181650639,2854.594691,5780.847294,0.053106878,0.105847664,3495.729743,135.0532027,0.009858027,12,0.000875,0.475180864,0.605566204,984.375,16.80125046,24,0.000832036,0.444669485,-177.4910431,171.0647278,-44.09562683,11.90092945,-44.69563293,0.137781382,-36.38397217,28.14072609,-19.60924149,3.359435081,-18.27119446,-17.44954491,3.210985661,3095.618908,6359.052835,0.057576917,0.091833733,3563.84554,241.0242169,-0.014013931,17,0.001020833,0.475664198,0.621177018,1031.25,16.67837906,33,0.000506285,0.464168251,-186.742569,157.8169861,-41.30033493,11.46401978,-37.42950439,-3.115667343,-24.88494492,28.04327393,-12.19489765,6.776832581,-19.13241768,-15.91991138,-0.280902088
5.056,1,40,4036.232939,8184.621711,0.087304688,0.075643852,3892.01287,0,0,14,0.0009375,0.556504488,0.552274942,843.75,15.59781647,20,0.032739975,0.606410205,-240.078537,124.1082993,-58.05359268,16.46086884,-31.41411209,-5.400411129,-46.95730209,26.84812737,-14.40538502,25.84891891,4.764015675,-3.139384985,6.361368656,2983.985801,6412.993421,0.055525288,0.097844779,3646.21011,-1052.247138,0.022200927,11,6.25E-05,0.536304116,0.529479027,867.1875,21.96069908,8,0.000355726,0.393308014,-192.0322418,158.9201202,-41.16475296,16.59505844,-39.28012848,-14.89118767,-55.70218277,13.54201889,-21.92706871,10.90313053,-2.468067169,-4.988480568,10.73400497,2650.164184,5118.996711,0.049393503,0.0948186,3266.059116,-333.8216166,-0.00302618,11,0.001270833,0.476860464,0.586212754,515.625,15.12176991,4,0.000503796,0.505657196,-192.3539734,179.9976959,-49.06715012,18.3765831,-39.99662399,-4.894692421,-49.5666275,16.71318054,-22.38132286,6.651546001,-9.871973038,-14.90361214,10.10090733,2960.1493,6166.036184,0.055293997,0.082123421,3448.001082,309.9851158,-0.012695178,12,0.001833333,0.551429331,0.546403944,960.9375,13.10817623,23,0.000352863,0.764005661,-196.0241547,172.5835114,-51.55631638,21.11411476,-43.63568497,-1.176099062,-42.59008026,28.84116554,-17.40704346,3.883149147,-18.81696701,-17.23031616,4.041560173,2488.518854,4559.950658,0.051089638,0.098206587,2980.771959,-471.6304461,0.016083166,10,0.000208333,0.568735957,0.528120875,1031.25,20.60566139,30,0.000205926,0.446817607,-187.7125549,176.952652,-48.15235519,3.266358137,-33.37033463,-6.114622116,-24.90323067,29.17577934,-11.39821243,2.768936872,-18.60447884,-21.27271271,-0.117285334
5.952,1,40,3816.912389,7689.383371,0.084110805,0.131936014,3736.122405,0,0,19,0.001625,0.590654135,0.520710647,843.75,24.96805763,19,0.027582506,0.695643902,-175.4666443,129.5002136,-59.24182892,24.59956932,-30.4262867,-4.32842207,-43.21251297,26.64123535,-16.52991867,26.18385887,3.728392839,-0.113568649,6.867278576,2728.685874,5180.524554,0.055001395,0.140162036,3242.651664,-1088.226515,0.008226022,22,8.33E-05,0.452373445,0.61494416,867.1875,27.895998,26,0.000431493,0.5531497,-162.6314697,170.0782623,-53.74463654,17.6907711,-34.46173477,-21.10357285,-49.61263657,16.28613472,-22.78162766,15.02803802,-3.204452991,-7.817661762,11.77090645,2623.407089,5099.330357,0.05191476,0.100048609,3235.866293,-105.278785,-0.040113427,22,0.000895833,0.447396636,0.620280743,960.9375,15.36585808,8,0.000230468,0.461509973,-191.7097168,176.6423798,-48.4331398,11.13279629,-31.82945251,-18.44630623,-37.15867233,21.00087929,-26.40603638,12.0800457,-15.99028492,-17.13696671,7.192255497,2830.346825,5377.441406,0.057800293,0.081142828,3294.189933,206.9397361,-0.018905781,15,0.000708333,0.560358226,0.548541486,984.375,16.08934402,31,0.000371349,0.438125044,-200.7753601,169.3912506,-54.41172409,6.655720711,-30.08067131,-14.04586124,-31.72827148,34.63209915,-19.73309708,9.756018639,-16.4798317,-17.33032036,4.477202415,2636.657268,4971.679688,0.051967076,0.068352118,3045.538517,-193.6895572,-0.01279071,18,0.000291667,0.542928696,0.554103076,1054.6875,11.70285988,30,0.000261103,0.353437364,-219.3833313,176.1980743,-53.63448715,3.932699442,-23.72782326,-9.082847595,-28.26801872,37.22494888,-14.36098194,5.110136986,-8.763567924,-24.3742981,3.673713684
4.928,1,40,2997.399709,5868.447581,0.061035156,0.163631111,3542.938855,0,0,13,0.001083333,0.665834069,0.437938273,843.75,37.19362259,2,0.032690637,0.74333626,-164.0596619,154.5119781,-55.0409584,4.914408684,-42.72290802,-10.21601486,-41.32209778,24.84580994,-23.63302231,29.1591053,-2.057867289,2.27020812,10.12604713,2824.000284,5504.032258,0.051994078,0.143550619,3496.45669,-173.3994254,-0.020080492,13,0.001125,0.512593389,0.54575491,656.25,24.56236267,23,0.000257213,0.608175278,-153.943924,171.0823517,-49.67357254,16.15460777,-35.5434761,-15.90929794,-50.98538208,16.98451233,-31.62536812,18.89021111,-9.472334862,-7.894265652,10.49790287,2842.560784,5484.375,0.055763819,0.102675512,3418.30832,18.56049993,-0.040875107,14,0.000229167,0.466138989,0.613093913,960.9375,16.10374451,29,0.000337373,0.372898847,-174.2960815,166.6016846,-44.22033691,12.49448204,-33.35080719,-14.91901493,-42.34312439,22.49008751,-24.01511383,6.93156004,-14.13076973,-16.13191032,11.56647682,2853.085081,5907.006048,0.053800193,0.101733185,3453.996951,10.52429729,-0.000942327,15,0.000166667,0.549215674,0.540531576,984.375,18.91868401,24,0.000270928,0.502033114,-179.2645721,170.7666168,-43.87791443,12.34465218,-35.6726532,-8.478382111,-36.52126312,29.66709518,-23.52904701,6.108263016,-16.1210537,-21.42615891,6.868253231,2832.674408,5400.957661,0.057086904,0.104637004,3247.635964,-20.41067257,0.002903819,14,0.000895833,0.475599051,0.627128065,1031.25,19.43390274,32,0.000334201,0.430611432,-184.7702637,172.231842,-53.40047455,8.742584229,-37.20054245,-3.101533651,-30.37458801,34.68871689,-17.60138702,6.245498657,-15.94344711,-20.06502724,2.270787716
5.2267,1,40,3482.583175,6846.354167,0.079308712,0.088483229,3631.445955,0,0,16,0.001520833,0.504839182,0.571438193,843.75,18.3495636,2,0.031076651,0.615308106,-233.1994171,133.6068878,-58.4852562,6.951892376,-28.96189117,-11.70584393,-49.52846909,23.36725807,-17.20316124,20.602314,3.090632915,0.881396651,7.311184883,2493.3145,4646.070076,0.050258444,0.100678705,3218.916516,-989.2686747,0.012195475,13,0.000854167,0.513840675,0.550657332,867.1875,20.01717186,8,0.000325625,0.558511615,-204.9091339,174.1781921,-46.07138824,8.659985542,-39.92623138,-21.43640518,-54.14723969,15.57856274,-25.97761536,11.07253551,-2.85205698,-10.90411663,12.53236389,2584.669922,5140.151515,0.051141296,0.092359841,3327.694457,91.35542259,-0.008318864,16,0.001875,0.447023034,0.607909918,679.6875,14.83528042,6,0.000358257,0.426612556,-204.8019867,174.4906158,-39.68396759,9.580606461,-37.30787277,-15.126441,-44.31168747,16.44428253,-23.23728561,7.069906235,-11.6826582,-14.25650024,9.577197075,2621.055682,5016.808712,0.051580256,0.091501325,3173.853363,36.38575953,-0.000858516,16,0.0019375,0.591381073,0.497651577,984.375,17.35872269,4,0.000363153,0.649402082,-194.8777008,176.4918365,-47.17661667,10.52531528,-39.50882721,-8.335288048,-34.62195587,27.03833199,-16.27747536,4.74388361,-16.53640366,-21.52070236,2.440668344,3035.341547,6299.479167,0.05801669,0.085363388,3560.404459,414.2858648,-0.006137937,18,0.000125,0.529075742,0.568061888,1031.25,15.2563448,11,0.000424226,0.529349327,-189.7845612,164.9826202,-53.12688828,13.68688488,-44.51739883,3.760763884,-32.49677277,31.83656693,-15.92498016,6.401081562,-16.86297226,-17.66599274,-3.087351799
5.2053,1,40,3373.91619,7176.658163,0.073850048,0.131208345,3819.48647,0,0,14,0.0019375,0.55087328,0.530435085,867.1875,28.74525261,19,0.031471457,0.873370647,-184.5654297,146.8379059,-48.31377029,-0.366548687,-42.30080795,-0.547919869,-48.62088776,22.93808556,-14.17336941,26.27919388,-3.886334181,0.509189844,9.04877758,3057.494838,6555.803571,0.059500558,0.120646007,3765.056432,-316.4213519,-0.010562338,14,0.001791667,0.513309419,0.551610887,890.625,21.11117935,25,0.000454007,0.535740018,-168.0325928,166.9526825,-44.2681427,14.0622015,-44.15701294,-9.966061592,-51.87625504,19.09781647,-30.6286602,17.75706673,-11.08491611,-10.25860786,14.34021378,2880.840692,6143.016582,0.053287428,0.091669261,3520.88829,-176.6541463,-0.028976746,18,0.000625,0.44434914,0.623568237,960.9375,15.26870251,4,0.000432369,0.457479745,-185.8392334,169.7766418,-43.12531281,5.721989632,-39.7674408,-5.271148682,-41.69351959,18.01916695,-24.25151443,10.20637417,-11.6178093,-16.7785778,6.91223526,3208.351673,6664.381378,0.056540976,0.099690378,3662.943634,327.5109814,0.008021116,14,0.000333333,0.532791793,0.561894774,984.375,18.83124733,24,0.001103931,0.504205763,-170.510025,160.499527,-49.25534439,12.15776062,-44.73583603,-3.325339079,-34.12178802,29.88814545,-21.46870041,7.752455235,-12.23301888,-23.17128181,1.149839044,3016.703651,5915.33801,0.055305325,0.10770458,3549.540856,-191.6480218,0.008014202,15,0.001979167,0.517526329,0.579397261,1031.25,23.02194023,12,0.000523241,0.92068392,-169.9441223,159.0501099,-44.81009293,6.260140419,-45.28346634,-1.309230089,-23.23751831,30.26843452,-15.61751842,5.861144543,-16.42837906,-17.74255371,-4.997236252
5.5467,1,40,3440.254316,7220.089286,0.072228423,0.106798001,3709.97053,0,0,19,0.0013125,0.587402284,0.497383624,867.1875,23.17695808,2,0.02956954,0.615809202,-211.2319336,139.1616516,-44.4412117,1.167693496,-32.93068695,-3.14551878,-41.29766846,18.28573227,-10.42865849,26.05708694,1.104739785,2.430233002,7.784514427,2453.43868,4579.6875,0.047581845,0.138270915,3218.083512,-986.8156362,0.031472914,19,0.000916667,0.586484671,0.470533788,703.125,27.73501015,6,0.00028628,0.407215983,-176.7328491,173.8349304,-41.65370178,7.849172115,-35.95026398,-19.80501366,-48.86826706,7.751498699,-25.33620262,19.23819733,-5.704570293,-7.044629574,13.33930874,2677.393037,5210.044643,0.053780692,0.090506688,3284.509575,223.9543576,-0.047764227,21,0.0001875,0.445522934,0.624794602,492.1875,13.59690475,24,0.000314092,0.475428343,-191.8357697,174.2885284,-47.53011703,11.18165588,-34.57502747,-11.08109856,-40.71131134,15.60944939,-28.81097221,11.24747562,-13.16309166,-17.46364403,11.96357727,2822.194507,5382.142857,0.057859003,0.087857656,3264.642486,144.8014692,-0.002649032,19,0.000291667,0.510708928,0.579481065,984.375,17.33028221,24,0.000521411,0.458927631,-189.8783417,169.2667847,-53.68965912,6.291881561,-31.62529755,-7.592588425,-33.82197189,28.68217468,-22.90433884,6.507608891,-14.71411705,-23.7767067,3.345057249,2733.623399,5185.491071,0.055175781,0.101445064,3232.639938,-88.5711076,0.013587408,19,0.000229167,0.497561008,0.596000314,1054.6875,18.74518394,12,0.00032289,0.473466307,-189.467041,171.7398987,-52.07648468,7.676364899,-43.1170578,-4.620645523,-25.77313995,30.35243988,-18.63933182,10.20664024,-12.38992023,-21.87302589,1.313299894
5.2907,1,40,3571.129829,7492.265625,0.072036133,0.148161426,3803.864168,0,0,17,0.001895833,0.602808118,0.496077955,843.75,30.8880024,18,0.030545743,0.868996501,-170.9452515,139.9012146,-52.11368179,9.871373177,-34.93280029,6.853360653,-46.22626877,24.12085915,-10.4885788,23.94004822,-2.268303156,1.544997454,9.394037247,2576.927548,4946.484375,0.049428711,0.178217903,3361.040883,-994.2022805,0.030056477,17,0.000854167,0.586074591,0.469256938,843.75,40.21556091,24,0.000458761,0.605689049,-148.1288452,173.3053284,-44.6300087,3.250874281,-46.9032135,-14.56138229,-51.77146912,8.312147141,-26.90130424,20.59712601,-5.210819244,-9.053767204,16.02345085,2619.380455,4995,0.04980957,0.11138621,3370.500971,42.4529071,-0.066831693,19,0.000104167,0.456309974,0.602138162,515.625,16.89349174,24,0.000495503,0.599993825,-180.1109772,176.4845276,-42.36312103,14.32280254,-37.36849213,-9.849134445,-47.39442062,13.63632679,-30.24534225,13.63606453,-12.71044922,-17.33465576,11.37740135,2770.251517,5343.984375,0.053818359,0.122539327,3317.824563,150.8710614,0.011153117,16,0.001583333,0.507103801,0.568649232,1007.8125,23.21387291,24,0.000410398,0.525964916,-165.917038,166.5088043,-44.64859772,4.563425541,-44.7644577,-11.04442978,-31.6573658,19.91446114,-22.61112213,7.728576183,-14.8803091,-21.25500298,4.733697414,3088.661877,6167.8125,0.057255859,0.101830512,3574.648185,318.4103605,-0.020708814,20,0.000354167,0.568705559,0.523711145,1054.6875,20.26924515,12,0.000430698,0.339164436,-178.2128448,159.4549561,-47.1222229,4.750425339,-44.73742676,1.137161732,-25.30302238,27.48428535,-19.1392746,7.201312065,-15.01653957,-22.76677513,-4.097784519
5.12,1,40,4140.02503,8842.702964,0.093312057,0.108662426,4049.084497,0,0,16,0.001270833,0.591420829,0.522398889,796.875,20.94492912,22,0.03030514,0.718534172,-189.5112,124.7857971,-49.94967651,19.85639191,-42.4511261,1.651023746,-42.82389832,26.94830704,-15.26026535,16.92827225,-0.589800596,-1.778451085,11.73664284,2855.176994,5731.072809,0.059338756,0.144731283,3514.385823,-1284.848037,0.036068857,19,8.33E-05,0.509949625,0.565057158,867.1875,27.2964592,25,0.001252275,0.562359571,-150.4378052,168.6425629,-44.79167557,20.52760696,-44.25715256,-9.040696144,-54.63755035,10.51078987,-23.48383713,16.58555031,-10.77789116,-9.779403687,11.17332745,3018.355054,6270.376933,0.056303359,0.109473355,3547.362474,163.1780606,-0.035257928,17,0.000458333,0.474604219,0.599380195,914.0625,18.63070869,24,0.000708364,0.526167333,-160.4716034,165.8349762,-50.31123734,26.49819374,-48.39302444,-2.191738129,-45.03011322,16.60912132,-18.66357994,8.789358139,-18.93608475,-10.63412762,6.832708836,3094.241793,6160.679768,0.058538378,0.097469017,3494.501834,75.88673846,-0.012004338,17,0.000416667,0.490897596,0.612095654,1007.8125,15.84822273,28,0.000805237,0.450263053,-167.276947,160.8873444,-51.10767746,19.6509304,-41.0762291,-2.489316225,-35.54253006,21.86498833,-13.91493416,7.049191952,-19.84352303,-15.39581585,1.498732686,2955.196373,6029.96134,0.057410801,0.102420256,3443.032187,-139.0454199,0.004951239,18,0.001145833,0.536876023,0.557993591,937.5,19.17023468,11,0.000400383,0.454696387,-174.7840729,159.6575165,-46.67995071,18.52577591,-44.21996307,-2.036559582,-23.06226158,23.5251255,-10.03948307,9.68957901,-19.91513443,-17.79899597,-6.169538021
5.2053,1,40,4191.863883,8612.563776,0.09897162,0.111794367,3886.055533,0,0,18,0.001708333,0.576854348,0.525284648,796.875,20.92491722,25,0.031831697,0.576327562,-188.2490082,119.0516357,-58.60351944,28.44062233,-36.96677017,-3.719799519,-42.51783371,30.59332085,-19.36912346,24.15663528,0.895900786,-0.697664976,8.267989159,2974.896152,5937.340561,0.061234455,0.151414484,3563.839609,-1216.967731,0.039620116,17,0.000666667,0.49142465,0.583416581,867.1875,27.17380905,28,0.000379266,0.609203696,-145.4078674,168.6422119,-52.16290283,21.58895683,-42.47153091,-12.21531487,-54.6427269,20.40936279,-27.25694847,18.62147141,-8.046444893,-4.684074879,14.35450554,3057.488154,6344.866071,0.058912628,0.117210552,3545.520212,82.59200165,-0.034203932,16,0.000895833,0.448114812,0.616164804,914.0625,20.58799744,25,0.000726162,0.446437329,-156.6398621,163.2730255,-46.46933365,21.1192131,-37.58007431,-7.817974567,-44.50317764,17.82461548,-22.30567741,8.365452766,-12.37137508,-15.26130486,10.78433323,3057.075392,6117.1875,0.059854313,0.098625571,3514.89945,-0.412761792,-0.018584982,17,0.000270833,0.438115776,0.650530517,937.5,17.5512886,31,0.000444298,0.38993454,-179.1052246,160.08815,-46.93758011,20.84730339,-31.96565247,-8.41492939,-37.48826599,30.17128181,-16.71955681,8.959061623,-14.73072147,-16.58203125,4.436038017,3293.816628,6650.271046,0.062754106,0.095067091,3677.832304,236.7412362,-0.003558479,18,0.000875,0.543738484,0.544436932,1031.25,20.58729553,31,0.000583961,0.365754217,-174.041687,158.9624176,-49.97307587,14.68896961,-40.7069397,-0.56514895,-34.96492004,36.71962738,-14.18997097,6.77107954,-19.91340637,-16.92428589,2.36282897
5.0987,1,40,3422.779287,6708.740234,0.072672526,0.075662412,3608.470061,0,0,20,0.0005,0.544546008,0.547546983,796.875,16.12854576,25,0.026745073,0.343718916,-236.0713348,134.8842316,-58.13288498,3.23525238,-33.37740707,-21.32711983,-39.89160538,18.94321251,-19.59514427,25.02203941,3.480155945,0.311237216,9.501571655,3168.847366,6765.625,0.061818441,0.061233848,3743.216602,-253.9319209,-0.014428563,16,0.000916667,0.555790126,0.508000672,867.1875,11.58647156,7,0.000385814,0.51090765,-228.715332,158.8987274,-48.58534622,25.73254967,-44.44992065,-16.12291527,-55.49990845,18.48327255,-27.20081329,16.54006195,-9.280304909,-6.463571072,13.56504059,3141.669461,5992.675781,0.066889445,0.083530486,3503.132104,-27.17790555,0.022296637,18,0.001104167,0.467674047,0.607563913,937.5,13.70961761,28,0.000539977,0.603868663,-186.1208496,162.6794586,-60.21805191,29.20707893,-37.30962753,-12.40203381,-49.95951462,27.20665169,-24.40827942,12.53816223,-14.79200268,-12.84984303,9.859591484,3124.488708,6105.224609,0.060653687,0.094046861,3481.436525,-17.18075322,0.010516375,14,0.000729167,0.493866652,0.601508558,937.5,13.92414188,32,0.000578219,0.558873951,-169.8911591,162.1081238,-59.26566696,25.49832726,-38.98888016,-5.407791138,-42.06538773,31.9653759,-18.42699242,5.177491665,-17.84644699,-19.04070282,1.510380864,3218.505197,6355.46875,0.063618978,0.102458932,3464.098579,94.01648951,0.008412071,14,0.000979167,0.484872013,0.62442857,1031.25,17.49103928,32,0.000710727,0.492345572,-167.390274,158.5110321,-61.97599411,17.8974514,-34.10525894,-2.282868624,-39.21404266,39.39772034,-15.7327795,6.081132412,-13.7575531,-23.68049049,2.49569726
5.056,1,40,3658.311868,7682.072368,0.090702097,0.051940285,3722.070729,0,0,16,0.0016875,0.450350732,0.615497231,796.875,9.513700485,30,0.032421615,0.44976455,-283.0777283,125.400795,-49.66691971,14.42870712,-34.8991394,-13.43805122,-43.07430649,25.4558773,-17.93479919,19.35944748,3.014420986,-0.359124392,8.560145378,2883.252683,5591.447368,0.059960938,0.068794549,3408.967944,-775.0591843,0.016854264,15,0.0013125,0.513342381,0.550630987,867.1875,12.97547817,8,0.000345231,0.671745479,-234.9096375,162.5657349,-48.91545868,13.0180788,-36.01449585,-20.72781944,-55.79611588,16.09122658,-24.49033546,13.67127895,-3.798294544,-7.987512112,16.26110268,2719.600697,5287.006579,0.05703639,0.075191364,3340.701336,-163.6519869,0.006396815,12,0.000145833,0.470047504,0.589538872,515.625,11.57824612,5,0.000270977,0.501298249,-208.5543365,171.6477814,-51.52623749,19.17258644,-39.2077446,-9.272539139,-51.59592438,14.1821413,-23.82081413,6.897941589,-14.67027664,-14.24855328,10.82708073,3304.894608,6707.319079,0.065229235,0.070719913,3707.063861,585.2939117,-0.004471451,17,0.000770833,0.544199347,0.54816246,1007.8125,11.9530983,24,0.000629567,0.538246334,-202.3642273,160.8313293,-52.70347595,20.67598534,-39.42304993,0.576218069,-45.91909027,28.58800697,-19.17081833,8.602730751,-17.71775436,-17.02404213,3.193859339,3017.349507,6096.217105,0.057976974,0.093783699,3561.624305,-287.5451017,0.023063786,17,0.000166667,0.525924325,0.563899636,1031.25,17.58995056,32,0.000394995,0.48575291,-184.9799957,161.3063507,-48.07195282,10.40575123,-42.35206985,0.655026376,-37.03806686,26.90986824,-13.11447716,7.846528053,-16.88467216,-18.74142075,-2.561737299
5.0773,1,40,4040.448712,8028.808594,0.104278564,0.060665011,3778.225836,0,0,18,0.001166667,0.466370225,0.61571902,796.875,13.01983166,7,0.024224194,0.492015511,-263.2228699,114.5901566,-54.97702026,13.35887623,-31.42591858,-17.63359451,-36.29883194,22.09684563,-18.90165329,25.16022301,4.650929928,0.828913391,6.57365036,2750.06555,5312.255859,0.056543986,0.085237168,3320.67945,-1290.383162,0.024572156,17,0.000229167,0.589316905,0.464560598,703.125,16.95117378,7,0.000509271,0.566720247,-216.628006,163.1074982,-52.81766891,13.77974987,-35.11154175,-28.99502373,-58.70611572,11.83802319,-29.34998894,15.81094742,-3.433237791,-8.751752853,14.60130596,2769.648889,5134.765625,0.061676025,0.080097646,3230.175693,19.5833391,-0.005139522,16,0.001916667,0.46520263,0.594802141,867.1875,11.68440342,24,0.000502664,0.934335172,-208.5847778,172.1359406,-56.83892441,21.1795826,-29.5040493,-20.08099556,-54.05296707,19.61036873,-30.49750519,8.736211777,-12.86786556,-15.55213547,12.03908253,2874.660145,5086.914063,0.064931234,0.087080479,3211.592815,105.0112556,0.006982833,18,0.0016875,0.480534792,0.599252045,937.5,14.53902054,24,0.000466508,0.58973974,-184.943161,163.7701874,-60.96104813,14.99131393,-30.95139122,-15.37046337,-44.31077194,24.86602592,-19.54106903,5.690844059,-15.25328541,-21.07707405,3.601737976,3055.275913,5729.736328,0.065587362,0.090277471,3269.574912,180.615768,0.003196992,19,0.0015,0.491823792,0.604254246,1031.25,15.86476231,32,0.000565089,0.49833554,-186.2077179,157.1693878,-61.13111496,8.869140625,-29.9544239,-10.35819912,-32.64447021,32.2115593,-15.04393768,4.830485344,-15.80189228,-23.09998512,-0.068756402
9.8347,1,60,3277.961971,6522.466216,0.061167124,0.101591811,3526.030664,0,0,27,0.002458333,0.544819832,0.54961127,820.3125,18.61537933,29,0.016711358,0.588193119,-235.4372101,144.5731659,-38.5837326,16.28649139,-20.91934776,-12.26206207,-39.85427094,24.83033752,-17.64393234,20.81154633,3.312610865,-0.853765726,7.236938477,2166.885955,3724.788851,0.044668497,0.123497501,2784.410996,-1111.076015,0.02190569,27,0.000708333,0.493059993,0.569284797,726.5625,19.98956108,27,0.000129709,0.439921021,-191.6274872,188.2026825,-43.42736435,0.126534373,-24.09996796,-26.19056129,-40.04277802,17.70502853,-21.23931313,7.820869446,-10.75243759,-7.419090271,10.01103401,2192.348041,3755.447635,0.047793497,0.089159086,2669.653612,25.46208562,-0.034338415,28,0.002854167,0.517486632,0.574382782,984.375,16.97643471,32,0.000217861,0.414074212,-216.8137665,191.026947,-46.38785553,-4.936684608,-21.37121964,-11.97626781,-30.80543709,31.54137802,-9.62891674,0.732498646,-13.56021214,-20.27739906,5.954881668,2254.943098,3926.984797,0.046970017,0.081042781,2848.364804,62.59505655,-0.008116305,31,0.000125,0.518676162,0.571882963,1078.125,15.0032692,32,0.000239855,0.346660048,-222.7551575,184.3543091,-40.95912552,-5.272380352,-28.34080696,0.795831382,-19.88925171,31.50918961,-4.593037605,0.124943092,-15.57192802,-14.57079983,1.621526003,2338.621164,3913.935811,0.047883235,0.073427178,2894.380929,83.67806672,-0.007615604,26,0.000479167,0.506783187,0.608337641,257.8125,12.84445095,32,0.000228948,0.447320253,-222.4568481,185.0521545,-47.73970032,-5.558291435,-28.09264755,10.20759106,-15.65034294,29.63080406,-8.899622917,1.504514933,-20.13670349,-7.347765923,4.647668362
9.984,1,60,3317.20292,6505.900931,0.067011407,0.119132712,3459.385615,0,0,26,0.002979167,0.595823944,0.511903226,750,20.75248718,2,0.016376536,0.617373228,-207.4151459,149.039444,-47.48934174,16.05692482,-17.69576454,-4.873287678,-45.19265366,25.89068985,-20.56591606,22.01787186,4.090360165,0.098395534,10.21030521,2196.115708,3744.88863,0.047119141,0.124392085,2795.41667,-1121.087212,0.005259372,32,0.000625,0.498592347,0.561635673,890.625,20.08547592,24,0.000165671,0.586708903,-183.1433716,190.5623779,-50.28653717,4.011793613,-24.04374313,-21.29396629,-46.81069183,15.11810207,-22.35444832,9.510015488,-13.06295204,-6.712854862,7.568724155,2500.074456,4489.403258,0.052072079,0.109633408,2893.409304,303.9587477,-0.014758676,29,0.001770833,0.558438778,0.544355392,984.375,22.20565987,24,0.000245414,0.564976931,-185.4812164,183.9662781,-60.15452194,6.688086987,-31.8441658,-10.79589748,-30.33961487,27.8494873,-15.39763927,7.661750793,-19.20284081,-13.79013729,1.987365723,2481.443031,4432.928856,0.051401991,0.073523767,2833.020626,-18.63142548,-0.036109641,25,0.000208333,0.499169618,0.598369837,1101.5625,12.75648785,32,0.000246889,0.388405204,-221.7812042,179.9342651,-52.27751923,-3.269263983,-21.75359726,-8.801121712,-19.73245049,35.39286804,-11.56645966,3.580439806,-13.67741871,-14.11263371,4.820953369,2392.735204,4059.79887,0.050760472,0.080072157,2837.542091,-88.70782702,0.00654839,30,0.002208333,0.493424743,0.608715892,1101.5625,13.16183376,32,0.000181264,0.407180458,-213.1190948,187.371048,-54.71085358,-6.295958042,-21.09276772,1.656216025,-20.42302895,32.86380005,-18.68048668,4.975038528,-15.44573307,-18.07211685,4.673431396
10.0267,1,60,3505.786277,7047.123016,0.075086806,0.096994109,3633.796619,0,0,32,0.0025,0.574335814,0.539756835,796.875,18.57525253,22,0.01667133,0.518154681,-220.6025085,140.0697174,-43.38981247,16.94364548,-18.95893288,-3.73690033,-44.78183746,27.09405708,-17.55595016,19.75016212,3.333916664,-2.121737242,11.79002094,2349.133831,4216.641865,0.050292969,0.120729476,2969.502106,-1156.652447,0.023735367,32,0.002125,0.492644072,0.569385231,867.1875,21.47511101,28,0.000204581,0.434425771,-179.1128845,182.8681793,-44.95985413,2.974943399,-26.9442482,-19.92293358,-41.98141479,16.48727608,-18.8537693,9.445363045,-10.78393936,-6.912391186,10.24463367,2440.034816,4371.775794,0.052189257,0.10463313,2899.315856,90.90098562,-0.016096346,27,0.002479167,0.531041384,0.56548214,984.375,19.57642937,32,0.000359615,0.573518932,-193.3507843,188.409729,-53.79539871,5.644318104,-26.01685524,-11.96746635,-29.87695313,32.29382706,-15.30818844,8.655963898,-21.35515976,-13.31189919,4.360393524,2329.830617,4103.298611,0.048510355,0.095400721,2723.00888,-110.2041989,-0.009232409,27,0.001208333,0.536362827,0.563297033,1054.6875,16.41793442,31,0.000201638,0.488404453,-200.624054,191.0483704,-56.06970215,-4.816941261,-24.65715408,-6.479714394,-22.63108063,34.70141983,-15.52772141,4.327595711,-15.43732262,-16.81014442,3.61220026,2302.166006,3882.316468,0.04963676,0.083995044,2789.508086,-27.66461113,-0.011405677,29,0.002354167,0.486016423,0.607767284,1101.5625,14.13922882,32,0.000167735,0.374033809,-212.08461,187.3718414,-50.80165863,-12.94595051,-19.28635788,1.135510206,-17.34829903,35.86856079,-15.81120014,3.22516799,-12.88056183,-18.25797081,5.614303112
9.088,1,60,3599.244762,6937.774123,0.074878358,0.097396471,3597.102452,0,0,30,0.001291667,0.460401773,0.646691561,843.75,17.6989727,22,0.018011507,0.490465999,-206.8317566,136.8208313,-49.33996201,11.28862095,-30.03497696,-5.818953991,-45.72961044,18.1550312,-14.39083385,15.8198185,-4.989943981,-0.591986775,11.72338676,2760.720262,5516.995614,0.051497967,0.102499016,3441.106929,-838.5244998,0.005102545,27,0.0035,0.529451072,0.544921696,867.1875,17.27288818,27,0.000416122,0.67828387,-179.0587006,169.8206024,-43.57679367,11.69902325,-42.23563766,-7.528717041,-43.21376038,12.14773178,-23.41769409,12.82283497,-14.50841618,-13.5829134,6.986678123,2883.000218,5900.219298,0.054541872,0.106815986,3533.407986,122.2799561,0.004316971,29,0.0009375,0.554510832,0.539092302,984.375,20.3811264,31,0.000312387,0.438300252,-176.2268982,167.0635071,-41.58430099,5.131534576,-44.59037018,-6.172959328,-25.05589294,28.54699135,-22.64785576,10.87061501,-16.38344955,-18.95934296,-1.120690107,3077.334027,6149.808114,0.055578399,0.084146753,3440.317958,194.3338089,-0.022669233,33,0.000770833,0.479103714,0.631970823,281.25,15.67995262,12,0.00046678,0.320173293,-191.4988861,156.6649323,-39.74653244,10.30181408,-41.25522614,-6.338497639,-8.796393394,29.79156685,-17.48522568,4.111421585,-16.19427109,-10.82531834,0.501751125,3071.994975,6282.483553,0.05452474,0.079011627,3456.373083,-5.339052413,-0.005135126,28,0.000666667,0.501630306,0.620864868,281.25,17.01778603,13,0.000375342,0.40204525,-197.4897156,167.4965057,-53.71673965,15.18890095,-45.7877655,8.447465897,-7.959676743,30.69019508,-27.37553596,9.476820946,-16.22020912,-13.73098564,3.495495796
8.4907,1,60,3193.178714,6844.921875,0.067687988,0.120469674,3708.264407,0,0,27,0.001479167,0.548813045,0.524952471,843.75,23.75997543,7,0.019325895,0.566835821,-187.0213623,148.1313629,-42.61261368,-0.102177046,-38.34844589,-6.562895298,-47.63233185,16.37598991,-16.55330849,20.02537155,-3.006657124,-0.113678932,11.36678505,2545.531707,4886.279297,0.050369263,0.119658731,3292.368729,-647.6470062,-0.000810944,29,0.0011875,0.467121005,0.594053566,867.1875,18.63137436,8,0.000332786,0.469209582,-174.3301086,174.0197754,-39.9385376,8.344836235,-39.37137985,-12.66697407,-43.80726242,14.32562828,-25.40909767,7.246677399,-11.69223595,-16.05522156,9.787317276,2733.047125,5424.755859,0.051150513,0.095039979,3271.664135,187.5154179,-0.024618752,27,0.003083333,0.552999735,0.541302741,1031.25,18.99911118,23,0.000521598,0.762212157,-184.1082611,166.6497192,-43.70944977,7.349394321,-38.79159164,-6.745297432,-25.79567909,23.15951157,-15.10575581,3.629820347,-15.55565071,-17.99828911,-3.900981903,3239.58891,6684.960938,0.057913208,0.08266028,3629.538088,506.5417852,-0.012379698,24,0.000604167,0.507331192,0.605912864,281.25,14.59245014,12,0.000501391,0.27909416,-189.7755127,157.7277985,-44.97234726,11.73325062,-44.99087906,1.731209755,-17.24834061,30.57640457,-13.25308514,9.017601013,-16.61930466,-12.3941164,-0.404779822,3154.163568,6469.042969,0.057376099,0.075013876,3502.076,-85.42534238,-0.007646404,29,0.001958333,0.501280308,0.618406057,281.25,15.22357368,12,0.000389606,0.45672375,-199.4060974,162.6460876,-53.48058319,16.54170609,-45.40009689,5.175524235,-11.99561119,32.62608719,-21.25977707,5.782745361,-17.31781197,-11.1201334,4.916699409
8.8107,1,60,3296.545894,6664.015437,0.065076713,0.08202292,3585.95471,0,0,26,0.001270833,0.54605943,0.539287627,867.1875,16.93882751,7,0.018719684,0.483496517,-232.434845,148.0017548,-49.4018898,4.352578163,-33.40420151,-6.23187685,-45.60617828,18.13469696,-18.1324234,20.01885414,-3.758622885,0.102696247,11.76049805,2901.872284,5959.478539,0.052928511,0.092251316,3528.066913,-394.6736095,0.010228395,31,0.003,0.481962651,0.59526819,281.25,13.790411,8,0.000349939,0.66498065,-186.5958252,170.6578064,-46.818367,16.91127014,-37.3978157,-6.671789169,-46.47375488,20.34262466,-24.17864609,9.526532173,-14.05082798,-14.36716938,10.59509182,2878.759976,5800.357681,0.053855069,0.092402071,3380.404949,-23.11230805,0.000150755,28,0.003083333,0.56585294,0.537602961,281.25,15.79076576,11,0.000617491,0.626640916,-184.5726929,172.6110992,-53.45492935,14.71808338,-41.87319565,1.758406997,-31.38709259,32.59292221,-18.22804832,7.868702412,-14.70429134,-20.1206646,1.243642092,3202.932653,6693.665286,0.058126059,0.091770381,3610.101777,324.1726772,-0.00063169,29,0.002916667,0.503595114,0.604590476,1101.5625,16.72060394,32,0.000528076,0.529286802,-180.0080414,158.6469727,-51.17790985,17.14258957,-45.53252029,3.635538101,-20.29901123,33.61528397,-15.05342579,6.2004776,-17.6669426,-12.93279648,-0.916825175,2954.965724,5945.218373,0.051737222,0.091212593,3450.629868,-247.9669294,-0.000557788,27,0.0004375,0.479237229,0.639813006,281.25,16.8416214,13,0.000384239,0.453322411,-190.7732697,167.1577759,-48.92668533,8.935709953,-48.40226746,7.171865463,-14.77017212,30.3980732,-20.23677444,6.007388115,-14.8087616,-9.356286049,2.773788929
8.5333,1,60,2969.457003,6092.003106,0.060850155,0.131197587,3568.925435,0,0,25,0.000541667,0.545641184,0.534403563,679.6875,24.79723358,26,0.019133041,0.538176477,-185.3486633,156.5864716,-45.83880615,1.649786711,-40.17512131,-5.524828434,-50.70365906,17.42635536,-18.45340157,19.88806152,-4.686401367,-0.944824398,15.23561668,2822.671846,5679.153727,0.052327979,0.115515217,3503.202419,-146.7851564,-0.015682369,28,0.002083333,0.490127951,0.573511243,679.6875,17.37839127,28,0.000375591,0.375065118,-171.2481842,171.3868561,-40.25645065,13.00890732,-42.7296257,-4.686751366,-45.69093323,17.73380089,-23.07105255,10.47361755,-11.98495865,-14.89882565,9.15725708,2874.633823,5803.328804,0.054177989,0.112006292,3426.044885,51.96197683,-0.003508925,23,0.0025,0.52218616,0.569159508,1031.25,20.82658005,12,0.000464201,0.4051947,-171.934082,166.912262,-45.03830338,10.85139561,-45.01524734,-2.195866585,-25.60460472,28.90480995,-18.53384972,6.091025352,-15.62593079,-20.0900116,-0.737957656,3004.790562,6078.610248,0.055036272,0.076443128,3459.88364,130.1567391,-0.035563163,24,0.000145833,0.514534414,0.589290977,281.25,13.49653912,12,0.000502223,0.417450428,-201.0334625,164.5953522,-47.52554321,10.3508215,-43.47066116,0.598524392,-17.1755085,31.75289917,-16.92581749,5.382070065,-14.94555187,-12.84805012,-0.75413686,2875.14711,5614.955357,0.053741266,0.084165484,3295.46117,-129.6434527,0.007722355,26,0.001041667,0.474606276,0.625936568,281.25,14.87935543,12,0.000400101,0.452893704,-190.4545593,168.5624695,-51.94774628,9.172306061,-42.43247604,6.106831074,-11.45333576,28.61223221,-21.24070358,3.698668957,-13.92222977,-10.91758347,1.954581857
8.96,1,60,3341.716947,6550.018491,0.067882651,0.096291319,3644.580256,0,0,25,0.002708333,0.557787776,0.526682079,843.75,17.84927368,7,0.017914223,0.588975906,-211.2704773,148.0231781,-50.58042908,7.576663017,-33.51382828,-2.90580678,-50.47940445,19.53850555,-16.91420746,17.4993248,-3.66249156,-0.58556658,9.145608902,2709.73311,5665.634246,0.047972911,0.119933903,3385.869616,-631.9838364,0.023642585,29,0.000104167,0.486584157,0.57835114,867.1875,19.45139313,8,0.000307216,0.525482714,-172.6333313,175.0968475,-40.7205925,8.703357697,-38.32493973,-10.33947563,-46.14229965,17.2757206,-24.66880035,8.387661934,-10.71598911,-17.6375618,8.618161201,3086.019452,6174.325074,0.057013337,0.102619871,3521.23708,376.2863417,-0.017314032,28,0.0004375,0.558167875,0.543333113,1031.25,20.72720718,31,0.000444418,0.369627088,-178.1370697,160.8361969,-44.58734512,8.241754532,-31.79704857,-10.16409397,-28.60774231,37.87857437,-19.64375877,9.593107224,-11.95449352,-23.59685516,0.614392817,2954.212253,5648.992234,0.057929225,0.087516241,3396.038549,-131.8071986,-0.015103631,29,0.002604167,0.478178263,0.634719789,281.25,14.76594543,32,0.000478097,0.381573707,-193.679306,164.6419067,-52.82282639,8.81815815,-36.91459274,1.567145228,-21.59201431,37.65607834,-18.13025856,4.414250851,-9.872668266,-16.65571022,0.371579617,2939.628885,5845.22929,0.056863096,0.075429931,3351.310559,-14.58336826,-0.012086309,28,0.000104167,0.50682056,0.615372837,281.25,15.46358299,12,0.000326399,0.422557503,-200.4224243,169.7445526,-58.91025925,4.0263381,-34.25287247,11.02598286,-18.38739395,34.24303818,-21.9292717,5.40357399,-10.32659435,-14.25834084,1.010975003
8.6613,1,60,3404.305044,6967.551764,0.070824746,0.105468772,3700.52151,0,0,26,0.002041667,0.529252708,0.555702925,843.75,20.32480621,27,0.019142298,0.534561038,-207.2998199,144.3425446,-49.27746582,7.747113228,-35.51071548,-2.205913782,-48.87755966,19.63780975,-18.17027283,21.8938446,-4.549756527,0.034760647,14.21529865,2851.222035,5847.728144,0.051964508,0.10316664,3523.083269,-553.0830095,-0.002302133,29,0.0023125,0.481738597,0.588224173,867.1875,16.57110405,8,0.000407898,0.483706087,-177.5053864,167.3086243,-38.73291779,12.75783348,-41.72854996,-9.619338036,-40.47858429,19.70469284,-25.95854378,9.390231133,-7.507923126,-16.68125343,9.082428932,2874.810257,5861.10046,0.053357458,0.101632006,3482.492033,23.58822258,-0.001534633,30,0.001458333,0.540034533,0.551520824,1031.25,20.37551498,11,0.000448985,0.549757361,-177.5791779,166.6092529,-43.51981354,7.91188097,-45.07371902,-2.901159763,-29.38877296,28.68865013,-19.82655144,5.662288666,-10.88278675,-19.4705677,0.052154917,2946.468135,5896.041028,0.053564154,0.111155763,3477.971722,71.65787713,0.009523757,26,0.001229167,0.469567448,0.609960735,1101.5625,19.54057312,12,0.000425061,0.391940504,-176.3054504,166.0566101,-45.98480225,8.363040924,-46.72500992,-0.56877929,-21.79046059,33.37135315,-17.40527344,6.500000954,-13.27110672,-13.9070797,-2.201841831,3105.053025,6158.454755,0.055981595,0.071166784,3499.223432,158.5848905,-0.03998898,24,0.0008125,0.526587903,0.607822716,281.25,13.82855415,12,0.00041989,0.499828845,-206.9926605,167.9240723,-56.26552963,14.74504185,-46.32380676,10.0549612,-15.71928024,36.03799057,-22.47454453,6.653010845,-14.21706963,-7.512737274,-0.399312079
7.2107,1,60,3272.052828,6275.045956,0.074046415,0.143323809,3466.941561,0,0,21,0.0014375,0.570663571,0.516691625,703.125,30.96608162,24,0.022528891,0.58855921,-163.1254425,143.1480865,-64.54154968,20.23877716,-39.98506546,-18.02288055,-48.75857544,15.45508575,-29.39182663,21.91124344,-0.356489062,-0.330272228,8.454706192,2918.589325,5383.042279,0.061925551,0.103700824,3328.490854,-353.4635031,-0.039622985,16,0.001166667,0.462097496,0.605223894,914.0625,15.05856419,24,0.0003907,0.399436623,-168.9739685,162.1019135,-58.28312302,20.13443375,-29.76001358,-19.23599243,-46.10947418,16.80428696,-26.18216896,11.5015707,-14.75727081,-12.57712555,5.45501709,2878.834788,5180.204504,0.063501695,0.095289655,3176.773881,-39.75453732,-0.008411169,21,0.001625,0.517412126,0.565609276,984.375,16.50629234,32,0.000365139,0.586854339,-181.0545959,168.3587189,-66.8348465,15.58500004,-31.09610176,-14.33324337,-38.12802505,33.65510941,-19.66120148,9.045420647,-19.77516747,-17.78584862,1.21559155,3064.555567,5760.282629,0.064661363,0.079460099,3430.784111,185.7207786,-0.015829556,18,0.0005625,0.488525987,0.613683939,1125,11.46513653,32,0.000433414,0.440092176,-194.7845459,166.9729919,-65.60639191,6.703469276,-34.80690002,2.470530987,-33.06851196,40.89537048,-19.98891258,9.153633118,-15.69618511,-15.69239712,0.661142111,3102.819743,5739.430147,0.068822524,0.075216711,3411.370212,38.26417637,-0.004243389,17,0.0003125,0.453139991,0.66851896,281.25,10.59983253,32,0.000438443,0.431420207,-203.7160187,164.131134,-72.76048279,4.005024433,-30.63072586,12.29906559,-29.17601395,40.10171127,-19.76230621,11.82348251,-16.00382042,-14.35694981,6.243308544
6.8907,1,60,3216.310319,6445.853365,0.071428035,0.151984453,3536.879849,0,0,23,0.001104167,0.56970036,0.515515924,796.875,27.93421745,25,0.023617592,0.665526986,-160.5155029,148.9259338,-62.6677742,15.74239254,-38.93951416,-14.93972778,-51.12000656,16.75535011,-31.60105133,23.09070015,-3.857312441,-3.602509737,7.934792995,3038.526853,6036.598558,0.059840745,0.118264422,3492.07145,-177.7834663,-0.033720031,20,0.001125,0.506907105,0.560636342,914.0625,17.89212418,22,0.000353148,0.602705479,-163.0153961,167.8307953,-58.89519882,19.17954826,-39.53942871,-10.59236431,-51.01171112,14.97765827,-30.47596169,13.31970882,-18.90505981,-14.79137802,7.365122795,2891.624826,5584.435096,0.057035006,0.103137225,3336.051905,-146.9020265,-0.015127197,18,0.0003125,0.562645793,0.53310883,1007.8125,19.32308197,32,0.000411349,0.415766627,-171.8628845,164.1439056,-59.29164505,11.48134232,-36.36008835,-10.72724056,-35.61655807,26.2064724,-19.22009468,12.74444199,-18.74970245,-19.92878151,-0.310502142,2971.5911,5549.459135,0.063600511,0.106304422,3352.212232,79.96627345,0.003167197,20,0.001104167,0.497389793,0.616544664,1054.6875,16.7446785,30,0.000429731,0.367339343,-169.3803558,162.1395111,-65.71018219,2.977181435,-31.36204147,-2.728623867,-32.09160995,33.07966614,-19.51891136,9.407007217,-17.27427483,-17.70066071,-1.180380344,3241.408497,6548.076923,0.065564904,0.072060511,3679.534443,269.8173978,-0.034243912,24,0.002333333,0.47136265,0.637280464,281.25,10.02023697,32,0.00049299,0.554404318,-204.0413971,164.1914978,-64.0297699,0.236240208,-33.594841,9.045984268,-29.03922081,41.91415787,-25.00835037,12.78073788,-14.89209652,-16.77562141,5.644874573
10.4107,1,60,3032.365157,5708.585778,0.060245436,0.146463245,3231.679774,0,0,34,0.00375,0.630307496,0.467372328,773.4375,31.11699104,7,0.015891442,0.60585165,-190.9223938,156.8778839,-48.90257645,8.953119278,-22.96515274,-14.09954357,-45.7044754,20.84443665,-18.38796997,23.04560471,0.454257429,-1.256019115,11.71232224,2095.119993,3637.356505,0.045138612,0.108245216,2639.591886,-937.2451643,-0.038218029,34,0.000104167,0.46698603,0.591266155,703.125,17.20729065,6,0.000129318,0.474402159,-206.1357269,191.7808075,-46.93193054,-1.994201303,-24.06914902,-24.75139427,-43.11930847,9.363546371,-22.26963043,9.120013237,-12.48074532,-11.63952637,12.00772762,2346.827234,4156.329719,0.049705038,0.104007334,2806.899866,251.7072414,-0.004237883,32,0.001958333,0.537850082,0.540518522,1031.25,19.34919548,24,0.000181818,0.60716182,-195.7692566,183.5841675,-53.24899673,-3.215683937,-25.16175652,-17.5578289,-25.90563011,22.74622917,-16.70926285,9.897587776,-22.36793518,-17.12886238,4.192529202,2515.701003,4409.119898,0.052599849,0.084533036,2904.330252,168.8737696,-0.019474298,31,0.001208333,0.485375911,0.604647756,1078.125,13.72410488,33,0.000232788,0.487573355,-211.0950317,183.7734222,-58.62760162,-3.812463284,-30.67839241,-3.898859501,-26.10423851,32.97745895,-15.78632927,6.977529049,-15.87234974,-16.88180542,4.110298634,2748.908299,5032.007334,0.053957569,0.066650607,3116.400064,233.2072952,-0.017882429,28,0.001583333,0.497730672,0.601996243,1101.5625,12.08609104,32,0.000362902,0.45473963,-223.5569611,178.3743591,-57.08290863,0.142805532,-28.91526794,7.168065071,-19.17324448,35.14423752,-21.38128471,3.444526434,-14.6062994,-19.45220566,7.139502525
6.976,1,60,3741.950873,7345.59876,0.085154759,0.113558792,3705.665383,0,0,23,0.0010625,0.580046535,0.516724348,796.875,21.87901878,25,0.023895517,0.657812774,-193.286972,129.6107788,-57.47451019,20.11841011,-30.05465508,-11.7247715,-47.94812393,20.17871666,-27.24107552,23.20781898,1.586977959,-2.437231302,7.980375767,2909.103093,5560.770515,0.055514969,0.111856081,3390.355821,-832.8477797,-0.001702711,24,4.17E-05,0.493255496,0.577540755,914.0625,17.29582024,26,0.000371116,0.412466079,-164.530899,164.3875885,-54.81435776,22.80228043,-34.83712387,-17.03297615,-47.14561844,12.21951485,-28.3713665,14.27549839,-16.71504593,-10.80409241,6.699247837,3090.717819,5948.115458,0.064128847,0.106236957,3403.618317,181.6147256,-0.005619124,24,0.001229167,0.556091905,0.545487702,984.375,20.2217598,32,0.000391376,0.579324305,-160.9266815,159.047348,-60.36198425,17.4464798,-34.00693893,-13.21309757,-33.46470642,27.08926201,-19.43647575,14.69056225,-21.74044609,-17.93821526,0.770253539,3221.321689,6394.501431,0.066175155,0.109928891,3478.217828,130.6038704,0.003691934,24,0.0010625,0.480782241,0.615539551,1054.6875,18.31741524,32,0.000626171,0.476509273,-155.0392456,157.5112915,-65.5858078,12.90407658,-40.86144638,-0.997075081,-30.73444176,34.27120209,-17.88332367,8.265192032,-17.31438255,-17.66579247,1.773516178,3360.03158,6556.416985,0.066961623,0.085996903,3622.259012,138.7098913,-0.023931988,24,0.001145833,0.475236654,0.637413502,1125,12.43617344,32,0.00079936,0.514766097,-175.8302155,158.5277405,-67.64729309,16.20627403,-40.58135986,9.088105202,-29.2899456,37.29559326,-22.29051971,10.29808998,-17.08343887,-17.88302803,1.664190412
6.784,1,60,3728.421476,7879.760742,0.075901031,0.105998293,3890.824864,0,0,17,0.0019375,0.520318925,0.556597888,796.875,18.96599579,25,0.024296662,0.555954158,-183.8369751,135.030365,-59.96508789,16.89504242,-43.29355621,-8.877244949,-47.7484169,22.11381912,-23.94553375,21.40941238,-1.907818317,0.772264957,4.564930916,3426.469225,7297.302246,0.06634903,0.112448387,3798.171203,-301.9522506,0.006450094,22,0.000145833,0.489869773,0.574019313,914.0625,20.40694237,28,0.000866897,0.477923244,-157.2249603,155.0066833,-50.71800995,25.11253166,-44.74977112,-11.17694378,-48.50893402,15.61344147,-26.30357361,14.28909111,-17.96777725,-10.96326828,5.608077049,3401.889896,6655.151367,0.070228577,0.103449352,3579.34294,-24.57932941,-0.008999035,20,0.000229167,0.53896445,0.570477903,937.5,17.94926453,32,0.001315269,0.572673917,-158.9314728,153.0700073,-62.85807037,20.90172958,-40.84481049,-1.368755341,-33.24061584,27.97525024,-17.41050529,14.9785614,-20.93316841,-16.51731873,2.377746105,3607.550645,7281.005859,0.068164825,0.088021666,3742.152053,205.6607488,-0.015427686,22,0.002354167,0.482073694,0.624625504,1101.5625,12.93213654,32,0.001024841,0.4859716,-168.5199127,148.7875519,-63.39204407,19.12166214,-45.71357727,5.827430248,-28.16287613,33.87829208,-15.85581017,10.79740334,-15.78184891,-12.6420908,3.563920975,3780.660027,8016.357422,0.07327652,0.086330771,3968.856394,173.1093826,-0.001690894,20,0.000458333,0.469852835,0.64416045,281.25,12.20994949,32,0.000801047,0.528065264,-173.8003693,153.1503906,-67.5654068,14.66247559,-46.87836456,15.69465733,-32.62049866,41.07706451,-24.90784454,10.31247139,-16.78438759,-12.36989212,6.725420475
7.168,1,60,3083.126874,5970.833333,0.069375723,0.118724905,3504.947843,0,0,19,0.001208333,0.490757853,0.579132617,867.1875,23.16148376,25,0.022614162,0.562468469,-190.5575562,148.9625549,-58.50065231,3.781030893,-38.87654877,-11.29717922,-51.33144379,18.57238197,-20.74842262,20.88749695,-2.334518433,-4.335875988,8.408287048,2860.277649,5831.076389,0.055996817,0.104935877,3501.652253,-222.8492247,-0.013789028,23,0.002604167,0.447289795,0.609036267,914.0625,17.10386658,27,0.000633634,0.501008809,-181.4766998,170.7466125,-47.36992264,12.80569458,-35.29034424,-13.65424824,-46.71559906,10.38210201,-26.54276276,15.92971325,-20.60370827,-13.9054842,10.40820313,2755.493069,5083.333333,0.059320747,0.096663341,3244.139017,-104.7845806,-0.008272536,24,0.002625,0.53007549,0.554641485,1031.25,17.48601532,31,0.000453463,0.673394263,-183.3274078,170.6908875,-55.49212265,9.407791138,-39.88825989,-10.14198208,-34.00672913,25.29249191,-19.92454338,14.20189667,-20.41188812,-20.96025276,6.749489784,3146.235871,6421.354167,0.063606771,0.075787522,3539.349014,390.742802,-0.020875819,19,0.0008125,0.529001594,0.565034747,1054.6875,12.63808632,32,0.000860421,0.539492965,-191.8313293,163.5187836,-60.4042511,12.0399456,-41.77541351,4.291236401,-27.82459068,33.66048813,-18.72092819,12.78885365,-17.10533142,-18.87073517,2.734197855,3191.139101,6275.868056,0.06927445,0.069856711,3525.128161,44.9032298,-0.005930811,19,0.000291667,0.491129935,0.604640782,281.25,9.746706963,12,0.000538788,0.545082808,-200.706131,166.0133057,-64.53757477,4.459899902,-36.26798248,8.976601601,-22.24307442,39.10439682,-28.57670593,11.78440762,-15.16404819,-17.73634529,7.137931347
13.5253,1,80,3037.146913,5603.131152,0.064835676,0.084306791,3236.60444,0,0,47,0.003729167,0.530882895,0.556958377,867.1875,15.36492062,7,0.012267052,0.465465575,-237.7355499,147.5336914,-45.83176041,11.32488441,-20.0272522,-13.78592873,-46.00156784,18.8908577,-15.63483143,16.56425285,2.821903229,-4.363711357,10.26424122,2425.174288,4265.994094,0.05092735,0.084483035,2869.355965,-611.9726253,0.000176243,46,0.003604167,0.515496194,0.568013668,960.9375,14.97384071,24,0.000187347,0.433562517,-213.0645905,184.5883026,-55.97834396,6.920366764,-24.71405602,-18.53867722,-39.13907242,23.81851959,-20.05801582,7.207516193,-14.47289658,-16.33218956,8.576372147,2654.95143,4920.029528,0.054087721,0.095476687,3062.48324,229.7771426,0.010993652,45,0.0008125,0.4943223,0.598481119,1054.6875,18.77906418,31,0.000228507,0.361695796,-191.9246063,170.5285339,-54.21112061,-5.110527515,-20.37971306,-11.22500515,-24.97190666,32.26117325,-16.07660294,7.112026215,-16.17055702,-21.35467148,4.599480629,2552.99285,4373.12377,0.05642532,0.082518935,2966.545506,-101.9585803,-0.012957752,42,0.003479167,0.432777911,0.6647048,1125,12.57753468,12,0.000241868,0.436729759,-203.8566284,180.5946198,-58.01187897,-13.8105793,-16.50518227,6.69574213,-20.95336342,33.41367722,-23.44900322,6.416421413,-12.6624155,-20.42585373,6.108877182,2767.025973,4979.176919,0.05624654,0.065715261,3162.085341,214.0331229,-0.016803674,37,0.002958333,0.467794567,0.654532075,257.8125,11.73138237,12,0.000274651,0.406902164,-214.6378784,175.6723633,-59.47853851,-9.899817467,-9.009638786,13.20612144,-21.50311852,25.09856606,-23.19966698,12.25594997,-14.79358673,-15.79296494,8.469576836
13.6107,1,80,3293.823607,6605.804443,0.065355301,0.120303378,3582.412038,0,0,44,0.002,0.544437528,0.541918695,867.1875,21.88440704,8,0.012133785,0.568853199,-202.2167358,153.4178467,-40.96915817,9.046439171,-28.18667984,-7.320531845,-48.96200943,18.91117096,-22.28873253,23.36224556,0.089900017,-3.408201218,12.76561928,2394.290971,4151.733398,0.048704147,0.099516049,3029.680829,-899.532636,-0.020787328,50,0.004333333,0.529270768,0.55890739,960.9375,17.03603745,23,0.000159975,0.609170973,-199.1726074,183.4628143,-45.97042084,-4.977063656,-30.30207443,-10.66040802,-38.954216,18.90101624,-24.28264999,11.38079453,-15.99283695,-24.00494194,9.824176788,2546.0849,4623.779297,0.052883148,0.086752445,3054.837597,151.7939286,-0.012763605,50,0.001791667,0.51490289,0.574231684,1031.25,16.77286339,32,0.000236752,0.331263602,-210.8672943,175.5571899,-47.38105011,-10.13375473,-29.56433487,-6.59532547,-23.31431198,32.40282822,-17.03608704,4.720883846,-11.85429764,-22.09632874,2.523646832,2686.472198,4946.868896,0.054191589,0.063250855,3133.264791,140.3872979,-0.02350159,44,0.0048125,0.473538667,0.634317636,257.8125,9.683334351,12,0.000363363,0.48753196,-227.5897827,182.7735748,-58.95714569,-2.162231922,-30.03410339,13.2458868,-26.33153915,34.13017273,-23.53888702,4.714109421,-11.9481287,-17.66251373,2.971054316,2611.756837,4617.828369,0.05119133,0.054954745,3111.888018,-74.71536054,-0.00829611,34,0.002520833,0.497357696,0.629189789,257.8125,11.70189285,13,0.000505188,0.408043653,-237.9697723,182.8397827,-56.44839478,-4.590713978,-16.86891937,20.88305855,-23.64449883,25.07373238,-21.63282394,6.896348,-12.08739662,-12.00002861,4.607078075
13.4613,1,80,2920.14043,5400.907856,0.062276124,0.068892442,3243.171839,0,0,47,0.005208333,0.546029091,0.541407228,726.5625,12.95617485,6,0.012566552,0.973347723,-272.4139709,146.4513855,-36.69588089,1.237825274,-15.38807964,-20.03942108,-42.23678207,10.94321346,-16.32731819,18.340662,-0.69686538,-2.446224213,9.506287575,2179.59846,3700.531126,0.044916085,0.097972445,2807.3564,-740.5419699,0.029080003,48,0.004229167,0.501458168,0.564408958,937.5,16.2614975,28,0.000187533,0.491425514,-213.4596405,189.8604736,-45.96356201,-10.034935,-27.25647545,-19.6001358,-38.18432617,13.39371872,-26.54990387,13.27654457,-15.79877853,-20.07086563,11.48877525,2453.45218,4365.859684,0.055168061,0.078632668,2953.775691,273.85372,-0.019339778,46,0.000666667,0.482090741,0.603734851,1031.25,13.97642994,32,0.000242576,0.398970425,-221.7718048,184.3767853,-55.37291718,-13.46772671,-26.64587975,-7.704703331,-29.11083412,32.67483521,-21.07422638,7.860558987,-13.14513969,-21.82263947,4.551178455,2462.103393,4215.044466,0.053423373,0.070219398,2947.569181,8.651213169,-0.00841327,44,8.33E-05,0.422835141,0.658352613,1101.5625,10.93429852,13,0.000250592,0.328086793,-226.5539856,181.4601288,-53.13748169,-18.85831261,-22.82491493,0.503666937,-20.03573227,29.89971733,-24.24390602,0.31866321,-12.69726563,-18.81183815,4.003347874,2707.728934,4841.001729,0.058531991,0.066460125,3238.95221,245.6255413,-0.003759272,42,0.0035,0.416083843,0.673408329,257.8125,8.964334488,15,0.000256585,0.364333332,-226.6425018,183.1855164,-59.62617874,-17.04802895,-20.25030518,19.73094749,-27.37484741,27.18404388,-28.43932533,10.5928812,-13.78311729,-17.49762344,9.100857735
13.0773,1,80,3001.070813,5737.328506,0.062656806,0.118584119,3307.612345,0,0,43,0.003333333,0.576209605,0.502326071,867.1875,21.80543709,25,0.012641696,0.644308865,-208.7930908,154.3459625,-46.74724579,16.03004456,-22.72120857,-11.92072392,-48.19694138,16.63337517,-19.70984268,22.82947731,0.237396985,-1.370272875,10.79188061,2482.045629,4586.413872,0.049008749,0.099422783,2977.410465,-519.0251841,-0.019161336,47,0.001416667,0.463312089,0.607825577,960.9375,16.6584034,4,0.000238211,0.363849282,-193.555069,178.6946411,-49.01628494,4.026946068,-28.18596458,-13.85540009,-34.79777145,11.5226078,-19.65260506,9.932672501,-16.45020103,-15.24687004,5.594966888,2502.304421,4564.596037,0.051138529,0.078848757,2967.531813,20.25879156,-0.020574026,40,0.001375,0.50322032,0.584637702,1031.25,15.68413925,11,0.000340163,0.334593683,-218.9684753,178.0721741,-49.47074127,-6.111190796,-24.72808647,-12.19149971,-18.01327896,32.95500565,-17.25844955,8.698186874,-15.08521652,-18.95315742,5.573181629,2580.779788,4588.605183,0.055175781,0.074381374,3027.057113,78.4753669,-0.004467383,43,0.001979167,0.456716239,0.638827384,1125,11.52667904,32,0.000304069,0.364520133,-215.324234,182.349884,-60.01407242,-4.220882893,-26.17895699,6.552940845,-18.86502457,34.68104172,-20.62514687,9.559000969,-14.16843033,-17.19250298,4.818812847,2665.955706,4797.541921,0.056775597,0.065240428,3155.396708,85.17591879,-0.009140946,43,0.001958333,0.422584802,0.675771832,281.25,9.723556519,13,0.00032925,0.284069657,-223.5046539,178.2445374,-50.81215286,-17.83183861,-13.42148399,14.15076256,-19.41278267,28.60293961,-21.37362289,1.968907356,-12.9612875,-11.30007553,2.603546858
13.12,1,80,2887.078965,5611.905364,0.055061124,0.139086679,3366.501023,0,0,39,0.002354167,0.571465611,0.509213388,726.5625,25.43033791,7,0.012539363,0.5573681,-195.2241974,158.633316,-39.22869873,3.5742836,-22.85762024,-8.525269508,-46.74380493,14.94658279,-17.20051003,20.66226006,0.577113867,-2.237820625,11.63521957,2274.406066,4021.666245,0.047958312,0.111399025,2881.687315,-612.6728986,-0.027687654,43,0.003125,0.524955511,0.553212881,960.9375,19.05032539,28,0.000241649,0.460906267,-190.5778656,188.3561554,-44.87340164,-6.177961826,-25.45066643,-13.26435566,-35.93118668,16.65923882,-21.91638756,13.81565475,-13.07287502,-20.05144501,11.40040493,2367.462207,4148.4375,0.049640609,0.089417212,2934.27129,93.05614084,-0.021981813,43,0.004770833,0.534304082,0.554135799,1031.25,17.12284851,32,0.000193472,0.346769303,-210.6277618,182.0530701,-47.45239639,-8.902103424,-27.36614227,-5.812119484,-23.0439415,33.45554352,-15.57540131,6.243331432,-11.25224972,-21.0198555,1.514907122,2588.931253,4628.004808,0.052477385,0.076885097,3112.623902,221.4690459,-0.012532115,35,0.002208333,0.447376311,0.655418277,1101.5625,11.05912971,12,0.000276613,0.443101496,-216.213913,181.2384491,-50.48809814,-10.84929943,-22.25726318,7.019955158,-19.22724533,35.18489075,-22.73836517,6.236583233,-12.67957306,-18.74080276,4.469536781,2667.43909,4787.702429,0.054396903,0.070003659,3183.616215,78.50783697,-0.006881438,39,0.003958333,0.443905294,0.664404571,281.25,11.43058395,13,0.000261743,0.3576805,-222.9651794,183.407074,-57.3866806,-14.18210506,-19.64546204,23.76000214,-21.07711029,32.06422806,-20.97357559,8.815844536,-12.24656105,-11.83443451,2.730821609
12.9067,1,80,3045.904857,5711.709105,0.068590455,0.117446683,3243.392346,0,0,37,0.003166667,0.521082938,0.555068135,867.1875,19.96722984,26,0.012871016,0.570145488,-203.0183868,156.8912659,-48.93700027,12.44599628,-20.33452415,-12.38196468,-45.10902405,18.50489807,-20.02554703,20.69248009,-0.375419974,-2.366556168,11.49656296,2107.584796,3486.689815,0.047407488,0.131744966,2604.096946,-938.3200609,0.014298283,46,0.004833333,0.472521186,0.599171817,960.9375,22.59129333,23,0.00011514,0.349619061,-185.8468933,191.9953156,-50.32458878,-5.816556931,-26.75104904,-19.31274986,-34.19704437,12.50650406,-18.02502632,10.65927219,-18.00196838,-15.45649242,6.569016457,2470.585886,4262.152778,0.053644628,0.083427861,2874.938299,363.0010899,-0.048317105,41,0.002958333,0.530046165,0.565394461,1078.125,14.89012337,32,0.000316406,0.376845509,-211.2282715,180.5201263,-57.53522873,-3.108731747,-28.26268005,-8.550778389,-19.93875313,29.10364914,-17.34833908,8.908008575,-18.83244133,-17.95192719,4.105638981,2612.582356,4764.564043,0.053339201,0.055141058,2992.766466,141.9964701,-0.028286804,42,0.002708333,0.453856081,0.64925462,257.8125,8.656770706,32,0.000354378,0.337503463,-245.6837616,181.4910583,-58.01610565,-2.755158901,-26.02166176,6.92992115,-19.07245827,36.6268425,-17.47385788,3.85036993,-13.15057564,-17.08275795,10.0915184,2629.730039,4699.749228,0.05324476,0.05019258,3079.001237,17.14768344,-0.004948478,46,0.003604167,0.499610901,0.624280035,257.8125,10.16237926,14,0.000287416,0.583754957,-251.9698639,188.7939453,-62.533638,-6.788366795,-17.29699898,25.00640678,-29.67122459,31.7633934,-17.26482201,3.453735828,-16.63819122,-9.960585594,4.899590492
13.6747,1,80,3120.127527,5945.099708,0.065349891,0.128497675,3301.936085,0,0,44,0.003020833,0.546468437,0.54474926,867.1875,22.43538284,29,0.012334285,0.484492958,-186.8839874,151.2728577,-46.44504547,25.4751091,-31.95618439,-15.15768337,-39.85861588,18.64135551,-20.27713776,16.02425766,4.068321228,-1.718501806,8.091007233,2857.196767,5635.578794,0.05416122,0.120816328,3375.278224,-262.9307606,-0.007681347,50,0.0031875,0.503265858,0.582575083,984.375,20.90090942,24,0.000322699,0.485634625,-164.806778,171.2265167,-51.1678772,13.84706497,-36.52833557,-8.504982948,-40.6963768,26.46753693,-19.39778709,7.438813686,-15.19579983,-13.74173164,4.710952282,2994.353674,5923.486138,0.05703581,0.091615379,3448.67963,137.1569071,-0.029200949,42,0.0004375,0.507465005,0.595795333,1101.5625,14.90314007,31,0.000383121,0.447453558,-185.3439636,167.0782013,-52.31612778,4.161644459,-33.3288269,4.28822422,-29.76058197,36.05022812,-14.69096184,7.608451366,-15.05915451,-20.11973572,5.071485519,2800.752278,5291.40321,0.054731198,0.073117808,3237.47909,-193.6013955,-0.018497571,45,0.000958333,0.456737161,0.652889729,257.8125,11.86821747,32,0.000392947,0.377148956,-211.3318939,176.3919678,-55.08380127,-3.595399141,-21.42638588,12.50330925,-27.38387108,37.81258392,-17.6031208,1.47374332,-12.58205795,-19.27447891,8.089698792,2564.919173,4686.679232,0.050853447,0.060710974,2981.421168,-235.8331055,-0.012406833,42,0.000416667,0.503563941,0.628971457,257.8125,13.41240406,33,0.000257244,0.404252648,-237.5723267,190.601944,-58.65189362,-6.401757717,-14.24572849,22.78912163,-29.1617012,32.75840378,-14.41827679,1.793848634,-12.10244942,-13.8753376,8.594607353
11.8613,1,80,3843.23247,7525.74972,0.090964826,0.141336918,3736.623356,0,0,40,0.002729167,0.540696323,0.540142417,867.1875,31.22966003,28,0.014615192,0.495438278,-164.6261139,134.9541779,-50.58078766,10.95807266,-40.59579086,-6.759246826,-47.94042587,20.93887329,-10.08844757,15.36537552,-1.729518175,6.156002998,13.13045216,2857.080082,5534.297926,0.059681982,0.113879696,3379.037509,-986.1523879,-0.027457222,38,0.000479167,0.514666915,0.561090529,984.375,18.83533669,24,0.000291386,0.520615697,-163.6844177,167.0371704,-52.17234421,5.188483238,-35.03320313,-9.946652412,-40.86070633,25.23077011,-15.93775654,8.462789536,-14.46552563,-10.95973969,5.380009651,3222.917372,6663.607063,0.066723742,0.100673735,3615.284742,365.83729,-0.01320596,34,0.0023125,0.481690943,0.598936141,1078.125,20.0117836,33,0.00071479,0.418895304,-172.7155151,157.394516,-54.0831337,1.636431098,-42.19039917,-4.186970234,-27.79765701,34.40667343,-19.72877312,11.04182339,-13.97594929,-16.14278793,7.829630852,3344.856963,6650.784753,0.073975704,0.068222143,3546.767681,121.9395908,-0.032451592,40,0.000541667,0.405271143,0.671639621,1125,10.0819006,11,0.00073644,0.273379534,-206.3507233,152.6443329,-58.52718735,2.026945353,-40.35612488,6.765610218,-18.95973396,31.54354286,-21.79519463,5.52084589,-8.255236626,-9.270494461,8.99770546,2919.473677,5445.69787,0.069184855,0.055940993,3126.758207,-425.3832859,-0.01228115,36,0.00425,0.420282811,0.65167433,468.75,6.892234802,15,0.000415409,0.488204181,-223.0281372,171.6921539,-70.12949371,4.816500187,-29.83481216,16.38740921,-17.65230942,24.20235062,-23.36654854,8.865159988,-7.206831932,-9.695925713,9.51147747
10.3467,1,80,2725.3437,5040.144231,0.062560096,0.130921245,3112.435869,0,0,29,0.000770833,0.520967603,0.545673013,867.1875,23.16897964,25,0.015701035,0.476441801,-172.1429749,159.2654877,-55.40913391,14.01870728,-33.3382225,-25.76837921,-47.05147171,14.20716763,-23.3237915,14.60088634,-3.162718773,-8.791888237,11.05949783,2748.801499,5005.408654,0.059888321,0.083090067,3164.536692,23.45779859,-0.047831178,26,0.003541667,0.488573641,0.593676269,1007.8125,13.30239105,24,0.000377481,0.398996353,-194.1566162,165.0919647,-56.37075424,12.00566769,-29.35095215,-13.94376087,-37.75665283,23.13475037,-17.69614792,3.537100554,-13.83214664,-19.13129997,0.270232528,2870.360349,5392.548077,0.062913161,0.081845753,3229.601273,121.5588501,-0.001244314,28,0.000604167,0.451539814,0.644490063,1031.25,13.02569962,31,0.000368069,0.366339415,-198.6268768,162.646347,-61.21058655,3.259209394,-36.24555206,3.22673893,-27.74370193,31.94519043,-7.220563412,6.779899597,-13.39822006,-14.53440475,0.204099208,2973.238634,5536.778846,0.065036558,0.071708992,3280.040657,102.8782849,-0.010136761,32,8.33E-05,0.462770253,0.647229314,281.25,10.54257965,32,0.000501617,0.482491672,-195.8782501,163.2081604,-65.63007355,8.92323494,-32.83039856,18.61285782,-17.86133575,26.7660923,-14.02048779,8.602221489,-18.35172844,-12.43693638,4.009052753,3152.049881,5979.807692,0.065169271,0.066564798,3270.019169,178.8112472,-0.005144194,25,0.003333333,0.472867519,0.665730119,281.25,12.37513351,12,0.000499824,0.511764765,-204.2708588,161.7059326,-71.7261734,13.2975359,-30.11347198,21.5272007,-15.40381336,17.46175194,-19.83707047,14.58373928,-21.58595085,-12.68303776,10.7944212
9.7493,1,80,3106.131924,6071.977459,0.066152771,0.100035258,3542.166129,0,0,28,0.002395833,0.506184995,0.556589246,867.1875,18.77858543,7,0.016896429,0.484108955,-204.8777313,151.7795563,-53.23889923,7.202564716,-36.83337784,-16.62728119,-46.45494843,14.62446499,-24.93776703,20.49577904,-5.710744858,-3.054522753,9.709486961,2669.645476,5082.095287,0.05379632,0.090778932,3207.978246,-436.4864483,-0.009256326,29,0.0005625,0.526217222,0.553251982,984.375,14.61048412,23,0.000280717,0.497450739,-191.5244598,176.1489716,-54.56690598,14.04810905,-33.92706299,-11.4634285,-38.23029709,19.1890564,-23.23878479,14.93543911,-19.68284988,-18.35324669,5.890419483,2787.25696,5027.407787,0.0591434,0.087470047,3241.733021,117.6114835,-0.003308885,31,4.17E-05,0.512479544,0.586135447,1078.125,13.6668272,32,0.000332869,0.488004506,-191.700943,176.0475922,-64.33908844,7.52791214,-36.30888748,-0.743021309,-30.85946274,35.84698105,-20.53938103,12.56487465,-18.63387108,-16.11966133,2.930475235,2762.346214,4908.939549,0.062249189,0.077786542,3208.029459,-24.91074597,-0.009683505,29,0.001583333,0.476101637,0.633770049,1148.4375,11.68963718,32,0.000305619,0.370663971,-207.4479218,170.8278656,-64.26660919,-7.087007523,-26.50769043,7.517119408,-20.48537064,34.41067886,-19.7520237,15.62167263,-12.86325741,-14.12222195,4.341328144,3104.044271,6143.442623,0.067705665,0.067218058,3501.34497,341.6980572,-0.010568485,29,0.003666667,0.499817222,0.612881422,281.25,10.42787457,13,0.000448128,0.699341834,-206.9779358,168.733078,-65.21412659,-4.839992046,-27.5767746,24.24042702,-22.61580467,29.0062542,-23.53832626,19.00370598,-16.64216805,-16.73456955,12.66915989
11.5627,1,80,3302.484111,6730.882776,0.070357503,0.114600904,3737.524739,0,0,35,0.003291667,0.553852379,0.520435095,679.6875,20.72505188,6,0.014397084,0.480741024,-187.9333801,149.31427,-45.66121674,9.609711647,-34.44268417,-8.344463348,-50.45618439,18.76624298,-25.37650681,18.14673615,-2.363893747,-2.54962182,9.025918007,2844.914195,5351.526498,0.057416925,0.106204487,3382.338045,-457.5699157,-0.008396417,41,0.003958333,0.508629322,0.584914684,1007.8125,17.03226852,24,0.000292146,0.606855154,-170.151062,167.4608307,-48.69438171,7.781019211,-32.52111435,-7.894515514,-36.66640854,26.14652443,-21.35866928,8.504768372,-14.30866241,-18.34973335,5.034198284,3002.464675,6009.396601,0.058472242,0.093683355,3454.991682,157.5504797,-0.012521133,37,0.001020833,0.486107677,0.617620647,1031.25,16.61471367,11,0.000357758,0.402438074,-183.2875214,161.6724854,-48.78993607,5.485537529,-40.73132324,1.882689834,-24.47148895,35.04487228,-15.71921444,5.828634739,-9.945219994,-19.1497612,2.661878109,3121.74011,6261.592742,0.056897141,0.068706647,3501.594804,119.2754353,-0.024976708,37,0.000958333,0.533884764,0.600987017,281.25,17.16983986,12,0.000452319,0.516960323,-204.8228149,163.6132202,-59.50065613,13.3840971,-42.69262695,17.27674866,-15.92265129,29.16403389,-21.19104195,9.575545311,-18.468853,-12.59124088,2.37882781,3331.857153,6790.826613,0.055949831,0.061955422,3625.204579,210.1170431,-0.006751224,35,0.001791667,0.56376344,0.615399182,281.25,19.08849335,14,0.000694058,0.510079205,-210.9488068,159.7431793,-61.4017601,16.18519974,-32.12713242,22.98893356,-18.22498131,30.3989048,-21.86148071,9.10789299,-12.51053715,-7.968196392,3.434147835
12.3093,1,80,3220.929694,6704.13961,0.062381629,0.125400349,3643.802972,0,0,41,0.002,0.565380931,0.513017178,867.1875,22.03426552,27,0.010804674,0.502231419,-179.9002686,155.9454803,-45.71214294,11.55248451,-42.95388412,-1.706905723,-48.95578384,15.86852169,-18.60482979,14.23232555,-3.526658773,-4.465386391,10.13195324,2955.224937,6043.93263,0.054955949,0.112953976,3522.91549,-265.704757,-0.012446374,38,0.001770833,0.512056589,0.583781183,1007.8125,18.63963509,24,0.000357335,0.517266512,-169.9093933,163.4579315,-41.7640152,11.48863697,-40.3637352,-4.828562737,-34.79951859,27.12672234,-19.83699417,5.253704548,-14.95105171,-18.76479149,0.945756674,3045.212813,6141.436688,0.056207302,0.09838669,3497.511765,89.98787612,-0.014567286,41,0.004270833,0.515307546,0.59428972,281.25,18.5521183,12,0.00044408,0.421665817,-178.8650208,157.1779785,-45.27972794,6.956030369,-45.84437561,1.393503904,-19.17604637,31.63816833,-13.75260448,1.444061041,-12.28938198,-14.01782513,-3.681940794,3181.108088,6401.582792,0.055877553,0.077364191,3503.464748,135.8952754,-0.021022499,39,0.003770833,0.515081346,0.635909736,281.25,19.63486099,13,0.000454768,0.46601373,-194.1404266,162.1276703,-59.34971237,15.28883553,-42.07873535,16.72676468,-16.51497841,30.86564445,-21.2768364,5.530444145,-15.51758862,-11.14686203,-0.00277961,2962.229841,5807.62987,0.049561604,0.068949826,3282.46081,-218.878247,-0.008414365,38,0.0010625,0.555613577,0.623185039,281.25,21.55152893,12,0.000560374,0.479246676,-211.8162231,170.2018433,-61.14821625,15.41379547,-32.19553375,18.99766159,-14.23156071,25.78517723,-22.162714,8.224664688,-14.40093327,-9.454676628,3.764623165
10.6453,1,80,3140.910175,6294.84375,0.066616211,0.140157759,3551.962934,0,0,31,0.002979167,0.540435076,0.525330365,867.1875,25.13415718,25,0.014300886,0.542946696,-166.634613,155.0087128,-58.01878738,10.24273968,-35.96091461,-15.08449459,-52.00599289,15.42239666,-25.63167191,20.96025085,-8.944151878,-4.242310047,8.58569622,2939.449249,5558.4375,0.06282959,0.100505523,3327.881397,-201.4609261,-0.039652236,32,0.0024375,0.456183434,0.630188823,937.5,15.93494701,28,0.000409039,0.409152478,-178.1665649,168.0110474,-58.87434006,13.34397984,-31.73575592,-8.884900093,-39.10609436,21.02974319,-23.98688507,13.75876427,-19.92712784,-16.90499115,6.784257412,2836.100447,5310.585938,0.058320313,0.104570389,3231.669001,-103.3488016,0.004064865,34,0.000791667,0.480974227,0.605346203,1031.25,17.53213882,32,0.000477552,0.44237563,-178.3106995,166.8636475,-58.55474472,3.425705194,-36.4044342,-7.947061539,-26.36207962,31.36292076,-17.86640167,12.22426033,-16.91847229,-17.60026932,0.885647058,3156.190548,6278.203125,0.065319824,0.073799208,3539.394193,320.0901011,-0.030771181,33,0.000270833,0.451821387,0.647576928,1125,9.623191833,12,0.000495862,0.461555243,-199.4818115,166.2493134,-62.13964462,6.464166164,-36.20235443,10.30868435,-24.54592323,35.63222122,-28.51636505,9.629572868,-15.00512791,-18.89137077,5.360892773,3363.152692,6779.414063,0.064550781,0.076883443,3701.536034,206.9621435,0.003084235,35,0.002125,0.402813137,0.689684987,281.25,10.49723625,12,0.000532182,0.483437777,-195.0917511,165.8490753,-62.58405304,-0.194476426,-34.22483444,21.27062988,-26.40524483,29.54331779,-32.67369461,13.16340065,-17.61764908,-17.67726517,10.99293423
10.6453,1,80,3065.921351,5993.671875,0.070471191,0.121324539,3392.788064,0,0,31,0.0014375,0.522478163,0.549089253,796.875,23.35414505,25,0.015472732,0.554188132,-190.1172333,151.2690735,-56.40958023,8.732769012,-33.80117035,-14.80187702,-47.1448288,15.70649338,-26.7438736,19.75081253,-3.571707249,-3.80740118,10.57219505,2709.047495,5224.570313,0.053803711,0.099885352,3219.406312,-356.8738567,-0.021439187,40,0.0011875,0.518285155,0.554736018,914.0625,15.82248878,23,0.000407779,0.531052351,-183.0170441,175.5346527,-54.54056549,10.98911095,-35.89704895,-11.48005295,-40.05834961,17.2689743,-24.31914139,12.5099535,-20.04670334,-16.7329731,7.107382774,2679.119712,4787.578125,0.056938477,0.080938749,3072.437495,-29.92778231,-0.018946603,36,0.001625,0.553831279,0.540000141,1031.25,13.20287132,31,0.000311369,0.424937367,-197.7666626,173.2533569,-60.53532791,5.545976639,-31.32941437,-6.066998959,-24.26073265,30.93950844,-17.27059937,10.92451096,-14.7143116,-19.03006363,3.055953979,3036.501301,5822.8125,0.059316406,0.064848602,3340.755682,357.3815887,-0.016090147,36,8.33E-05,0.467954159,0.643343866,281.25,10.4682703,12,0.000518359,0.321069688,-210.6658173,159.674408,-56.82453156,6.713814735,-31.24251556,6.691195011,-15.19756603,28.55299759,-15.51171398,8.226707458,-16.15009308,-14.24993896,3.160551786,2928.147982,5583.28125,0.058496094,0.06986928,3248.597202,-108.3533189,0.005020678,32,0.004083333,0.459754825,0.661450148,281.25,12.27369118,13,0.000449958,0.735037386,-205.3275604,173.0047302,-68.74095154,10.32544708,-35.23504257,21.80373573,-18.83686447,23.19781303,-21.10886002,13.59649658,-18.84725761,-11.43433571,5.932950497
10.6027,1,80,2917.069043,5921.325377,0.062382224,0.135552004,3450.226375,0,0,30,0.001458333,0.566166937,0.503224015,703.125,26.62351036,25,0.015397152,0.525959849,-182.0996399,156.1128845,-50.42111969,9.853414536,-37.669384,-22.0610714,-54.46892548,13.40877247,-27.09248924,19.70077705,-4.472321033,-4.89377594,10.1920023,2779.751171,5305.590452,0.057781584,0.092680044,3249.86864,-137.3178722,-0.04287196,29,0.004104167,0.532091916,0.55325532,1007.8125,16.4002552,23,0.000341954,0.997569025,-190.5522308,167.2964172,-56.80194473,8.399110794,-35.14924622,-14.96048832,-39.72660446,17.12541389,-21.1456852,11.40239048,-21.89310074,-16.94322777,4.25637722,2887.311891,5588.607098,0.057865009,0.080088511,3293.674976,107.5607206,-0.012591533,28,0.00125,0.502883911,0.593048692,1078.125,13.13757229,32,0.00039382,0.412127882,-200.7624969,164.9544983,-58.57252121,4.395367146,-36.30799866,-4.542832375,-26.72179413,31.22083855,-14.69945526,8.709156036,-18.62874031,-15.33000469,-0.147913113,3270.195504,6441.190327,0.065827183,0.077261165,3575.826385,382.8836127,-0.002827346,29,0.004020833,0.42363885,0.671986639,1078.125,10.57068443,32,0.000583187,0.551344216,-200.1424713,160.1046295,-64.52905273,2.154908419,-38.86186981,9.87287426,-23.51759529,34.44670486,-25.01784325,12.67781544,-16.81192398,-17.20035172,6.27785635,3371.859754,7076.358354,0.066443055,0.064407341,3815.053977,101.6642496,-0.012853824,30,0.0008125,0.432399392,0.673235476,281.25,8.932904243,13,0.000615958,0.371537238,-214.8971405,162.8444519,-57.32013702,-6.218234539,-34.35007095,30.52065086,-28.05765152,27.84431458,-21.29083824,12.01206207,-17.98974037,-12.1649456,7.344906807
19.4347,2,100,2843.040273,5475.642123,0.046107128,0.147252768,3302.061216,0,0,54,0.004125,0.775019348,0.352541804,632.8125,43.97483444,20,0.008701846,0.413120747,-203.8975983,149.0005493,-26.92051125,5.847030163,-10.0079031,-4.523627281,-42.0087204,0.658960283,-33.36360168,-0.655515254,1.582269669,-0.990539551,7.849965096,2266.550086,4070.034247,0.046687714,0.068685174,2966.614619,-576.4901871,-0.078567594,54,0.001145833,0.529094279,0.545184195,750,12.23919868,7,0.000172918,0.353645086,-252.9113007,181.0223083,-30.00936508,-6.100150585,-20.23557281,-15.37466526,-39.60272217,4.318492413,-22.11054039,13.56600761,-4.875520229,-11.4837532,1.871159673,2369.925366,4216.117295,0.04992241,0.074616767,2910.661745,103.3752801,0.005931593,50,0.001395833,0.527255118,0.558294356,937.5,13.67363358,10,0.000240457,0.33132261,-235.122818,179.5528717,-42.90619278,-11.64552402,-25.02292442,-10.91963387,-24.38066864,24.29416466,-10.47032642,16.14622116,-9.224100113,-14.56182575,4.694994926,2331.90247,4057.577055,0.051090272,0.062273622,2743.565804,-38.02289617,-0.012343146,46,0.000541667,0.469716191,0.631266713,257.8125,9.78855896,12,0.000178524,0.308557361,-251.2153625,187.0415649,-52.11841202,-14.28715515,-24.03455925,7.146307945,-5.222498417,31.62716484,-22.40538597,7.188697338,-3.629733562,-13.78485489,0.305222154,2337.775037,3959.653253,0.046945901,0.062607102,2636.009851,5.872566635,0.000333481,47,0.0003125,0.546788156,0.613098979,257.8125,16.80434227,2,0.000223923,0.365711868,-252.4467926,190.747818,-58.70175552,-10.26885414,5.06895256,20.44753265,-15.65925217,24.11789894,-16.71447372,11.64312553,-1.894516706,-10.08915615,-1.918073297
19.84,2,100,2553.991776,4937.772286,0.043981966,0.143417433,3093.405124,0,0,66,0.00325,0.779865742,0.33921203,632.8125,41.59494019,20,0.008486126,0.451760113,-210.8115845,151.0670929,-26.27091026,0.642782032,-9.450463295,-12.03279495,-36.70376205,-6.224349499,-34.7204361,-0.547039628,0.855009437,-1.21818614,6.267710209,2340.768006,4270.77748,0.04715514,0.072130062,2910.551869,-213.2237691,-0.071287371,64,0.004208333,0.51650089,0.563097417,773.4375,12.89608479,7,0.000276829,0.259672552,-244.979538,174.1195221,-32.37011337,-6.690682888,-16.75513458,-21.05823517,-33.44042206,2.411608934,-21.66666031,13.60421753,-4.612062931,-13.1223526,1.710848451,2342.597485,4180.483412,0.049010085,0.057016294,2875.703125,1.829478609,-0.015113767,63,0.005166667,0.547576845,0.546580255,960.9375,10.03664589,11,0.000239975,0.248084471,-258.0972595,174.6849213,-36.5963974,-13.30060863,-21.39322281,-14.76209736,-19.75117683,23.86123466,-9.314757347,13.21909046,-7.939667702,-18.35134697,1.033640623,2340.246193,4089.121146,0.050031156,0.055536911,2771.0179,-2.351292519,-0.001479384,58,0.005145833,0.480119139,0.634559214,257.8125,10.48668575,12,0.000189274,0.356368273,-256.5151978,186.0106812,-50.47337341,-11.31711483,-21.74692154,8.459336281,-6.152922153,29.20035934,-21.51959229,4.334269524,-4.987790108,-12.77053547,-1.599195719,2439.672886,4181.488773,0.045198088,0.051890705,2730.209415,99.42669359,-0.003646206,51,0.007208333,0.625270844,0.575196683,257.8125,17.75912094,18,0.000191571,0.433026016,-263.1841736,184.3995819,-62.48035431,4.351789951,5.027331829,18.82437515,-12.14692402,25.89141273,-15.18060493,14.39663982,-5.697137356,-9.968883514,1.232468367
19.1787,2,100,2517.707788,4679.882813,0.045315213,0.134490624,2861.610285,0,0,51,0.003916667,0.792901337,0.325089216,632.8125,38.39763641,20,0.008892001,0.374179691,-211.8673248,153.0852051,-39.56045532,9.445398331,-15.58407116,-15.12851334,-33.59646225,-9.794345856,-38.2377243,1.746670485,-1.010335922,-3.986449242,9.265303612,2353.72535,4352.734375,0.04886339,0.074134558,2885.67256,-163.9824379,-0.060356066,56,0.006041667,0.531891048,0.553939998,773.4375,15.00525761,24,0.000244417,0.284875423,-239.4765167,171.302597,-38.5802803,-0.542408586,-19.64131355,-22.71700096,-33.36729431,-0.645268083,-23.76845169,13.60826778,-2.372143269,-12.97185898,-2.029727459,2402.25565,4269.726563,0.050703939,0.068357214,2866.749385,48.53030014,-0.005777344,52,0.001791667,0.512747049,0.571252525,937.5,12.20125866,3,0.000269928,0.37808314,-240.2055511,181.8948822,-50.4418335,-5.061276913,-27.90725136,-16.12257957,-25.28936577,25.45335197,-18.60027504,12.95863056,-9.223021507,-17.09608078,-0.192041352,2537.777694,4589.322917,0.054515245,0.057990249,2926.760776,135.5220437,-0.010366965,53,0.000645833,0.466145277,0.640784502,257.8125,9.784710884,13,0.000262886,0.381371707,-246.1775208,181.6792755,-57.03307724,-11.27201939,-19.25118446,7.608261585,-8.448311806,31.65394402,-23.79030037,9.335715294,-9.611550331,-14.53748512,4.518601418,2580.890767,4387.695313,0.051567925,0.062149826,2867.733039,43.11307292,0.004159577,51,0.001270833,0.513119698,0.653366566,257.8125,15.90026093,14,0.000220153,0.368620157,-246.8397827,184.5162964,-67.21125031,-4.255454063,7.262262821,22.1797905,-21.06407356,28.02375793,-20.97094917,14.29078007,-6.16579771,-8.358716011,-1.017092943
19.5413,2,100,2708.425425,5213.023672,0.046115304,0.111068174,3064.163209,0,0,60,0.003104167,0.745578051,0.382903218,632.8125,32.82458878,20,0.008593854,0.358995676,-226.9711151,148.661438,-30.86160469,10.71774864,-12.53794861,-12.71079636,-32.86208344,-5.684706211,-35.38666534,-0.389259934,0.314112455,-0.397119492,6.920519352,2295.563309,4174.174046,0.047343324,0.078959651,2850.450079,-412.8621154,-0.032108523,55,0.004604167,0.517685473,0.554403245,773.4375,14.87022114,24,0.000189668,0.373748541,-230.1229706,170.1607056,-37.12797546,-1.682645798,-19.83437347,-21.84275436,-31.74761581,-1.4584831,-21.24276161,9.9071455,-3.269138336,-8.925852776,-0.756560385,2633.026404,4825.634366,0.053663041,0.073062301,3031.368065,337.4630951,-0.005897351,57,0.005020833,0.521306455,0.576454639,960.9375,12.63641644,3,0.000309885,0.39026466,-222.0866394,171.7939758,-50.00535202,-0.14947243,-25.70245361,-17.0559597,-22.13710403,25.47564125,-14.81878662,16.44771194,-11.84693146,-12.30534744,1.805685997,2630.663334,4769.180007,0.05682556,0.069795862,2988.932761,-2.363070306,-0.003266439,66,4.17E-05,0.404562473,0.695341349,257.8125,10.09541416,12,0.000237838,0.374858886,-230.4644012,182.4029236,-59.85549927,-10.0327425,-22.32625961,7.149654388,-9.724898338,31.89561081,-27.33186722,10.34500027,-11.54705238,-13.67477512,8.880469322,2610.311418,4607.544278,0.049690267,0.049437895,2929.369127,-20.35191649,-0.020357966,50,0.0038125,0.54691273,0.62519604,257.8125,14.23341274,14,0.000255744,0.387183636,-260.0800171,177.7982178,-60.80278397,0.922024667,5.475691795,20.98618126,-15.43966866,25.33267021,-18.07827187,10.64137363,-7.518719673,-9.04966259,3.095574617
19.84,2,100,1857.205293,3252.597185,0.035192904,0.091166608,2386.545597,0,0,67,0.001875,0.736292958,0.381196737,632.8125,26.30430222,20,0.008295947,0.339444399,-272.677948,174.2639313,-22.46980286,-13.14700413,-2.876833677,-13.74640274,-33.97925949,-11.70152283,-29.38103294,-4.654595375,0.134200394,0.649991453,5.735089779,1763.33576,2753.811997,0.040272076,0.082211174,2323.356278,-93.86953282,-0.008955434,59,0.002708333,0.587885261,0.489542961,796.875,16.443964,7,9.22E-05,0.410799235,-257.0943909,197.4469299,-27.9393177,-18.01721954,-16.00222206,-16.2205658,-33.93956375,-5.304085732,-17.77371597,10.14284229,-4.547184467,-12.58790588,2.181382179,1792.821348,2811.557473,0.042123094,0.082029268,2198.468851,29.48558755,-0.000181906,67,0.002729167,0.508278728,0.579947412,960.9375,13.40395737,3,7.25E-05,0.416706443,-253.7702332,204.827713,-37.63904572,-22.51290512,-18.58762169,-17.0123539,-19.06206703,15.44026184,-7.731553078,11.99167728,-12.38281155,-13.62970257,1.332621098,1789.152644,2689.028988,0.044203198,0.067877464,2083.35069,-3.668703266,-0.014151804,55,0.004125,0.463424742,0.637981474,257.8125,11.32369614,13,8.78E-05,0.344842106,-261.6596069,210.3709412,-45.17170715,-25.44695091,-11.58835316,2.09616518,-0.467408866,21.83857727,-17.93684578,3.717140198,-7.493254185,-13.28578091,3.682818413,1993.208934,3191.772788,0.039889829,0.055650726,2375.970344,204.0562893,-0.012226738,56,0.001125,0.541640401,0.627668262,257.8125,16.18953323,14,0.000111723,0.28795132,-276.2279358,199.7737579,-44.24147415,-21.01035118,13.45735359,21.46110344,-11.8709774,16.34097672,-11.46650982,8.164747238,-5.027037621,-10.16693211,-0.701161921
19.8187,2,100,1971.646979,3577.431956,0.037005681,0.127904519,2367.056643,0,0,63,0.002208333,0.774307311,0.333839118,632.8125,36.21130371,20,0.008340557,0.440013647,-246.5587158,178.959549,-30.84032059,-10.99409962,-5.472445488,-15.55943108,-36.87505722,-12.00134277,-30.73819733,-2.803106546,-1.742989779,-0.616660893,5.441420555,1821.017989,2891.003024,0.041661416,0.06157979,2322.334697,-150.6289908,-0.066324726,61,0.00625,0.522658944,0.554005265,773.4375,11.83696079,7,0.00015525,0.262990385,-274.2112122,188.9494781,-29.76842308,-23.81776619,-8.261096954,-21.532547,-32.4981308,-4.58202219,-16.90196609,6.94989872,-2.588711262,-10.26499462,-1.723726869,1979.432894,3220.451109,0.044270833,0.059624892,2528.836628,158.4149052,-0.001954898,63,0.007,0.506100535,0.577789366,937.5,9.939066887,3,0.000163133,0.386632979,-277.2247925,195.6601105,-36.11964417,-19.65149498,-20.00980759,-14.34667397,-20.45522118,19.59919167,-10.31250286,10.47330761,-13.62655449,-14.24335194,-1.467800856,1849.878445,2804.120464,0.045722551,0.058579326,2158.983733,-129.554449,-0.001045566,47,0.000208333,0.455527365,0.642984688,257.8125,8.933466911,12,9.68E-05,0.327701241,-275.6428833,204.4200745,-42.6124115,-36.39863205,-10.13994598,2.704037905,-2.279553413,21.03115273,-19.18652916,2.261944771,-7.074443817,-12.93515301,0.181983858,1943.329422,3107.358871,0.036247007,0.047733702,2387.899321,93.45097727,-0.010845624,50,0.001208333,0.616666317,0.568963945,257.8125,16.19643211,2,0.000112288,0.276849002,-296.8084412,200.5106659,-46.63208771,-13.99901676,11.14656448,22.757658,-10.94709396,20.51620293,-14.04126549,9.068370819,-3.280370474,-12.76207447,-1.295915365
19.8187,2,100,2024.636179,3637.285786,0.035615654,0.127061263,2484.302956,0,0,58,0.002791667,0.771093428,0.343432009,632.8125,36.77388,20,0.0082496,0.420601636,-240.9857025,173.9287872,-30.67498398,-7.39115572,-8.789813042,-16.60066986,-34.5573616,-10.51240158,-33.30891037,-0.442258924,1.346384168,-2.542828798,9.300183296,1759.037775,2872.290827,0.04047484,0.07183744,2249.006262,-265.5984039,-0.055223823,51,0.007229167,0.54547447,0.531097472,773.4375,14.09172058,24,9.21E-05,0.465594292,-271.3612061,198.7677307,-33.19033051,-17.61091423,-13.41466713,-19.87027168,-34.70358276,-6.840466022,-20.39454651,8.679758072,-3.349699259,-12.76451969,-2.362521172,1903.537411,3108.996976,0.043516098,0.066603079,2359.339196,144.4996368,-0.005234361,53,0.001666667,0.511435211,0.576320112,960.9375,12.1104908,3,0.000151774,0.266634673,-271.8321228,196.5230103,-36.5980072,-26.48288155,-14.63724613,-18.07217407,-24.22838974,19.08408928,-8.571416855,6.427019119,-9.33731842,-12.37491512,-1.326199055,1957.312891,3058.404738,0.046107138,0.05205822,2230.619889,53.77548002,-0.01454486,52,0.00425,0.455159783,0.658155322,257.8125,8.920733452,12,0.000154318,0.375577271,-289.2157593,205.1233368,-50.07262421,-30.87174988,-10.1679697,10.8850317,-6.598412514,25.45424652,-15.04393578,0.612973154,-6.453339577,-12.1566658,2.689130545,1666.675522,2638.734879,0.02730831,0.032380655,2569.421318,-290.6373698,-0.019677565,41,0.004354167,0.539518893,0.608882368,257.8125,8.156864166,2,0.000129767,0.061512999,-399.276123,171.8190613,-2.875561714,-9.074825287,11.72748661,22.73716354,1.052644849,15.46010017,-3.20709157,8.133746147,0.588965476,-7.258346558,-1.11160624
19.84,2,100,3004.413863,5972.729558,0.047738983,0.123083629,3344.733083,0,0,60,0.004020833,0.75042665,0.371599346,632.8125,33.07383728,20,0.008477143,0.388720006,-210.8235626,140.7516022,-33.36539841,17.21446609,-22.14859962,-8.962018967,-33.2125206,-5.541419506,-41.8736763,3.074277401,-1.289348245,-4.31508255,11.01211929,2730.056494,5455.722185,0.05199868,0.079769515,3290.657313,-274.3573694,-0.043314114,58,0.007520833,0.557977855,0.525130033,773.4375,14.60865021,7,0.000340935,0.523578584,-220.7506561,160.5588379,-38.63333511,7.887203693,-35.41702271,-11.47907829,-37.67605591,-0.978550315,-25.8537693,12.23186016,-2.378090143,-13.34743023,1.884785891,2806.207674,5474.384216,0.055704644,0.082530759,3314.823671,76.15118,0.002761245,61,0.0050625,0.5425722,0.54855454,960.9375,14.94560528,3,0.000360095,0.364001662,-219.4885406,165.1331635,-46.30651855,-0.769448638,-41.23315811,-9.533529282,-27.96645737,24.34855461,-13.33433628,12.57615089,-13.01480579,-11.02019882,-2.558777332,2780.604033,5326.721682,0.058071433,0.059540093,3163.476494,-25.60364108,-0.022990666,54,0.004229167,0.417092085,0.678870499,1101.5625,7.833996296,12,0.000365628,0.265075713,-242.6969604,170.0121918,-51.20116806,-11.27364159,-29.35818672,11.34542084,-8.159010887,26.68526649,-21.40680695,5.768822193,-10.5116539,-12.65391159,2.965199709,2762.232525,5008.02195,0.049422441,0.042123958,3183.608627,-18.37150834,-0.017416134,53,0.002,0.52921617,0.641464412,257.8125,11.2676754,10,0.000328136,0.278033704,-274.897583,170.3693085,-52.27457809,-5.816289902,-1.308347344,27.61990738,-20.84822083,27.30935097,-14.22802067,8.20728302,-4.554729939,-8.482872009,-1.803729892
17.536,2,100,2816.455146,5442.842895,0.050137134,0.133454606,3218.828407,0,0,54,0.0015625,0.781722069,0.32574597,632.8125,39.48768234,20,0.009532907,0.351464212,-200.0067902,142.7794495,-36.88758087,13.77667141,-25.84998703,-14.25482178,-37.72278214,-10.64397144,-39.7769165,1.512238383,-0.12939778,-5.218651295,6.460205078,2821.141474,5527.68807,0.053139545,0.068471611,3351.041503,4.686328307,-0.064982995,54,0.0033125,0.59343493,0.495031029,796.875,13.87004948,7,0.000409226,0.294768661,-232.0929871,155.6574249,-38.08235931,8.800237656,-30.95331192,-18.44474792,-34.92011642,5.72355032,-21.63167572,15.8595562,-6.084968567,-11.59458256,0.217189431,3181.375074,6621.912994,0.060031879,0.063734949,3623.188407,360.2335997,-0.004736662,49,0.003770833,0.489973485,0.603445947,937.5,11.28607273,10,0.000602032,0.316233605,-232.5890045,155.3766632,-43.32097244,3.196530581,-38.2910881,-6.936208725,-25.27503395,31.16003227,-11.41989422,15.77923775,-12.28983784,-13.60372925,0.63612026,2823.267484,5440.492021,0.05360408,0.05772699,3275.168758,-358.1075902,-0.006007958,49,0.001833333,0.499912918,0.619169652,257.8125,11.42494011,12,0.000335239,0.463949114,-238.7300262,173.8954926,-58.35725021,3.809997797,-36.96986771,16.15909576,-13.29457474,34.82933426,-22.27396011,7.321022034,-9.058006287,-12.99806595,3.05811429,3041.266968,5951.201558,0.05065213,0.055955082,3342.818581,217.9994845,-0.001771908,55,0.001125,0.607105732,0.589699388,257.8125,17.81340218,13,0.000407989,0.402421534,-235.3998108,162.9404755,-61.1180191,13.33725834,-12.25470352,23.47533417,-16.67021561,27.96274185,-18.40525055,14.85066605,-7.339968204,-9.356003761,2.373291016
18.752,2,100,2827.522696,5446.621982,0.050129284,0.13642846,3274.117284,0,0,54,0.002791667,0.739438891,0.368231803,632.8125,37.73748779,20,0.008945069,0.392852962,-184.9303741,145.8738861,-39.60693741,13.57553101,-21.07421112,-14.31552696,-38.176548,-5.957737446,-39.88687134,2.118299723,-2.562496424,-2.461268425,7.455508709,3056.68724,6341.907848,0.057022095,0.076934986,3561.156073,229.1645435,-0.059493475,57,0.001520833,0.546947539,0.549796641,796.875,15.39593506,24,0.000393722,0.273401111,-207.7456055,150.9716797,-36.22887421,8.068730354,-30.26028633,-14.72890568,-35.14149475,3.132601023,-21.44323921,16.94260025,-7.738162518,-10.89906502,1.660750508,2971.7891,5843.128551,0.05988936,0.073908426,3427.39287,-84.8981399,-0.00302656,58,4.17E-05,0.498917043,0.591283858,937.5,12.42125511,10,0.000364083,0.401106954,-218.3041534,161.5930634,-48.5973053,2.126826525,-37.71062851,-5.531713486,-24.28001022,30.96627617,-15.05482578,15.56180954,-12.26941586,-16.15127182,2.706017971,2996.329599,5924.627131,0.057327271,0.059999701,3358.37992,24.54049972,-0.013908725,52,0.004333333,0.464121044,0.657534182,257.8125,11.18304729,13,0.000401676,0.332484633,-228.0002441,162.3584595,-52.74336243,0.272358119,-33.06103134,13.91823196,-7.028563023,30.12240791,-24.01415443,8.045461655,-7.387875557,-14.78418541,-0.593192995,3245.922344,6283.780185,0.053178267,0.049488164,3476.237025,249.5927448,-0.010511536,57,0.002604167,0.610073566,0.594801426,257.8125,16.74614143,14,0.00047634,0.417867392,-246.9398956,163.0741882,-63.72512436,25.02984619,-15.18632889,29.44517899,-17.13407516,29.82712364,-25.06863403,17.12367249,-8.097255707,-9.229744911,1.089378476
17.8773,2,100,2937.575524,5882.393973,0.05262829,0.125605017,3347.582301,0,0,53,0.003729167,0.766325951,0.346725523,632.8125,39.10742569,20,0.004950295,0.206812948,-209.7710266,141.8708191,-38.35041428,12.45835972,-26.14964104,-14.75733566,-38.62517929,-12.37322998,-41.75595093,1.601042628,-1.564451814,-3.759346485,7.851568222,2866.4691,5661.969866,0.054460798,0.064011194,3393.373839,-71.10642306,-0.061593823,58,0.003479167,0.591594994,0.512761414,796.875,14.00529099,7,0.000371051,0.34525004,-233.0691986,156.8387299,-41.01488113,9.769361496,-34.39948273,-16.07209206,-32.47534943,3.618044853,-24.10197258,18.37874222,-8.66450882,-11.90500164,0.101358458,2847.276264,5526.436942,0.059015183,0.065802418,3298.402638,-19.19283608,0.001791224,56,0.0010625,0.516697526,0.580496967,937.5,10.50294685,10,0.000326478,0.409047335,-229.9572906,167.5857544,-53.35645676,4.388142586,-37.82249451,-8.933638573,-23.38181305,30.75387764,-16.80097771,17.86725426,-13.95397949,-15.89901543,2.251503706,3043.692977,5936.802455,0.062831334,0.069707364,3350.894951,196.4167129,0.003904946,49,0.001083333,0.449978948,0.662174582,257.8125,10.47096443,13,0.000390817,0.39301756,-216.7659454,161.0990753,-58.24559402,-1.720248461,-32.33409882,15.32218742,-6.049391747,30.71488953,-25.9702301,9.522215843,-8.864575386,-13.48129463,5.92527914,3245.288025,6290.876116,0.056692941,0.051911943,3478.564142,201.5950481,-0.017795421,46,0.003375,0.570074737,0.623720944,257.8125,15.33287334,2,0.000470316,0.384479403,-242.6945953,160.7943878,-66.65796661,16.63948059,-13.07912731,29.66755104,-18.13529587,31.75744247,-22.38811302,16.88468933,-7.480541229,-10.90221405,1.389564633
18.752,2,100,2726.078707,5360.862038,0.049044522,0.124565437,3153.783477,0,0,58,0.001645833,0.76760757,0.348399252,632.8125,36.95104599,20,0.008946363,0.336169958,-208.4854431,143.1945496,-40.20225525,13.08057213,-26.06780434,-15.1278677,-38.046772,-16.00776482,-38.75482178,1.017266035,-0.60585171,-3.472527266,7.527009487,2769.967296,5421.852805,0.055139715,0.068731934,3223.807639,43.88858919,-0.055833504,57,0.004583333,0.560357511,0.532191515,796.875,14.22190094,24,0.000408857,0.354042858,-230.3643494,157.9747772,-44.3102417,10.01235294,-35.03031921,-14.11364651,-34.75604248,3.065755606,-18.77428818,15.05093288,-3.149147272,-10.62036991,-2.281918526,3271.479661,6687.877308,0.064100786,0.065281712,3571.08506,501.5123644,-0.003450222,60,0.004729167,0.468929738,0.623596132,1031.25,9.909215927,10,0.000664222,0.395665586,-221.9763031,154.9812164,-50.53356934,9.317694664,-43.19561386,-6.088561535,-21.39303589,29.65855789,-16.41854095,15.95306301,-14.99546242,-12.77332973,-0.136811122,3073.628075,5910.844283,0.060632879,0.06068534,3357.17207,-197.851586,-0.004596371,49,0.000958333,0.469364643,0.655907273,257.8125,11.6920414,13,0.000442288,0.414257467,-224.8740234,167.4056549,-62.47192383,4.060435772,-29.43024826,14.627244,-11.29176235,33.2255249,-29.41334915,12.60903072,-11.22457027,-16.27670479,10.22588253,2714.8531,5148.259943,0.04704146,0.053396259,3098.029183,-358.7749747,-0.007289082,48,0.000458333,0.630474508,0.558939397,257.8125,17.81526375,14,0.000375964,0.461472243,-249.6550446,175.891983,-60.17349625,4.355790138,-2.632246971,23.14129639,-17.13068581,29.27521896,-20.67567635,12.46779251,-5.014098644,-12.12323856,2.658376694
17.8773,2,100,2901.405621,5598.493304,0.052869524,0.122617111,3253.001289,0,0,53,0.002229167,0.718280017,0.397904217,632.8125,35.13288116,20,0.009291233,0.33877185,-196.6539764,140.1075897,-47.04840851,13.69901276,-25.3159523,-13.57272339,-39.11475754,-11.93175411,-42.09810638,2.412385941,-2.247728109,-4.649578094,10.07455444,2855.151782,5608.886719,0.055681501,0.061361983,3282.917985,-46.25383913,-0.061255127,53,0.001020833,0.557106435,0.539639473,796.875,12.99215984,3,0.00046395,0.399141222,-236.5443573,156.723175,-45.58904266,12.93695068,-33.31635666,-13.408391,-37.41563797,1.293994308,-23.59824371,13.25415516,-3.708105803,-10.68722248,-1.383700609,3159.321376,6325.055804,0.06102789,0.069766298,3496.628008,304.169594,0.008404315,54,0.002208333,0.549114168,0.555830121,937.5,13.19136524,10,0.000466384,0.394731849,-219.4728699,152.4730225,-50.3490181,5.22482872,-43.30130386,-7.446896553,-26.41072273,23.99947166,-11.41800785,12.5836792,-11.86285686,-11.05500221,-3.512842178,3102.942328,5965.053013,0.060718355,0.057400625,3372.673729,-56.37904779,-0.012365673,45,0.00325,0.457834661,0.657864273,257.8125,9.165714264,38,0.000495462,0.29631561,-234.1629486,165.638855,-61.13297653,-0.07514409,-32.85269165,15.13550663,-14.47081375,34.27095795,-24.1439724,10.81710339,-12.05765533,-16.26144218,7.373990536,2954.436837,5333.077567,0.051855178,0.050744958,3206.548725,-148.5054913,-0.006655667,45,0.000395833,0.596230805,0.608832717,257.8125,16.1163044,13,0.000366296,0.434862733,-248.566452,164.5492401,-63.55105972,11.79656315,-5.931148529,22.7714901,-15.19309235,28.57051086,-18.10606384,15.39284134,-7.688838959,-14.62909794,2.045686722
20.032,2,100,2534.626964,4790.350731,0.042675262,0.133723438,2990.326233,0,0,59,0.0036875,0.79465723,0.330830842,632.8125,40.40590286,20,0.008280459,0.324801266,-210.1298676,153.950592,-34.37481308,5.581296921,-16.64795876,-13.87781811,-34.40232468,-7.178647518,-34.27161789,0.513861954,-2.178358793,-0.268223852,5.855490685,2397.525447,4441.530918,0.047728194,0.07406906,3053.537878,-137.1015176,-0.059654377,66,0.001583333,0.555186868,0.527893841,750,13.60847187,7,0.00022012,0.378362536,-239.2956543,177.1952667,-33.96036148,2.211977959,-25.53348923,-19.26057816,-33.95644379,5.779571056,-26.54888725,17.32465744,-5.062022209,-11.8194685,1.646401286,2478.972121,4515.708112,0.050992925,0.082839496,2932.538953,81.44667455,0.008770436,58,0.002020833,0.491652817,0.593662083,937.5,13.56054974,12,0.000213498,0.383725792,-222.6668854,177.5617065,-46.93013382,-5.798226833,-31.15460777,-14.73248672,-20.80641556,21.81658745,-13.83775043,15.01137638,-13.23478031,-14.04285145,0.302149832,2693.869452,4941.821809,0.054032995,0.067205742,3037.080104,214.8973311,-0.015633754,60,0.003583333,0.445941985,0.654595196,257.8125,10.53480625,13,0.000280862,0.28578046,-230.4057159,173.8582306,-55.24350739,-6.550008774,-25.18327141,7.746687889,-2.348735571,29.6296196,-24.40240097,11.08992195,-11.17350388,-15.59040833,7.110394001,2648.585671,4713.617852,0.04915278,0.053552389,3108.924909,-45.28378119,-0.013653353,53,0.000458333,0.533330619,0.629734516,257.8125,14.91932583,15,0.00026056,0.366290033,-253.7862396,179.7792206,-54.69430923,-3.904731989,2.00496912,25.32291412,-16.42461205,28.0286274,-21.44699669,15.35386372,-3.508455753,-12.56789684,3.098269939
19.84,2,100,2805.26118,5310.887232,0.048565003,0.118529759,3150.187494,0,0,57,0.003291667,0.765524924,0.356336474,632.8125,33.25179291,20,0.008409496,0.345107526,-222.3280487,148.5209656,-33.54536438,6.536557674,-13.77867603,-8.524264336,-38.84402084,-7.031887531,-36.25022125,3.049039602,-1.919392228,-1.53669703,10.11086559,2501.847957,4603.238103,0.05031915,0.07182458,2954.084196,-303.4132226,-0.046705179,57,0.004354167,0.578339517,0.514485598,773.4375,12.46578121,24,0.000263702,0.315616757,-237.2090912,167.6994934,-41.30302048,1.569991469,-20.65200806,-15.65539742,-37.13751602,1.066279292,-20.16108894,13.78074074,-2.744340897,-13.52541828,1.611659169,2507.002502,4570.689511,0.051698905,0.067795172,3060.166367,5.154544828,-0.004029408,52,0.0029375,0.548672557,0.540115118,960.9375,13.33489132,12,0.000221723,0.293820471,-242.9086304,175.3412018,-44.19324493,-9.185832977,-28.8077774,-13.01650715,-23.00429344,26.70879936,-13.00969219,15.01182652,-13.51576996,-15.12656307,1.945279598,2306.323764,4057.200905,0.04858333,0.051789362,2730.214215,-200.6787377,-0.01600581,56,0.0013125,0.482650697,0.627242506,257.8125,9.360713959,12,0.000178774,0.384202451,-267.6008606,189.9376678,-49.43682098,-17.68960762,-17.5296669,9.702787399,-6.794472218,29.50711632,-21.56221771,7.452107906,-5.991642952,-16.02572823,4.355246067,1954.715679,3298.466823,0.034852547,0.040763963,2406.295613,-351.608085,-0.011025399,44,0.007583333,0.686987698,0.507795811,257.8125,15.69566441,2,0.000120124,0.519323051,-314.660614,211.4129181,-50.77061081,-10.04075813,8.251345634,23.98113823,-16.17491722,25.15443802,-16.1124115,11.72821236,-3.055296898,-12.50567245,0.351281673
3.4133,2,20,3683.213948,7585.096154,0.066458834,0.121341839,3674.953847,0,0,8,0.001020833,0.617808998,0.514036477,609.375,37.41940689,20,0.047647398,0.43833828,-175.1224823,128.9884186,-55.97226334,14.17269707,-44.43895721,4.639127731,-30.09971428,9.278826714,-31.69621849,12.93827629,-3.902075529,0.954170823,15.44329262,2463.382804,4863.461538,0.042420373,0.187357888,3098.693944,-1219.831144,0.066016048,7,0.000666667,0.8442747,0.26819855,632.8125,65.20777893,46,0.000130602,0.617985785,-182.6020508,156.759491,-38.4394989,12.09235096,-34.28105545,-18.95688057,-39.50921249,-10.77311993,-44.05592346,4.325651169,2.058569431,-1.691194296,17.29353142,2276.506544,4585.096154,0.03809345,0.184246063,3101.168839,-186.87626,-0.003111824,9,0.000208333,0.857717335,0.233826995,656.25,68.32714844,20,0.000148648,0.612902701,-192.6951599,158.335495,-28.88873291,17.46070099,-33.31122971,-17.04318047,-42.4225769,-20.15561485,-43.7157402,-1.79333353,0.932290614,-1.11532402,8.150288582,2222.762415,4124.278846,0.035667067,0.146937862,3009.568652,-53.74412937,-0.037308201,8,0.000395833,0.838970721,0.25599736,656.25,56.66574097,22,0.000314209,0.408419043,-203.1177368,161.5493317,-28.57261658,8.574569702,-28.39285278,-24.22977257,-37.4659729,-17.13217926,-43.30274963,2.054509401,-3.316825867,-4.895563602,4.959020615,2543.807794,4978.485577,0.045372596,0.079869509,2991.224116,321.045379,-0.067068353,10,0.000354167,0.661756158,0.442092448,679.6875,22.60488892,22,0.000262925,0.512300014,-224.1272888,173.5960236,-53.54585266,17.05040169,-35.25693512,-10.02726269,-37.08288574,-12.01698494,-37.18434525,6.841855049,-7.851164818,-9.739203453,1.715865493
3.6267,2,20,4726.201482,9061.480978,0.081542969,0.105099536,3934.359941,0,0,9,0.001354167,0.543137312,0.609581828,585.9375,20.03000832,60,0.04495015,0.834897637,-200.6886292,101.524559,-48.98768997,39.1385498,-23.11393356,21.58607674,-30.17116737,17.76368904,-34.59380341,9.33182621,-4.499876022,-1.013542175,9.565390587,2648.821138,5192.255435,0.043159817,0.210249811,3332.073075,-2077.380343,0.105150275,11,0.000791667,0.844477713,0.28278628,632.8125,74.35700989,45,0.001044077,0.542343318,-152.4219666,151.6002502,-38.44624329,8.332497597,-34.18499374,-15.05162716,-41.41196442,-5.657361031,-40.08349228,4.742478371,4.219592571,1.38961935,14.01764488,2148.70964,4035.326087,0.035432235,0.176267445,3025.402813,-500.1114989,-0.033982366,15,0.000520833,0.836724102,0.2680085,632.8125,59.63249969,20,0.000122857,0.423169136,-200.593811,163.4230347,-29.20067596,7.539000511,-26.68634987,-17.69918251,-44.74448013,-13.73649883,-42.27960968,-2.039904356,-2.902481079,-2.069964409,11.1144104,2340.376552,4576.766304,0.035984205,0.120476902,3136.631426,191.6669123,-0.055790544,12,0.000604167,0.83674407,0.260101706,656.25,48.04904938,6,0.001355831,0.549578488,-226.8143921,162.7772522,-30.95680046,13.69887638,-22.85130119,-20.2076664,-44.37054825,-10.74029732,-43.67393112,-1.22107923,-3.870423794,-0.052068926,4.943963051,2578.203,4890.964674,0.041263304,0.111261837,3087.974994,237.826448,-0.009215064,16,0.000104167,0.653584182,0.477062196,679.6875,37.43626022,22,0.000559723,0.508694708,-224.7852631,161.8153381,-32.346035,14.1900177,-20.4730835,-19.78883934,-46.55250931,-9.228006363,-40.15493774,-1.27399087,-5.354678154,-4.210092068,4.344825745
3.4133,2,20,4606.589772,8925.360577,0.08433744,0.109099835,3957.994882,0,0,9,0.001145833,0.58131206,0.573289871,609.375,26.16274261,42,0.047550935,0.605997086,-183.1978607,107.2587967,-54.32087708,31.04527473,-30.46891212,20.80988312,-30.07893753,16.39629173,-34.82853317,11.43579388,-6.213335037,0.587267578,16.08729935,2992.150481,6506.610577,0.048527644,0.164581984,3498.071851,-1614.439292,0.055482149,13,0.000979167,0.783251047,0.332976937,609.375,59.53645706,5,0.000288868,0.490388453,-166.2674255,142.9972687,-41.42745972,16.42841339,-44.35092926,-10.1587429,-44.32707977,-8.630187035,-33.67403793,4.594366074,5.978394985,0.30252713,15.53250599,2096.392072,3924.879808,0.035291466,0.173042297,2797.782676,-895.7584091,0.008460313,12,0.000729167,0.889454305,0.210259244,632.8125,61.8488121,21,0.000131696,0.571700752,-197.6687927,166.3987732,-35.74357224,10.84976768,-30.825634,-19.96878052,-37.56653214,-14.87450981,-46.13380432,-5.371887684,-0.54074198,-6.491189957,15.81964588,2119.18359,4030.889423,0.035178786,0.162112474,2856.140008,22.79151878,-0.010929823,12,6.25E-05,0.777137339,0.33340019,656.25,60.75448227,21,0.000433791,0.604201436,-200.5727997,166.5458374,-32.95234299,12.31807137,-28.88247108,-19.84595108,-41.29115677,-20.04816055,-40.38683701,-4.833284378,-1.156809807,-6.728583813,9.221224785,2294.020929,4425.721154,0.040948017,0.114195123,2964.851685,174.8373391,-0.047917351,14,0.000458333,0.770708144,0.324616373,679.6875,39.15075302,22,0.000244225,0.380705476,-215.2097626,161.9320068,-35.4979248,13.91127682,-29.76206398,-17.98838806,-37.70713043,-16.35815048,-37.57570267,1.60359478,-3.898632288,-7.795254707,6.647170067
3.456,2,20,4583.933622,8969.350962,0.086072716,0.10854502,3886.095712,0,0,11,0.000875,0.448111713,0.704365969,609.375,23.59749031,41,0.047750711,0.683906913,-184.5875244,109.5947952,-62.34476089,32.24842834,-37.44694519,25.24269676,-26.16131401,17.38900185,-34.95778275,13.44998074,-5.766370773,-1.769988894,14.41772938,2916.070254,6284.495192,0.042938702,0.175710186,3376.7068,-1667.863368,0.067165166,10,0.000291667,0.873133779,0.243696749,632.8125,68.43564606,20,0.000946777,0.551276207,-183.9374542,143.5668182,-35.16409683,15.11380386,-44.63560104,-16.77101517,-40.72527695,-12.8574667,-38.69953156,3.275480032,-1.559761524,-0.004242787,16.12922668,2383.05416,4893.389423,0.036388221,0.196598813,3207.328357,-533.0160942,0.020888627,12,6.25E-05,0.860499382,0.256073862,632.8125,80.08418274,22,0.000200318,0.512836576,-192.0914612,148.2972717,-26.16464996,9.888119698,-29.66842651,-19.24961853,-44.29354477,-20.3867054,-44.53230286,0.340247452,1.51630342,-1.021429896,14.02858448,2406.019008,4915.024038,0.039866286,0.116671741,3173.840238,22.9648487,-0.079927072,9,0.001104167,0.840447605,0.264566183,656.25,43.81019211,6,0.000273618,0.50446856,-229.536911,151.7232819,-26.59175682,12.18916225,-32.85390854,-18.65138054,-37.89246368,-19.98577309,-43.73717117,-0.514781654,0.701392293,-5.200550079,10.50197983,2460.023137,5006.25,0.042247596,0.088240065,3196.444202,54.00412832,-0.028431676,12,0.000666667,0.68591696,0.406027615,679.6875,29.19965935,22,0.000246318,0.437595665,-224.9495087,159.5872955,-33.9609375,8.812176704,-32.49731445,-12.28233528,-39.91418457,-16.40512657,-40.47576904,-2.133626938,-2.821336746,-9.481049538,4.025286674
3.6053,2,20,4750.468876,9060.317096,0.091516831,0.064686447,3885.035754,0,0,12,0.0009375,0.454329789,0.696129978,609.375,14.51537323,39,0.045867521,0.475629598,-241.5348663,97.95923615,-62.14871597,30.80266571,-20.21909332,19.44829559,-28.12247467,12.02498627,-34.03231812,13.29343128,-7.785716534,-2.571777582,13.57564259,2896.16774,6122.357537,0.047557158,0.19123663,3553.918161,-1854.301136,0.126550183,12,0.000729167,0.850426197,0.261272758,609.375,68.31131744,20,0.000355931,0.528972507,-174.4384003,140.7872925,-35.07695007,11.22922802,-39.46970367,-14.89504051,-46.83194733,-10.07718277,-35.95348358,6.574106693,3.102434158,0.900095403,14.21988869,2107.379044,3772.748162,0.033490349,0.188046813,2919.716758,-788.7886963,-0.003189817,10,0.0001875,0.89118129,0.224634767,632.8125,74.08750153,20,0.000503163,0.614382565,-200.7485962,161.1405792,-27.37483406,8.556037903,-31.01787567,-21.42499352,-40.9952507,-21.02953911,-44.03465271,2.705786705,-1.509491444,-1.932216644,12.66347408,2378.146863,4567.555147,0.038969152,0.11584533,3111.743911,270.7678191,-0.072201483,14,0.000416667,0.74518162,0.379389048,656.25,41.20770264,22,0.000304049,0.464998692,-214.4981995,159.3124847,-38.01707077,15.33422279,-24.65842628,-19.13371277,-40.56063843,-13.50565338,-44.92589188,1.13498199,-4.709665298,-5.393026352,9.880533218,2754.846896,5368.910846,0.045230641,0.080372661,3295.635972,376.700033,-0.035472669,14,0.000291667,0.703529298,0.382920653,679.6875,26.29105186,6,0.000600724,0.453563482,-239.7387695,154.7624207,-31.62431717,15.06720734,-28.68834114,-16.57491112,-38.82569504,-8.850935936,-37.02166367,3.672377586,-4.904803753,-10.75471687,7.525746822
3.52,2,20,4607.819239,9796.525187,0.078853778,0.107588828,4204.568063,0,0,9,0.001145833,0.535695076,0.63725841,609.375,26.87768745,36,0.046248116,0.765960813,-184.0969543,108.5918274,-54.00358582,26.20772362,-29.80051422,20.36178589,-25.19742966,16.14653969,-34.87625504,10.51640892,-4.119729519,-0.297031015,14.10976887,2287.074122,4340.135261,0.036890742,0.202331156,3070.827055,-2320.745117,0.094742328,10,0.001083333,0.847792089,0.258620024,632.8125,75.16247559,20,0.000380632,0.731593549,-177.4780731,161.0495758,-32.39439774,5.747411251,-34.41641235,-20.97836494,-44.04034042,-11.07078648,-37.62799072,4.705578804,2.954985619,0.749325395,16.22151375,2279.245821,4588.152985,0.033283291,0.20689784,3100.723765,-7.828300352,0.004566684,10,0.000541667,0.881736577,0.214061692,656.25,78.33396912,5,0.000200624,0.575704813,-189.2508698,155.2109985,-28.35829163,18.22046089,-31.29444504,-20.43954277,-43.57330704,-18.15701294,-46.74770355,-1.120723128,-0.998758554,-3.814364195,14.46363258,2554.282974,5062.5,0.039412313,0.129644305,3294.224778,275.0371525,-0.077253535,8,0.000729167,0.703687251,0.392943472,656.25,47.16405487,6,0.000467018,0.371375293,-208.219986,153.4291687,-29.28454208,15.30539036,-31.58488083,-16.48637962,-37.02397919,-12.50834942,-41.43400192,-0.985229015,-7.601624489,-8.417836189,12.33821201,2971.333135,6096.898321,0.046627215,0.056566328,3403.000142,417.0501609,-0.073077977,9,0.001083333,0.623173177,0.474718422,679.6875,14.56593895,6,0.000372237,0.610982358,-253.033783,159.580719,-43.56352615,32.61924362,-34.27947235,-5.445556164,-45.18739319,-1.863814592,-37.50298309,-0.303454429,-5.912385464,-11.21557236,4.48845911
3.456,2,20,4818.003009,8838.461538,0.08441256,0.090124227,3876.169997,0,0,11,0.0011875,0.475967944,0.688733101,632.8125,16.32614326,17,0.047661617,0.627316594,-207.7888947,102.2600555,-55.13419342,29.87735176,-23.37634468,21.24590302,-25.21605873,17.73354149,-36.98022842,12.00409603,-3.412238598,-2.859401464,14.09676266,2391.91036,4727.884615,0.040166767,0.19815962,2947.70147,-2426.092649,0.108035393,12,0.001291667,0.82439357,0.29101795,632.8125,74.98254395,20,0.000138078,0.932614982,-159.4932709,164.9367676,-47.18119431,6.146959305,-38.98920822,-19.87668419,-40.86400604,-9.025903702,-35.52685928,12.09045696,1.922291517,-1.450027227,17.43362999,2376.428991,4804.6875,0.03496845,0.175598249,3225.820884,-15.48136815,-0.022561371,12,0.001166667,0.8657341,0.239608854,656.25,68.50417328,20,0.000203117,0.589543164,-186.9188232,156.0592651,-29.25914574,11.26815033,-31.31061172,-15.22067261,-45.76813889,-15.24074173,-42.63169098,-1.606082916,-1.584270835,2.270465612,12.0578413,2256.729944,4498.557692,0.036095252,0.138496116,3215.695036,-119.6990469,-0.037102133,14,4.17E-05,0.83730495,0.266331047,656.25,54.62687302,22,0.000109144,0.529983282,-218.9721832,157.16539,-23.2846756,13.17570019,-22.06480408,-20.89261055,-47.96258545,-16.59776878,-43.24607468,0.728597224,-3.762382507,-2.799426317,7.578236103,2922.036098,6000.360577,0.048647837,0.083351634,3567.517292,665.3061537,-0.055144481,10,0.000416667,0.677797616,0.414196342,656.25,26.01968765,22,0.000429793,0.518186212,-226.4824066,159.1641235,-40.01025009,16.17315865,-30.78970909,-5.802427292,-47.94327164,-4.165765285,-41.74353027,5.542882442,-6.475039482,-7.670089722,5.9102211
3.2427,2,20,5087.145959,10113.47336,0.104588243,0.110666081,4206.303064,0,0,11,0.000895833,0.510589719,0.63973105,609.375,22.31077766,51,0.041019913,0.738344312,-185.4877167,109.4807281,-68.31434631,35.06623459,-25.27650833,26.24205017,-36.19512558,22.98072243,-41.12094116,10.95034599,-6.89526844,1.617926121,14.9656992,2641.748922,5381.019467,0.046466765,0.224014491,3340.778684,-2445.397037,0.11334841,11,0.0009375,0.83668077,0.285871297,609.375,83.61730194,20,0.000307067,0.713886023,-147.690506,159.6275787,-43.51989365,6.387300968,-36.53046036,-11.9449892,-51.17235184,-5.871733189,-37.36306,9.041695595,-1.837910771,5.831421375,17.31818581,2232.945061,4055.455943,0.036156826,0.186851367,3004.564731,-408.8038609,-0.037163123,9,0.000375,0.88192153,0.220572039,632.8125,68.9491272,21,0.000516026,0.515628457,-196.5399323,155.6792145,-28.96402931,8.830280304,-22.18125534,-23.37027168,-44.6647377,-17.80472183,-43.75450897,4.196818829,-2.904344797,-0.660150349,14.12506485,2299.036519,4294.82582,0.034964139,0.120243624,3060.389461,66.09145888,-0.066607744,10,0.000229167,0.779032409,0.34402445,656.25,39.7970047,21,0.000167793,0.452423036,-222.4295044,163.2095642,-35.53419495,9.727342606,-23.52389145,-17.20690918,-45.51420593,-15.00433254,-48.18963623,-0.846149981,-8.823290825,-3.018940687,9.925679207,2505.597927,5055.968238,0.04050333,0.084846705,3148.883471,206.5614073,-0.035396919,11,0.0011875,0.76946044,0.341400087,656.25,29.76227379,22,0.000307527,0.654274166,-244.2699738,164.8320465,-36.53971863,15.26168442,-26.69407463,-9.746228218,-40.80685043,-15.6613493,-44.21603394,5.458995819,-6.036338329,-8.326631546,8.285086632
2.3893,2,20,3971.059595,8140.625,0.06936849,0.110522367,3878.618002,0,0,8,0.000875,0.524102092,0.589281321,585.9375,22.12937546,41,0.067697607,0.897745848,-199.5687256,122.6445618,-56.13391495,21.01660538,-34.74567413,12.30771255,-33.48097229,19.10093117,-31.906147,11.1253109,1.143781424,0.168288663,7.199326038,2390.35258,4301.5625,0.039040799,0.154181063,3047.001636,-1580.707014,0.043658696,8,0.000145833,0.779214799,0.336662531,632.8125,52.59251785,20,0.000251017,0.465410143,-183.7611389,158.1663361,-40.62236404,12.60120869,-27.88502121,-15.01299,-47.28647614,-9.721964836,-37.26901627,0.100097984,6.862025261,-0.873190284,11.09518337,1944.914842,3401.5625,0.034570313,0.162160054,2781.563153,-445.4377387,0.007978991,9,0.000645833,0.823547184,0.267832398,632.8125,55.48498917,21,7.65E-05,0.50959444,-209.978241,170.2248688,-27.20477486,8.469267845,-24.01122284,-15.34974384,-43.07826233,-14.60289955,-42.95749664,-7.651519775,2.738355875,-0.384487748,9.791777611,2050.959108,3788.020833,0.035839844,0.115238436,2915.38789,106.0442666,-0.046921618,9,0.000375,0.721910715,0.35029003,656.25,33.88037872,22,0.000118215,0.60664773,-224.6502991,172.7536926,-29.96911621,14.53016376,-19.28664017,-15.00564766,-45.17105103,-9.672730446,-44.81255341,-8.283341408,-4.594988346,-8.666417122,2.075514793,2286.839563,4268.229167,0.04124349,0.107568987,3006.703586,235.8804548,-0.007669449,10,4.17E-05,0.692973077,0.39501223,656.25,33.10825348,21,0.000206358,0.497391433,-203.7332916,170.1791382,-40.23506546,10.09061718,-20.86497879,-10.89459896,-40.77293396,-9.253686905,-39.57675934,-2.080508709,-8.425287247,-10.47728825,0.448898286
2.1547,2,20,3736.05297,7628.620427,0.074111566,0.111450687,3630.396384,0,0,7,0.000770833,0.541423023,0.623959422,609.375,24.78623199,13,0.074330449,0.89149785,-190.1992493,126.6641693,-66.02528381,23.07772064,-34.11361313,13.69981289,-33.64170456,14.0219593,-34.56238174,10.12075901,0.431787163,-0.990800738,12.98839283,2446.762414,4667.492378,0.041015625,0.136110589,3133.633273,-1289.290556,0.024659902,4,0.000541667,0.801490307,0.305921823,632.8125,47.86601257,20,0.000494779,0.570934296,-203.2494812,153.6384888,-41.7269516,13.69705391,-29.69954109,-18.43585587,-45.50177002,-10.06367874,-40.1882782,2.363093376,9.119786263,-0.842766345,15.54471016,2480.066849,5003.04878,0.038609947,0.111829638,3069.826369,33.30443561,-0.02428095,7,0.000458333,0.853787243,0.268357813,632.8125,33.52088547,21,0.000171684,0.597135484,-215.8795929,154.8313293,-42.26727295,27.37898445,-22.97847176,-16.61243248,-43.47848129,-11.55757523,-46.03333282,-8.645759583,-2.259117365,-6.224967003,9.909985542,2179.015398,4115.853659,0.037240377,0.109826937,2923.902335,-301.051451,-0.002002701,7,0.000145833,0.72410506,0.349766344,656.25,32.69372559,21,0.000210007,0.396347344,-224.6278534,163.2164612,-32.04336929,13.56386662,-10.28805733,-16.82150459,-44.50474167,-15.64750671,-42.40753174,-5.822962284,1.869889617,-7.517501354,3.728046417,2319.994871,4543.445122,0.041158537,0.095962122,3036.346746,140.9794729,-0.013864815,4,4.17E-05,0.641702652,0.438475519,679.6875,30.59640121,6,0.000211278,0.527590275,-220.2974701,167.6149292,-37.00224304,23.48929024,-25.5712986,-16.43987656,-40.77133179,-7.234159946,-42.15829468,-1.316697836,-3.142592192,-12.44057369,2.217587709
2.1547,2,20,2466.907579,5034.489329,0.045291063,0.120583571,3066.976281,0,0,4,0.000520833,0.670417309,0.457989961,609.375,40.89902878,20,0.073435389,0.512283742,-231.7396851,140.9467926,-36.99772644,1.97573781,-35.83641052,-16.60967827,-37.80592728,1.566539288,-32.35856247,7.512521744,7.491615772,-3.800011635,10.87607098,2254.652986,4084.984756,0.041039444,0.127161235,3011.180759,-212.2545925,0.006577663,6,0.0008125,0.831059873,0.276276529,585.9375,42.6560936,20,0.000140208,0.996923864,-224.9725647,160.7855072,-38.59177399,12.79603195,-23.19583893,-12.71847725,-49.05467987,-12.54179859,-47.73768234,-3.96689105,7.521970272,-2.700133801,11.00036335,2255.427718,4097.560976,0.037812024,0.129452944,2969.784906,0.774731806,0.002291709,5,0.000791667,0.801846087,0.316200614,632.8125,39.43418503,21,0.000254688,0.915978014,-207.7185059,163.1677856,-37.13298798,22.22030258,-25.17177391,-18.5320034,-43.79808426,-11.02694416,-42.24046326,-3.833617687,1.429693937,-5.610220909,3.051113129,2430.565122,4672.637195,0.039503144,0.118534811,3100.284819,175.137404,-0.010918133,7,0.000645833,0.803537488,0.302473217,632.8125,38.40375137,17,0.000354671,0.596072018,-205.3475647,155.6051331,-34.15658188,15.23974037,-19.28051949,-11.661479,-39.36473846,-17.14979553,-39.45507431,-3.042665005,-1.921623468,-5.493044853,2.147804499,2747.089829,5639.862805,0.044886147,0.105256453,3389.944723,316.5247071,-0.013278358,7,4.17E-05,0.633029401,0.463683128,679.6875,29.14748383,22,0.000790095,0.558669567,-205.570343,158.9284973,-37.88760376,22.83492279,-20.98378754,-13.61265278,-45.00682831,-3.405623674,-43.71707535,0.715603292,-3.073628187,-7.051978111,-0.562546313
3.84,2,20,4562.130699,8952.803938,0.083175032,0.079728998,3892.735804,0,0,9,0.00125,0.495725662,0.67592603,609.375,16.88217735,39,0.042233057,0.540368378,-215.6429901,101.606041,-55.18254852,36.73035431,-15.81306171,15.39983559,-27.68230629,19.05573273,-35.8018074,5.678658485,-3.350845098,-1.23487699,11.18710518,2662.966655,5361.729452,0.043423587,0.223357156,3343.872401,-1899.164044,0.14362815,15,0.000270833,0.828451157,0.293625057,632.8125,81.12807465,20,0.000230192,0.671597958,-155.5258179,152.7609863,-38.78172684,9.286111832,-34.36127472,-13.28300858,-46.60610199,-8.496365547,-40.60917282,5.626005173,1.266563892,3.283253908,17.12134171,2439.290936,4729.559075,0.037537457,0.191846356,3165.270775,-223.6757187,-0.0315108,12,0.0010625,0.850943327,0.277199239,632.8125,74.77996063,20,0.000528487,0.511503935,-172.6461945,153.3968658,-33.80104065,10.40590382,-30.18687057,-16.2804985,-43.35286331,-19.10578728,-43.84338379,3.443851948,-1.715141892,-2.53756547,13.62366199,2564.017169,5128.638699,0.039209653,0.132979408,3198.556153,124.726233,-0.058866948,13,0.001458333,0.833736002,0.268216789,656.25,48.22505951,21,0.000214247,0.795316935,-209.7649994,149.7121887,-25.80226135,15.3312273,-27.34414864,-17.17401886,-41.27387238,-20.24059868,-41.02368164,-3.167678833,-4.918445587,-3.949634314,10.56121635,2308.166547,4525.36387,0.039758134,0.108378224,3085.335631,-255.8506217,-0.024601184,7,8.33E-05,0.787978292,0.327995837,679.6875,38.91206741,22,0.000149984,0.538642764,-222.6674652,167.3012085,-34.02841187,13.91201401,-33.00104523,-10.17474747,-42.76346588,-16.60768318,-44.73646164,5.30566597,-3.450878382,-9.307939529,10.13396358
3.6693,2,20,4384.653903,9201.766304,0.076950294,0.092533186,4057.678209,0,0,9,0.001020833,0.548893392,0.627608657,609.375,21.69417381,17,0.044696823,0.594899893,-200.9765778,111.5208817,-51.2757988,29.2943058,-23.34627533,17.2012825,-31.49163818,18.25962257,-29.37571907,12.83108997,-6.507036686,-0.76499182,11.00505161,2625.416391,5144.361413,0.042409703,0.194709539,3336.000949,-1759.237512,0.102176353,13,0.000416667,0.824872553,0.286187589,609.375,74.22995758,20,0.000306044,0.540397227,-166.4199524,155.2316589,-39.75092316,8.239088058,-33.43585587,-16.30780029,-44.0021553,-4.780147076,-40.90296936,7.650164127,1.748418808,2.406265497,16.79859924,2373.842364,4409.646739,0.037307518,0.185531527,3194.252778,-251.5740268,-0.009178013,12,0.0011875,0.87365526,0.22905454,632.8125,70.43721771,44,0.000490572,0.481346995,-192.6374207,154.6025391,-29.91337585,9.902111053,-23.53540611,-18.57325363,-45.86282349,-14.15899658,-43.77861023,2.485538006,-1.043805957,-0.221286103,13.99858379,2278.545571,4467.05163,0.033790478,0.147884846,3228.943396,-95.2967934,-0.037646681,13,0.000354167,0.833034873,0.268060327,656.25,54.70797348,22,0.000345957,0.614815652,-205.3361664,164.4785309,-22.4038887,7.216879368,-23.97006798,-12.24139977,-48.0858345,-14.68002319,-45.3174057,1.350202918,-6.255986691,-7.253196716,11.58786678,2545.295215,4986.752717,0.042346014,0.104112573,3239.621784,266.7496442,-0.043772273,11,0.001104167,0.725415111,0.365252823,656.25,34.11334229,22,0.000193582,0.38251844,-216.5838623,163.9418488,-31.25745773,10.17594051,-29.62084961,-16.8362236,-40.66729736,-7.235013008,-42.26250839,2.104667664,-5.305678844,-9.162734032,7.042428017
2.816,2,20,3055.492213,6416.568396,0.056834095,0.103341959,3407.985693,0,0,8,0.0010625,0.575985193,0.565960228,281.25,21.74226379,35,0.057166491,0.98980093,-209.3310547,146.3374634,-53.96098328,8.959410667,-20.57577515,9.21309185,-35.17636108,18.64557648,-26.99723244,3.578884125,6.240119934,7.868152142,-0.612336159,2340.197954,4570.3125,0.035183889,0.16636157,3227.382572,-715.2942598,0.063019611,8,0.000875,0.798211575,0.306117862,632.8125,58.20219421,21,0.000727846,0.626640856,-189.578598,163.4908752,-27.34344101,6.22594738,-23.04872131,-11.44369602,-47.8575058,-5.254719257,-32.61227417,-4.385467529,3.1741364,4.0221591,3.701562166,2044.503973,3862.76533,0.035368146,0.171830088,2873.925649,-295.6939804,0.005468518,7,0.0005,0.799053669,0.319665134,656.25,62.04692841,22,0.000202698,0.507772684,-198.4391937,173.7761993,-22.6629734,4.633859158,-15.9093132,-14.21859455,-41.05410385,-12.1047821,-44.89193344,-3.978858471,4.530231476,-3.440411091,-2.23169589,1996.871752,3474.941038,0.035239166,0.116770066,2861.648996,-47.63222109,-0.055060022,9,0.000520833,0.749415696,0.342370689,679.6875,41.06695938,6,0.000134836,0.45762974,-229.7679596,178.4835968,-16.57551765,9.405781746,-24.41207314,-13.8536787,-42.43139648,-7.729636192,-37.79444122,-7.027823925,0.567422271,-4.70283556,-4.356713295,2389.134663,4459.316038,0.04283977,0.087167174,3180.882236,392.2629105,-0.029602893,10,0.000645833,0.518893719,0.567970097,703.125,22.63241386,23,0.000607902,0.326457798,-227.2518768,176.7086945,-30.28624535,15.02392769,-24.92533875,-9.278352737,-41.8530426,2.342833042,-34.34436417,3.479639053,-3.555588722,-4.853834629,-1.49678123
2.56,2,20,3542.693408,7529.177296,0.06181242,0.134780705,3753.412175,0,0,7,0.000770833,0.618626595,0.510606706,609.375,38.18063354,20,0.062647089,0.756949604,-172.4052124,130.8571167,-53.57383347,19.70137405,-36.08275223,10.69381809,-43.28640747,12.19027138,-31.59271431,9.287822723,2.550245523,-0.094708346,12.68426132,2341.37897,4366.071429,0.037567761,0.226959601,3026.846499,-1201.314438,0.092178896,5,0.0005625,0.840183318,0.27455169,632.8125,76.96538544,20,0.000409342,0.644116461,-154.9542542,164.4421082,-39.62098312,11.66039371,-32.91383743,-17.67614555,-46.42502213,-8.210119247,-43.00895691,3.05912447,7.549358845,0.392446816,11.44042683,2088.857947,3723.214286,0.034677934,0.193380922,2933.441222,-252.5210232,-0.033578679,7,0.0009375,0.83994633,0.25797385,656.25,71.06283569,21,0.000279264,0.746807873,-179.2397308,166.8007355,-28.79651451,13.20601463,-18.6486187,-19.99429703,-44.52444839,-13.64057636,-43.61652374,0.398549825,4.541391373,-5.182690144,10.89562988,2253.251176,4422.034439,0.038464605,0.149178654,3094.995899,164.393229,-0.044202268,5,0.000708333,0.769152999,0.320821434,656.25,54.03075027,22,0.000304202,0.614888966,-196.1744843,165.3526611,-27.40659142,18.71644211,-19.03202629,-15.50232029,-44.94412613,-12.91405869,-44.97185516,-2.83971262,-2.457417727,-4.608555794,3.776308298,2549.039334,4649.234694,0.044523278,0.117294237,3183.852267,295.7881581,-0.031884417,4,0.000625,0.618548334,0.45044595,679.6875,38.27585602,6,0.00024264,0.310668528,-211.5287323,154.110672,-28.96930885,23.475811,-21.96539879,-20.04452133,-36.44112015,-8.974560738,-44.53705978,0.161659494,-3.141444683,-9.441394806,-3.122928619
7.1253,2,40,3655.278473,7426.888993,0.06090762,0.129702464,3661.540583,0,0,20,0.002,0.71257627,0.42579934,609.375,36.84600067,20,0.023255292,0.575870633,-190.6134949,125.4754562,-45.11555481,15.00749302,-29.77496529,1.10251081,-33.30111313,-1.393717289,-39.30258179,8.189707756,-0.54337889,-2.008107424,14.53878593,2185.005157,4012.709888,0.035316581,0.155817881,2924.131855,-1470.273316,0.026115417,26,0.001604167,0.841709852,0.273161769,656.25,55.31582642,21,0.000155126,0.395703137,-204.9878693,158.271225,-31.50683212,7.880589962,-25.32906914,-22.11940956,-39.85616684,-21.62197876,-45.79301834,-0.532955229,-3.578984499,-5.434866428,9.189963341,2798.151269,5477.903451,0.051779676,0.067969449,3349.365326,613.1461118,-0.087848432,24,0.000458333,0.617148757,0.483689785,679.6875,17.18909073,22,0.000336478,0.527316809,-230.5082245,160.9530945,-47.09091568,19.76958847,-29.73968124,-12.52467918,-41.60784531,-3.296489954,-42.55680847,9.530550003,-6.274581909,-12.8782959,0.952721298,2657.989024,5116.546175,0.052934789,0.081932537,3216.087737,-140.1622452,0.013963088,24,0.001583333,0.523321688,0.55308646,750,17.10467148,23,0.000396159,0.387822956,-222.672348,161.5626526,-40.09973145,7.455724239,-29.50889015,-19.49965477,-35.27882385,-1.187019348,-29.24991417,14.85543156,-1.388734221,-8.824996948,-1.523152113,2727.689669,5139.983675,0.054866051,0.077326357,3272.836342,69.70064477,-0.00460618,18,0.001395833,0.579519629,0.521386921,843.75,17.39000511,25,0.000286696,0.416642755,-219.5529327,163.4021149,-42.79570007,0.215457752,-28.82786751,-18.40054321,-37.39122391,11.35991383,-19.04834747,16.75747681,-5.804605007,-11.13874435,-2.334218025
7.168,2,40,3488.809099,7012.326389,0.063831019,0.151184052,3545.214951,0,0,26,0.001958333,0.746612906,0.390222669,609.375,47.5877533,20,0.02295254,0.572928727,-180.7503815,130.4902649,-48.30478668,15.52850628,-27.77476501,-1.184636831,-38.33360672,-0.904028773,-39.2096138,8.766929626,-1.581874847,1.124765635,14.09188652,2225.47327,4141.493056,0.036668113,0.134112448,2882.494956,-1263.335829,-0.017071605,24,0.00025,0.827388883,0.288851708,656.25,47.23154831,20,0.000104895,0.438684464,-217.6727753,161.0380249,-30.99736404,3.830439329,-21.77632332,-22.71015167,-37.06341934,-20.13451958,-45.92986679,-1.545301795,-3.996947289,-5.5287714,8.928429604,2587.118256,5116.840278,0.048347078,0.067729034,3179.717342,361.6449856,-0.066383414,20,0.000166667,0.545660257,0.526251853,679.6875,15.80606461,22,0.000374906,0.325285286,-237.1442566,163.2414246,-37.43408585,9.265888214,-24.96123314,-14.99827671,-34.99623871,-9.39617157,-37.8614502,6.255265236,-5.866684914,-11.49653912,-0.395466,2495.354628,4684.722222,0.052567998,0.079679221,3098.993929,-91.76362778,0.011950187,22,0.002604167,0.507434428,0.564357042,796.875,17.02910423,7,0.000255243,0.478963584,-231.1078339,171.4526062,-38.68958282,2.463234186,-32.27226639,-20.85554123,-32.83318329,-1.377649903,-28.20633698,21.5899086,-6.790804863,-11.84779739,-0.221811593,2623.451982,4830.208333,0.052575231,0.073466539,3108.602235,128.0973543,-0.006212682,24,0.001979167,0.592832446,0.506696463,796.875,16.22478104,7,0.000293094,0.405124635,-238.8607483,171.3787537,-46.34841537,3.403871775,-33.20371246,-16.61943626,-35.82964325,11.73304176,-18.68605232,22.81716919,-7.927268505,-11.07947445,2.465297222
6.336,2,40,3720.514917,7705.22584,0.065733325,0.137387663,3651.805327,0,0,20,0.000958333,0.709534585,0.423227668,609.375,42.84389114,29,0.026212154,0.648657739,-178.0977936,125.8701553,-46.40235138,17.4223671,-36.08538055,1.225078821,-30.83348465,4.816333294,-36.25236893,5.578214169,0.621491611,-0.678553045,17.7228508,2369.380738,4711.922269,0.035837382,0.188243657,3082.161868,-1351.134178,0.050855994,22,0.000708333,0.859214723,0.258439422,632.8125,69.70374298,21,0.000190569,0.472694337,-181.3536987,152.9826355,-32.18818283,18.80164909,-29.79682159,-18.96656036,-39.64497757,-19.95733833,-46.13402176,-1.605014563,-2.079538584,-3.846337318,13.60943413,2684.823866,5437.303046,0.045369124,0.090722747,3262.200224,315.4431278,-0.09752091,20,0.000729167,0.746007144,0.343825251,656.25,31.97822762,22,0.000421158,0.246848017,-221.2783813,148.281311,-31.19881248,13.20927715,-23.88142204,-15.53296852,-32.15973282,-16.39533424,-41.16493607,-0.692589343,-1.384300709,-11.44035435,4.354130268,2709.348505,5237.985819,0.052455357,0.065258421,3131.854668,24.52463946,-0.025464326,21,0.000541667,0.522108495,0.546271086,726.5625,13.095438,6,0.000379964,0.343514651,-229.2839355,162.4136047,-45.11873627,18.1071701,-33.0457077,-18.38895988,-33.25563431,-1.19378984,-31.8624897,10.96749592,-0.680279315,-16.23854446,-2.478362083,2648.754648,5043.395483,0.053103663,0.070291199,3170.533703,-60.59385761,0.005032778,24,0.000229167,0.683832467,0.435702324,773.4375,19.03265762,7,0.000371865,0.525170624,-234.6267548,166.9262238,-44.51220322,11.34452534,-33.26857376,-15.67855549,-30.98542404,6.950049877,-26.49330521,22.35411072,-0.378923565,-8.95637989,2.939038754
7.104,2,40,3224.59245,6267.082556,0.062948198,0.129765987,3407.975794,0,0,21,0.001979167,0.721015275,0.406875014,632.8125,43.20723343,20,0.023095602,0.587922752,-205.6800995,134.5735168,-45.34830475,9.628666878,-19.24748993,-2.672988176,-40.59106064,1.582982779,-35.05016327,3.910654545,2.568104982,4.189227104,10.92416954,2270.396336,4279.092817,0.037218692,0.120663829,3059.300389,-954.196114,-0.009102158,21,0.001333333,0.818701029,0.284293115,656.25,47.1192894,6,0.0001482,0.418044925,-231.8919373,157.4270935,-25.28717804,10.1463747,-19.69205475,-24.50888443,-43.46293259,-16.95242691,-44.08644867,-0.827302098,-1.652972341,-0.43358326,8.215742111,2586.686491,4937.616604,0.047705807,0.080492504,3221.572036,316.2901549,-0.040171325,22,0.000895833,0.571823537,0.515751123,679.6875,21.63263702,22,0.000417535,0.340192854,-223.6357117,160.5348358,-32.61927414,6.491318703,-23.26293945,-11.64192581,-39.82197571,-8.221422195,-34.775177,5.741973877,-4.573032856,-13.11987686,2.516336203,2659.068214,5174.440299,0.052202367,0.071510762,3327.307594,72.38172367,-0.008981742,27,0.001333333,0.56592232,0.527601302,773.4375,17.94735718,24,0.000392084,0.346310079,-235.8999786,169.3171082,-34.94394302,-1.207359076,-25.90613747,-11.48757553,-38.76141357,3.054413319,-25.68932343,17.50453377,-5.177235126,-10.21510792,3.779773235,2854.456641,5758.978545,0.056341826,0.077382512,3395.43161,195.3884272,0.00587175,21,0.002541667,0.530508757,0.563325405,843.75,17.67995834,7,0.000357747,0.670555949,-228.1190643,163.2911377,-39.69338989,4.825192928,-31.50278473,-12.57582474,-36.27020264,13.627244,-18.58113098,18.85394287,-3.633584738,-10.72872925,5.297472477
7.04,2,40,3741.137543,7308.975564,0.071013716,0.164800376,3671.820367,0,0,19,0.002625,0.707854927,0.421194136,632.8125,45.87965393,20,0.017616114,0.765142918,-155.3201294,129.0644684,-55.39553833,21.72921562,-26.83665466,7.946634293,-38.8187027,5.188206196,-35.90867233,9.301616669,0.799508095,2.576848269,16.83145905,2355.847359,4707.236842,0.037450805,0.155401826,3107.524514,-1385.290184,-0.00939855,19,0.000145833,0.846465528,0.26109606,656.25,56.59773636,21,0.000278992,0.405941337,-200.6784821,155.5431671,-28.19825745,12.65697002,-24.79649162,-17.97416878,-43.06188965,-18.41493225,-43.12467194,-0.587849736,-1.396268725,-5.875441551,10.70158005,2838.6481,5874.882519,0.050579329,0.075771734,3457.711424,482.8007416,-0.079630092,21,0.000104167,0.612291396,0.475030392,679.6875,21.46935081,6,0.000397668,0.391200751,-228.645462,155.4070435,-33.7051506,14.78105927,-35.80405807,-8.412014008,-36.45159912,-8.822423935,-37.41760254,8.255681992,-3.537677526,-13.49957275,6.582159042,2957.661634,6051.809211,0.054981203,0.076587014,3416.58427,119.0135337,0.00081528,21,0.001229167,0.450096548,0.630730927,820.3125,14.71653938,24,0.000392799,0.415461421,-215.9545593,160.572113,-41.06197739,13.18418694,-37.03574371,-10.98367596,-37.68635941,1.605362296,-26.46919632,17.21965408,-4.802208424,-16.52055931,3.536411762,2875.306477,5860.256109,0.052477385,0.070813879,3390.740363,-82.35515661,-0.005773135,21,0.000125,0.63017267,0.470867932,796.875,17.11784363,3,0.000347956,0.349652231,-229.5609436,156.522995,-37.74974823,8.075135231,-33.5524559,-16.15043068,-31.4527607,9.577667236,-15.37473774,21.34093094,-3.353131056,-7.909590721,2.158352613
7.0187,2,40,4039.497112,8390.625,0.068903143,0.147235349,3978.920186,0,0,26,0.002166667,0.737021267,0.39489916,609.375,49.80585098,20,0.01870168,0.497839421,-167.0001678,125.0210419,-48.70294571,16.92291832,-30.89289856,5.408232689,-38.75479507,4.70802927,-36.83921432,9.116264343,-5.011518002,1.358902216,18.08840942,2294.521715,4343.039773,0.036125414,0.148626789,3032.952491,-1744.975397,0.001391441,25,0.000708333,0.843105078,0.272228569,632.8125,51.84956741,21,0.000186859,0.340044439,-204.4670258,157.8247223,-29.39849091,10.82897949,-23.12267685,-20.22188377,-41.17576599,-18.69619751,-42.03284073,1.043148518,-3.908799171,-2.930478811,10.16961861,2179.570744,4078.125,0.041067412,0.096250854,2914.418838,-114.9509704,-0.052375935,26,0.000875,0.644976258,0.433627099,679.6875,31.35772133,6,0.000249831,0.331866533,-233.3152161,169.4840546,-30.66320229,5.2589221,-27.8588047,-20.30757713,-35.00006485,-16.37627029,-37.37799454,4.116315365,-6.002166271,-8.365692139,1.279149532,2601.375881,5049.715909,0.05012281,0.073098876,3176.624362,421.8051364,-0.023151979,22,0.000104167,0.505757928,0.574482262,773.4375,15.77688122,7,0.000437441,0.353155732,-231.6041107,169.0491486,-37.21403122,7.23086071,-29.40826988,-15.36793518,-33.45900345,-0.771662831,-29.2313633,17.82022667,-7.897649765,-11.1055975,2.296453238,2680.966659,5218.75,0.050936612,0.066400811,3338.422707,79.59077827,-0.006698065,21,0.001395833,0.645506024,0.46092099,773.4375,15.90252209,3,0.000371507,0.254658163,-240.5766144,161.8560333,-34.08381653,-0.742128313,-29.11826515,-13.81027699,-29.35038567,11.52220726,-17.0506115,20.15307617,-2.404858828,-9.555857658,1.261632085
7.8293,2,40,3578.442399,7439.413265,0.062749123,0.161305904,3650.062133,0,0,29,0.001916667,0.743393421,0.393959969,609.375,54.63941193,20,0.015693258,0.616563737,-175.1070404,127.9523773,-45.93041611,16.87733269,-32.85999298,0.174757361,-34.61601257,0.679244041,-36.53100967,7.92242384,-1.336040974,0.275241345,16.18598938,2312.205803,4428.571429,0.037458147,0.152281597,2974.662634,-1266.236595,-0.009024307,22,0.000208333,0.844538748,0.268831581,656.25,57.03469467,21,0.000140611,0.437142581,-206.3194122,153.4030304,-32.46870422,7.557032585,-24.56788254,-23.18611908,-39.81876373,-20.58288956,-43.03386307,1.713826537,0.741390646,-4.999644756,13.61283302,2747.039359,5534.917092,0.04942602,0.071947619,3351.190265,434.8335557,-0.080333978,26,0.001979167,0.592639804,0.495421261,679.6875,21.23306656,22,0.000353735,0.25591597,-238.8948822,153.4607849,-32.46576691,8.684863091,-26.47296524,-14.63848877,-37.35771561,-10.84038258,-36.13354492,5.78461647,-3.807048798,-11.28073311,3.874995947,2844.251808,5613.520408,0.054836974,0.06253662,3356.672048,97.21244853,-0.009411,24,0.000729167,0.479956329,0.595431626,679.6875,11.32823849,6,0.000404028,0.367137879,-232.2242279,161.9421234,-45.20604706,17.75852203,-37.98515701,-8.452297211,-40.94073486,-2.635921478,-31.42494774,10.83812714,-4.370903015,-13.93424797,2.483344555,2883.475074,5973.852041,0.051638233,0.079188876,3489.157779,39.22326666,0.016652256,29,0.002979167,0.606275499,0.492692232,843.75,19.30613327,7,0.000369643,0.860709906,-221.609375,157.9170227,-35.1412735,6.143394947,-41.52675247,-14.28197575,-38.52909851,4.758334637,-20.86105347,17.7720871,-6.320615768,-14.09437084,-1.137508273
5.3973,2,40,2540.028902,4758.961397,0.052164714,0.133047119,3004.598262,0,0,17,0.001354167,0.792766929,0.309186637,609.375,42.02105331,20,0.029767478,0.651215553,-207.6418457,146.2657166,-49.27711868,4.517615795,-18.84136963,-15.13822269,-37.87644196,-5.761259556,-37.01419449,2.9297297,-0.990425646,3.504945278,9.707403183,2456.154863,4660.615809,0.044318704,0.139607593,3177.678627,-83.87403924,0.006560475,17,0.000166667,0.747851789,0.344492733,656.25,43.12897491,22,0.000259119,0.48868674,-184.765625,164.1366272,-39.80913544,16.25297928,-22.1884079,-16.02430344,-43.36833191,-9.540826797,-45.81055069,-0.409667045,-6.139704704,-2.361123085,5.538407326,2341.954565,4310.661765,0.044955384,0.103514135,2992.804257,-114.2002976,-0.036093459,16,0.001145833,0.533246636,0.537503242,703.125,25.56408119,22,0.00045036,0.318985015,-203.4869232,170.4976959,-36.62630081,7.95278883,-18.74046135,-20.84213829,-39.59488297,-2.539194345,-31.62273979,4.465277672,-7.873001575,-9.58776474,3.100300312,2486.26736,4777.113971,0.050024893,0.088663951,3199.254117,144.3127952,-0.014850184,20,0.000791667,0.696710169,0.414444476,773.4375,23.96093178,20,0.000392024,0.401751578,-217.6417694,168.4139404,-37.11826324,6.901257038,-28.49523354,-14.56082726,-41.45779419,5.135288239,-22.33203125,15.16718388,-2.450977802,-8.611232758,2.622470379,2615.534607,4953.125,0.048406863,0.083832562,3197.719771,129.267247,-0.004831389,16,0.000666667,0.66416806,0.440723479,796.875,22.31286812,2,0.000249973,0.363671303,-216.4174347,164.6499634,-39.34357834,5.171137333,-33.18297195,-14.32812977,-37.51470947,12.50224018,-12.95489883,14.37846661,-5.304521561,-11.20177364,4.133314133
5.248,2,40,2982.273716,5944.839015,0.053153606,0.179786354,3261.717783,0,0,13,0.0015625,0.780772746,0.333117396,585.9375,50.06544113,44,0.030824384,0.62916404,-167.5000763,137.5871735,-49.65946198,22.01923561,-34.65733719,-10.16936779,-39.56859589,-3.071931124,-41.6438179,0.282286167,4.355800629,-4.027663231,13.53959751,2364.097459,4545.454545,0.040951507,0.120277248,3029.571877,-618.1762572,-0.059509106,9,0.0003125,0.679694951,0.398781896,656.25,35.46057892,22,0.000500251,0.468569249,-200.3661194,165.1291199,-36.19085312,22.87719536,-19.99050331,-18.07049561,-40.66550446,-10.20426464,-48.39845276,-4.538685799,-3.892785311,-10.53297424,-0.053069133,2700.508308,5210.700758,0.05475655,0.07153862,3285.107754,336.4108491,-0.048738629,16,0.001895833,0.54859823,0.541766346,679.6875,17.43683243,6,0.00062485,0.480629444,-224.0810089,158.2588959,-40.15261841,18.05335808,-24.73996353,-15.62717056,-39.19216919,0.357981741,-31.59064102,6.659571648,-2.817969084,-7.542787552,-6.390600204,2899.887115,5745.028409,0.053296638,0.075364023,3367.622245,199.3788069,0.003825404,15,0.001604167,0.664406538,0.473575085,796.875,17.88706017,3,0.000429867,0.553147018,-215.1430969,161.2173462,-49.34634399,21.84174728,-30.59913063,-13.97073269,-38.28998184,11.18334579,-23.54718018,19.35085297,-3.029432774,-7.995512486,-0.023618659,2965.507284,5627.367424,0.056990807,0.078826554,3404.474156,65.62016929,0.003462531,16,0.000833333,0.643686593,0.47499913,796.875,18.7973423,2,0.00049111,0.421088696,-214.6504364,155.8470612,-43.74236679,19.57944489,-30.54846573,-18.89143753,-36.10489273,18.17203331,-20.44382668,16.51359558,-3.635562897,-9.438193321,0.66873616
5.248,2,40,3037.638651,6010.416667,0.055476641,0.155487657,3313.584428,0,0,15,0.001145833,0.730712533,0.385173172,632.8125,44.03355026,44,0.030685825,0.498140544,-163.1486359,134.5317535,-51.54647064,18.95464134,-35.6372261,-13.08238411,-36.00182343,-3.818054438,-42.90483475,3.499376774,0.700044394,-1.829980135,10.87278557,2485.670751,4953.835227,0.041222775,0.170353264,3115.936433,-551.9679002,0.014865607,16,0.000645833,0.816188276,0.285817534,656.25,54.94394684,45,0.000180059,0.462729126,-176.8278351,151.2212219,-35.22974396,24.46806717,-19.8800869,-25.55740929,-43.0460968,-12.81084538,-49.09365082,-4.209458351,0.025899213,-10.26618195,1.057945132,2748.313688,5188.210227,0.052315144,0.085052125,3155.861811,262.6429378,-0.085301138,16,0.001395833,0.538612604,0.5558393,679.6875,20.75097466,22,0.000441498,0.413982183,-203.7790527,158.6154785,-47.38932419,22.93288422,-23.07391357,-19.14104462,-34.46115875,-2.345492363,-39.16659927,7.481225014,-4.131270885,-9.781200409,-3.768269777,2732.83458,4978.693182,0.054238676,0.100990362,3142.015332,-15.47910856,0.015938237,16,0.0018125,0.642820835,0.463725477,773.4375,26.63984299,19,0.000337176,0.435521871,-206.2579498,156.0919495,-45.13594437,16.65968513,-29.1625309,-23.94915199,-36.31877899,6.410644531,-24.12879372,16.99907494,0.772787213,-6.656602859,-1.553054452,2901.856507,5350.142045,0.057592527,0.094129212,3198.320846,169.0219272,-0.00686115,16,0.001291667,0.637091696,0.478266776,796.875,21.47906685,2,0.000315661,0.621541083,-195.7171326,157.9461517,-56.72816467,22.89916039,-31.9918251,-22.32722664,-35.81238174,16.00483322,-21.19236374,20.29180527,-1.769245148,-4.990976334,0.471401483
4.9493,2,40,2866.775327,5426.663306,0.049851941,0.196275547,3172.581162,0,0,14,0.001895833,0.821062207,0.295500427,632.8125,62.95280838,44,0.024365764,0.907356024,-158.4606323,151.0814056,-51.80913925,21.45390701,-27.88995552,-10.44579983,-39.80820084,-3.561801434,-41.99150085,4.050639153,3.323607683,-1.284690142,13.73155594,2220.69611,4229.586694,0.040280578,0.169086665,2899.961062,-646.0792171,-0.027188882,13,0.0006875,0.761300862,0.347834587,656.25,56.11940384,20,0.000141653,0.471159846,-180.3621521,165.8342743,-33.8991127,21.57691956,-23.52762413,-16.89651299,-39.31613541,-14.30176735,-46.64604187,-5.055286407,0.855990112,-6.342846394,4.05577755,2765.061141,5435.987903,0.052671371,0.091763079,3250.507672,544.3650307,-0.077323586,15,0.0014375,0.554129422,0.543633223,679.6875,23.4169178,22,0.000319877,0.502801776,-198.9385223,161.4983826,-48.65940094,26.40856552,-25.14106941,-12.01650047,-42.55563354,0.456485063,-37.26288223,1.942798376,-4.069452286,-11.15908909,-5.076023102,2596.290178,4982.862903,0.052330099,0.067529306,3139.852978,-168.7709626,-0.024233773,13,0.001791667,0.630585253,0.465805322,773.4375,15.65040588,2,0.000287242,0.642153144,-221.3751831,165.9663391,-47.70174408,17.24655151,-26.37838936,-13.81019211,-35.79239273,5.150417328,-25.03297997,12.97649288,-3.33126688,-9.741756439,-2.270160913,2895.736055,5836.945565,0.053658434,0.094104901,3351.950351,299.445877,0.026575595,11,0.000229167,0.744835436,0.381930262,796.875,26.2984848,2,0.000359477,0.383997291,-205.0930176,152.5817871,-44.15061188,11.15468311,-28.18836975,-22.87668228,-35.99715424,12.82698345,-16.64060402,23.13975525,1.17196703,-5.025304794,1.119151831
5.1627,2,40,3051.330546,6219.877577,0.054269692,0.146740302,3461.3506,0,0,13,0.001916667,0.762548566,0.354090631,632.8125,43.94014359,20,0.031325277,0.916345179,-173.4459229,138.1720734,-47.81811142,16.64234924,-32.83664322,-4.523278713,-44.01586533,-6.688458443,-35.62531662,1.409736991,1.766172528,1.923456073,8.539903641,2402.790048,4762.644974,0.039273921,0.14124389,3158.747802,-648.5404979,-0.005496413,17,0.000145833,0.754526258,0.33306241,656.25,44.06783676,21,0.000420126,0.385379642,-191.9043121,158.0003967,-31.14768028,15.42878437,-19.19846916,-15.09276676,-40.00660324,-12.94285679,-47.88585663,-7.362214088,-0.808502913,-6.637935162,-4.445028305,2595.382916,4986.388531,0.047509262,0.098848775,3215.703768,192.5928674,-0.042395115,14,6.25E-05,0.617426872,0.458821118,679.6875,23.54975891,22,0.000385459,0.397834629,-200.9393921,164.0128326,-37.97477341,15.08706093,-28.18802261,-16.35436058,-37.73647308,-2.45994854,-38.87705994,4.814092159,-3.102384806,-10.91696167,-4.638384819,2734.309018,5424.693943,0.05054466,0.072225034,3378.492923,138.9261024,-0.026623741,14,0.0013125,0.698618889,0.40297991,750,20.0776329,2,0.000411761,0.452179939,-231.7268219,157.5655212,-34.94350433,12.76078224,-28.28967476,-18.14397049,-35.59889603,4.504125595,-23.46264648,14.38210487,-2.950941563,-5.079930305,-2.499556065,2599.601234,4770.135309,0.047760954,0.086437099,3150.936961,-134.7077841,0.014212064,15,4.17E-05,0.697376788,0.425466955,796.875,21.97228813,2,0.000256664,0.557116628,-217.5559692,166.8062592,-48.60549927,10.2134552,-33.56106186,-15.37537861,-37.75953293,8.564697266,-19.8805542,22.96603966,-4.07290554,-6.724135399,5.659897804
7.36,2,40,3529.660448,7225.831835,0.0612389,0.165942803,3673.263581,0,0,22,0.002541667,0.73534745,0.408545822,632.8125,53.27035522,20,0.022203257,0.738863945,-162.5166931,129.1719666,-44.12360764,11.98651218,-21.50304031,2.121744394,-41.36914063,5.724168301,-30.781847,5.00033617,1.340293407,2.677422047,10.44694805,2372.237342,4272.200989,0.039568345,0.15353635,3148.069801,-1157.423106,-0.012406453,25,0.00125,0.828187346,0.281494081,656.25,55.0287056,21,0.000219774,0.311281055,-198.9614105,154.6370239,-29.88582993,7.286318779,-16.91396141,-16.73528862,-44.0355835,-15.75668526,-42.6268425,-0.334920734,-2.981413841,-0.209099233,5.423213482,2800.037612,5745.897032,0.050321071,0.07245525,3492.339199,427.8002699,-0.0810811,26,0.000208333,0.563843966,0.514902055,656.25,17.45480919,22,0.000379058,0.329366803,-228.9796753,161.297821,-33.1480217,6.320327282,-19.87342262,-13.44768429,-39.7068634,-1.741811752,-39.39719391,10.54112625,-7.309313297,-12.77904606,3.025241375,2575.932076,5298.561151,0.050015456,0.088176988,3387.294773,-224.1055361,0.015721738,25,0.002208333,0.603652179,0.475541711,773.4375,20.75355721,24,0.000247286,0.386126578,-215.5232086,168.9098816,-29.97703934,-0.435820907,-26.90479279,-15.24894619,-40.67224121,1.594780207,-26.71346664,16.58823967,-6.275857449,-10.11144066,2.43215394,2713.487484,5456.890737,0.049411252,0.089476265,3441.68171,137.555408,0.001299277,26,0.002208333,0.618011773,0.491038084,867.1875,21.94518661,3,0.000273399,0.435140699,-221.8495483,165.6539917,-33.74417114,-2.262503386,-28.41300964,-12.75709057,-40.82172394,11.1005106,-15.89413071,23.27129173,-6.906864643,-11.36774826,4.544696331
7.4667,2,40,3613.425508,7190.159574,0.06132951,0.136090666,3641.187282,0,0,22,0.002520833,0.691695452,0.430458277,609.375,41.56364059,20,0.018500857,0.540708303,-186.148407,128.8831177,-43.69991684,14.14209652,-29.22105217,-0.854691327,-34.00727844,-1.275422215,-34.19389343,7.823777199,-3.787800312,1.36055088,14.63812828,2285.208658,4343.75,0.037303302,0.130090639,3021.477758,-1328.21685,-0.006000027,24,0.000541667,0.809907794,0.291950166,656.25,46.60357285,21,0.000135003,0.34078306,-215.7239532,153.7434082,-26.50905609,3.992872715,-25.48990631,-20.15326691,-37.50862122,-23.65058517,-42.88053894,-0.32755816,-2.554145336,-2.727449179,9.519166946,2706.140641,5401.263298,0.050836658,0.060700193,3233.412255,420.9319825,-0.069390446,22,0.000729167,0.543922544,0.549326301,679.6875,15.51624966,22,0.000351963,0.405713409,-242.9373932,165.7279358,-44.66598129,17.46132278,-31.84505844,-8.107134819,-36.85038376,-6.777678967,-35.83556747,11.40559578,-3.931751966,-13.90552139,2.232758045,2816.203966,5620.179521,0.054036458,0.06127774,3364.592112,110.0633256,0.000577547,25,0.002125,0.536837935,0.549563169,773.4375,13.18408489,7,0.000370624,0.457408458,-235.8992157,163.0130768,-43.03451157,14.02789402,-33.33572006,-13.42951393,-34.02296448,2.540105343,-29.96332741,18.72558594,-4.517127991,-11.96560001,-0.657039464,2704.095684,5067.819149,0.05485026,0.095264181,3164.453866,-112.1082826,0.033986442,23,0.002208333,0.55600661,0.539632559,867.1875,22.48836136,8,0.000311695,0.476364553,-205.1885681,169.0531158,-46.12395477,6.607776165,-37.0405159,-16.1842804,-34.51391983,5.839105129,-22.94525146,20.18821716,-7.451344967,-9.821645737,-0.570530653
7.3173,2,40,3438.32996,6859.884511,0.058912194,0.163127571,3593.711828,0,0,20,0.001541667,0.780395985,0.356871277,609.375,53.07099533,25,0.022386132,0.588083088,-175.2137909,132.0976715,-40.51486206,19.84694481,-31.50635529,-3.989397526,-39.21825409,-1.426464081,-35.7862587,9.967166901,-5.606370449,2.520812273,17.80395317,2442.829679,4875.169837,0.039154495,0.115287021,3044.217233,-995.5002805,-0.047840551,27,0.001354167,0.801158488,0.32656756,656.25,44.48490524,21,0.000217748,0.441911817,-228.5336304,154.9904022,-36.21058273,10.95670414,-28.28212357,-18.49351501,-37.06233597,-20.5331459,-45.5496521,2.693008661,-1.395080924,-5.210989952,14.21311855,2906.270034,5901.494565,0.048803357,0.06775035,3422.020392,463.4403549,-0.047536671,29,0.000875,0.651825368,0.442904025,679.6875,21.47559738,6,0.000528788,0.317927927,-234.0922699,150.4355469,-31.99196815,15.96893597,-29.40633965,-11.94865608,-37.82687759,-10.84789181,-35.67245483,6.846915722,-2.452507257,-12.07344151,7.160092831,2844.11768,5650.475543,0.051941803,0.061529726,3303.835954,-62.15235389,-0.006220624,21,0.002666667,0.501826644,0.580155432,750,12.00074863,6,0.000473849,0.594544351,-237.3984528,161.5165558,-42.40530777,15.93894577,-37.3977356,-8.980768204,-33.87783051,-1.75341332,-28.3742218,16.23116493,-5.536252499,-12.08999538,6.731598854,2810.79618,5621.09375,0.054680423,0.064627215,3352.481527,-33.32149976,0.003097489,26,0.0016875,0.634426415,0.46938771,843.75,14.47178173,7,0.000356395,0.442703247,-231.8857727,160.8329926,-41.67381287,11.88814926,-37.6414566,-10.20051193,-34.68970108,8.784051895,-13.97181702,19.99425888,-6.532240868,-9.404033661,2.579452753
11.8187,2,60,3753.131921,7287.056588,0.061813767,0.136840612,3657.077018,0,0,35,0.003833333,0.743701398,0.388034105,632.8125,39.70151901,20,0.014779177,0.519476414,-194.6348877,120.7923355,-32.11625671,27.41166115,-19.32513809,-1.518552542,-30.27959633,5.418937683,-34.94005966,6.915652752,-2.462684393,1.155249476,14.16446972,2359.264989,4345.967061,0.043595598,0.098532096,2924.759839,-1393.866932,-0.038308516,37,0.00125,0.745530784,0.353824347,656.25,29.89537239,22,0.000172118,0.369416118,-222.1657104,159.6538696,-41.6343956,7.13015461,-21.53656387,-16.45006943,-39.53719711,-17.40010452,-40.27434921,0.37521857,-3.849121332,-6.932699203,7.830144882,2595.579273,4997.043919,0.052644197,0.059373412,3153.546234,236.3142838,-0.039158683,40,0.0010625,0.569012165,0.519018769,773.4375,13.23630142,7,0.000288422,0.373814374,-245.9731903,168.8615875,-43.71670532,9.228451729,-30.73974609,-13.89560223,-39.55418777,3.697620392,-25.01253128,13.43922901,-3.000812769,-11.3079319,-1.083162189,2807.113269,5497.677365,0.054034259,0.064431928,3339.360848,211.5339964,0.005058516,36,0.0024375,0.580790401,0.517896652,867.1875,13.72038078,8,0.000410746,0.269918829,-242.6328125,162.2926331,-39.58049774,1.326244593,-30.73092651,-17.03428268,-31.52794266,17.95110512,-13.85440636,17.84069443,-8.993384361,-7.806157112,-1.448387861,3018.7277,6090.477196,0.059013848,0.062299579,3482.733256,211.6144309,-0.002132349,38,0.004354167,0.454550833,0.6304003,984.375,10.41781521,11,0.000510774,0.434007227,-234.7282867,161.1909485,-44.55352783,-3.971278667,-29.06962585,-8.973193169,-22.37996864,34.36616135,-14.48547459,13.88207722,-12.63748264,-13.46840954,0.313417524
12.4587,2,60,3534.513696,6758.213141,0.060496795,0.112503983,3506.755461,0,0,38,0.002604167,0.730557561,0.409905225,632.8125,34.18620682,20,0.013924578,0.512407959,-220.9653473,121.3254318,-33.76980591,17.15848923,-13.43335247,-3.921936512,-31.88043213,4.233560085,-32.83769608,0.611622453,-2.224368334,1.004122615,8.526636124,2510.20142,4962.039263,0.044431507,0.097865313,3215.293968,-1024.312275,-0.01463867,43,0.00125,0.723640084,0.366958201,656.25,29.07230377,22,0.000395238,0.374043703,-229.5780182,158.6246948,-33.98244095,5.242288589,-21.01996613,-17.91630554,-42.5601387,-14.36186218,-38.97660065,3.261630058,-7.707920551,-5.386700153,4.954225063,2547.684169,4658.854167,0.051102597,0.065119684,3131.812153,37.48274913,-0.03274563,38,0.0044375,0.503942609,0.571722686,773.4375,12.22585297,7,0.000298189,0.440270633,-235.8622742,166.2656555,-40.75616074,0.519791424,-26.08874893,-15.98207283,-38.90844345,0.422138453,-24.24688721,11.71623325,-6.341209412,-11.32858372,3.216142416,2634.00257,4865.885417,0.052289914,0.05947502,3259.38401,86.31840079,-0.005644664,38,0.0020625,0.531692386,0.559458971,867.1875,11.25195313,3,0.00028807,0.286832988,-249.856842,171.0650635,-36.3459549,-7.276450157,-28.12163925,-14.4074831,-33.79180527,17.95614624,-15.15261078,15.59946537,-14.11627579,-11.89028931,2.572193861,2907.026374,5921.574519,0.055432442,0.059870917,3449.878582,273.023804,0.000395898,39,0.0031875,0.465468228,0.624652982,984.375,8.885879517,12,0.000382563,0.44579801,-241.0548248,169.9772644,-43.9489212,-1.487879276,-35.30272675,-2.077161312,-22.8985672,35.48795319,-18.19220352,10.43545723,-13.74215317,-15.56969166,4.819941521
12.2453,2,60,3535.265516,7200.91712,0.053460428,0.141012937,3688.28236,0,0,41,0.003479167,0.789724648,0.3362571,632.8125,42.64928818,20,0.013998343,0.541291416,-199.613266,126.6919861,-24.75655556,21.84228897,-25.95981026,1.566304326,-28.90558815,8.490870476,-30.48018074,4.725928307,1.54242444,-2.148843527,10.46241093,2469.450286,4865.828804,0.043762738,0.109651186,3128.005031,-1065.815231,-0.031361751,39,0.000354167,0.722250521,0.376655787,656.25,31.9056778,22,0.000219921,0.306639791,-212.2472992,154.3592682,-27.52096558,8.022545815,-23.75146866,-17.84197426,-37.87116241,-16.0311203,-33.12948227,3.528923273,-1.44343996,-7.954288006,3.812526464,2962.796631,6043.61413,0.057574728,0.083010055,3438.470802,493.3463454,-0.02664113,43,0.003416667,0.580649853,0.520146012,773.4375,16.89022064,24,0.00034952,0.584726572,-211.9235382,160.9867859,-44.71457672,16.81737137,-36.21674347,-7.64067173,-40.1231308,5.366505146,-23.48482513,15.62194538,-3.157604933,-10.7299881,0.101517655,2863.525745,5754.925272,0.055279806,0.085641868,3458.754577,-99.27088583,0.002631813,42,0.002354167,0.608097017,0.49207589,914.0625,17.44204712,3,0.000438888,0.39202705,-210.6385193,163.7473907,-38.56843185,6.363165379,-39.70806885,-12.48322296,-35.21762466,18.56721687,-12.54156113,17.41263008,-14.46615791,-8.333319664,0.148124203,3036.071414,6012.126359,0.055305282,0.072712153,3469.831333,172.5456686,-0.012929715,41,0.0005625,0.452587843,0.643828094,937.5,12.35275555,11,0.000547805,0.347685784,-223.3458557,165.4140625,-42.6497879,-0.104992412,-36.11752701,-5.465513706,-21.13344574,34.08545303,-16.16739655,12.28338337,-16.01860046,-10.79456139,-0.48540011
9.92,2,60,2855.324035,5614.471925,0.047251003,0.137827411,3202.475832,0,0,26,0.001958333,0.784731328,0.351764858,632.8125,45.64110565,45,0.016557286,0.44574517,-199.3054047,141.0166321,-41.14608383,13.50226688,-23.42238235,-11.53434181,-37.49850845,-6.598876953,-38.51712036,3.123176813,1.774754763,-3.359651089,13.16896248,2471.089686,4683.238636,0.0452796,0.088486664,3116.117877,-384.2343484,-0.049340747,30,0.0001875,0.676356494,0.414997816,656.25,26.21658707,22,0.000238813,0.279737234,-226.668869,157.6844482,-34.1687355,10.33629131,-20.2155323,-19.60237885,-38.98352432,-12.42303658,-35.88816452,3.37980175,-3.20148325,-11.68001175,3.432061434,2507.478294,4588.987299,0.053374102,0.08407294,3034.162542,36.3886074,-0.004413724,27,0.0023125,0.598082602,0.493829072,773.4375,18.49241638,20,0.000283845,0.421551108,-220.3770752,168.8531952,-43.4930687,5.123503208,-23.38114166,-21.40664864,-36.99790192,4.165656567,-24.24566841,16.36463165,-3.322811127,-12.20715427,-1.077992558,2753.124653,5285.218917,0.053366268,0.079300418,3293.540394,245.6463595,-0.004772522,25,0.0023125,0.577969491,0.527910292,867.1875,18.17406654,10,0.000308508,0.344090074,-222.106308,163.7233734,-41.96648407,-6.210311413,-27.45238876,-18.54262733,-29.81255722,19.36311913,-15.70431328,19.78589439,-6.963686943,-8.458040237,3.128938198,2728.485696,5223.429144,0.055314171,0.07070525,3206.250907,-24.63895705,-0.008595169,29,0.002645833,0.477095127,0.613321781,1054.6875,11.9819088,11,0.00033646,0.248646736,-230.6981506,166.5907593,-46.66518402,-10.06694508,-26.70599937,-15.87174511,-20.21282005,32.67913055,-14.55697346,14.60240555,-9.987906456,-13.59595013,3.947676182
10.1547,2,60,3004.62791,5801.701571,0.051663224,0.1666926,3300.330449,0,0,33,0.002833333,0.784591794,0.337361872,632.8125,55.68530273,20,0.013082649,0.357421249,-179.3353271,136.9184875,-39.61347198,13.99690151,-27.19942856,-12.0854187,-37.98405457,-8.210680962,-39.06564331,1.648350954,2.200119495,-1.603500247,10.20855522,2288.969601,4113.956152,0.04351583,0.100408591,2905.321567,-715.6583099,-0.066284008,34,0.00075,0.710874498,0.388150424,656.25,32.62786484,22,0.000201001,0.388806999,-232.993103,163.7287292,-36.76716995,4.305149078,-22.10720253,-20.55711555,-39.50656891,-15.53268719,-40.24127197,2.449849844,-2.100512981,-8.515155792,3.497226477,2576.040544,4828.738547,0.052754827,0.061410785,3194.756002,287.0709439,-0.038997807,30,0.003541667,0.634917796,0.46858716,820.3125,14.11075687,3,0.000333956,0.466597497,-245.5009766,164.4338531,-40.01110077,4.561768055,-29.13238335,-19.81772804,-31.35991096,2.644396067,-24.07380486,18.02330208,-5.334827423,-9.464862823,0.486104429,2855.983177,5438.358966,0.053800413,0.058984652,3444.902975,279.9426327,-0.002426133,33,0.003666667,0.539768517,0.559437335,867.1875,11.61650658,3,0.000535307,0.421715289,-249.1400146,163.4184265,-38.54882813,1.113978028,-37.43675995,-13.37157917,-29.63208199,21.04756165,-15.3200388,18.47756004,-10.28606796,-7.920196533,-0.424429446,2864.957332,5558.123364,0.057430567,0.056038752,3380.623507,8.974154374,-0.0029459,31,0.00225,0.496342778,0.596324682,1054.6875,9.816777229,12,0.000362688,0.419583946,-247.2959747,169.2965698,-53.67079163,2.016083956,-40.50947571,-1.65493536,-20.97849083,32.89575195,-16.21248627,15.68393421,-12.11580181,-14.45331383,2.706295252
10.7947,2,60,3147.587755,6300.762007,0.053513701,0.156517044,3432.061997,0,0,36,0.002854167,0.764072418,0.365176439,632.8125,48.42228699,20,0.015279332,0.517273784,-177.4078979,139.2271576,-47.14975739,12.60423279,-24.51357079,-7.503857136,-42.32603836,-2.637494564,-39.8993721,4.717326641,-2.043584824,-0.066712931,13.87938023,2477.172486,4654.248768,0.045960976,0.093418002,3183.361426,-670.4152683,-0.063099042,35,0.000729167,0.707214236,0.392666876,656.25,29.21779442,22,0.000288084,0.296085477,-223.8161011,159.5517578,-33.98293686,5.412071705,-17.85481644,-16.47994041,-40.59059525,-10.172575,-39.40437317,4.468945503,-3.962445736,-8.994223595,5.580564976,2668.716076,5119.304187,0.051214209,0.070178643,3291.096079,191.54359,-0.023239359,29,0.001604167,0.59331125,0.508706629,773.4375,16.21094894,20,0.000294551,0.340705156,-230.6279449,163.5548859,-39.32062531,-1.271546364,-26.85830307,-16.2123642,-34.80361557,5.158759594,-21.68831253,18.56353188,-4.936038017,-10.73432255,0.957882345,2706.507298,5104.294951,0.053391029,0.079662077,3251.599665,37.79122201,0.009483434,34,0.0041875,0.560926497,0.527708888,867.1875,16.06232834,10,0.000348436,0.95394063,-223.4954834,166.3682861,-44.25473022,-2.982012033,-36.63437653,-15.99804211,-29.39974403,21.30972862,-14.28351688,21.53492928,-11.60529995,-12.64529228,5.777730942,2819.409557,5514.047106,0.055969539,0.060984213,3335.747931,112.9022584,-0.018677864,34,0.003125,0.474695086,0.618208349,1101.5625,11.06528473,12,0.000316734,0.335721761,-239.3838959,171.2549591,-46.3409996,-10.14496517,-31.45611191,-8.438908577,-18.20789146,31.51708794,-18.03524017,18.88986969,-14.68365669,-15.3104887,5.615352154
10.1973,2,60,2996.619304,6041.381836,0.054748535,0.171484873,3409.725225,0,0,35,0.0034375,0.792546213,0.342091948,632.8125,57.48965073,19,0.016055588,0.408304572,-172.5408173,138.3931427,-43.99295044,9.787524223,-26.75139809,-6.774016857,-36.14938736,-5.712972164,-42.93968201,0.702414811,-3.867911577,2.050736666,13.59308338,2514.83513,4900.878906,0.045618693,0.096985608,3181.443322,-481.7841743,-0.074499264,37,0.000208333,0.658782125,0.428668767,656.25,27.54998016,22,0.000289648,0.347523421,-215.9229126,159.9250031,-34.44314957,7.153844357,-19.34551048,-16.15281105,-38.65878677,-15.01035595,-42.93382645,4.512723923,-5.135728359,-9.260066986,5.483072281,2667.643182,5046.020508,0.051923116,0.073140822,3230.308292,152.8080522,-0.023844786,34,0.002895833,0.649425089,0.454982042,773.4375,20.34063911,3,0.000326262,0.364302576,-229.0366669,165.9328156,-45.9084816,6.189917088,-29.4894352,-12.63736439,-37.43102646,2.837377548,-25.30258751,17.36322975,-6.174546719,-8.074187279,1.381300807,2778.386398,5360.595703,0.053138733,0.073155977,3333.588956,110.7432153,1.52E-05,30,0.001083333,0.532527566,0.560308099,796.875,15.34317303,2,0.000346087,0.457214117,-228.2129059,165.7966156,-42.82817459,1.601527691,-34.29167557,-14.3399992,-31.22146797,16.98406029,-19.85875702,20.76318932,-10.56425858,-12.34597683,4.182434082,2726.176004,5413.574219,0.054936727,0.057711493,3262.825626,-52.21039315,-0.015444484,29,0.000125,0.486605674,0.608018517,796.875,8.935053825,10,0.000324403,0.362013429,-242.2343292,170.4539185,-45.76392746,-5.113686085,-30.05490112,-10.12640572,-19.58332062,31.59098244,-16.82995033,14.25991726,-10.66301727,-14.63522625,3.241969347
10.752,2,60,3445.53721,7046.797649,0.063611928,0.156920224,3565.665544,0,0,31,0.0015625,0.770747364,0.371296912,632.8125,52.27487946,20,0.011676422,0.491840452,-178.3656769,135.0423737,-45.46650696,19.12915039,-28.26202393,-4.302234173,-38.33859634,-5.682237148,-39.33595276,5.699713707,-2.339151621,-0.930683017,16.59995651,2740.588677,5467.435025,0.048066696,0.085644059,3285.479775,-704.9485332,-0.071276166,37,0.000104167,0.665160239,0.434812754,656.25,27.48029518,22,0.000295577,0.317588061,-219.4182129,152.2451172,-36.04598236,10.89668751,-26.4817543,-14.7812767,-37.02769852,-12.91491318,-39.66375732,4.273877621,-1.954576969,-12.9469986,6.417098045,2750.982619,5293.742265,0.056029065,0.072799258,3181.418475,10.39394197,-0.012844801,28,0.00375,0.605214477,0.494048774,773.4375,19.71505165,7,0.000395572,0.515584946,-229.3046417,157.8502045,-42.12939835,10.44020367,-31.5044651,-15.26878643,-31.17430878,1.545474768,-23.16423988,15.95043373,-0.980407238,-11.12774372,2.016255617,2709.877637,5085.473391,0.055806679,0.070636109,3184.323489,-41.10498243,-0.002163149,39,0.002770833,0.552239656,0.538092196,773.4375,13.74706268,2,0.000385891,0.33707422,-227.7689514,165.5725403,-47.62731552,4.148080826,-36.42985916,-16.58891869,-30.08687592,17.50411606,-15.81330585,18.90184021,-9.5067873,-13.58750248,1.51449132,2753.895844,5253.248762,0.05673248,0.065311924,3192.302506,44.01820696,-0.005324185,31,0.001333333,0.479807436,0.610918105,1101.5625,10.29935455,11,0.000395594,0.380332887,-232.0710449,170.9875793,-50.72848511,-5.077977657,-34.69382095,-12.3583231,-20.38600731,31.19156075,-17.99092865,15.35995293,-11.15674114,-13.08079529,3.780665398
9.984,2,60,2515.372297,4856.798537,0.045082904,0.169139847,3092.386242,0,0,31,0.002625,0.794993699,0.327372879,632.8125,58.99546051,20,0.016176004,0.459592849,-187.3048401,151.6712952,-40.55286026,10.79225159,-30.54294777,-12.4938755,-42.24945831,-10.27959442,-40.82262802,-1.939504266,-1.123182535,2.585150003,5.154725552,2624.408671,5080.452128,0.047077585,0.080772281,3280.215974,109.0363735,-0.088367566,28,0.0009375,0.65051502,0.432902485,679.6875,22.64222145,22,0.000595197,0.343440086,-233.002121,159.7225494,-31.94116783,13.21600056,-32.53905106,-12.98139381,-44.20477295,-9.571257591,-36.31621552,4.144006729,-7.838356972,-8.287873268,2.266669273,3051.914641,6380.485372,0.058347012,0.064770952,3569.866865,427.50597,-0.016001329,34,0.003104167,0.558060944,0.533833921,796.875,13.5328722,7,0.000521539,0.595824599,-224.9174957,154.0466003,-39.77507401,13.04103947,-37.78397369,-8.797478676,-39.64438248,4.322319984,-21.43788719,13.53922749,-6.555827618,-11.83839226,1.502355099,2838.869492,5591.963098,0.0555342,0.06667237,3345.334907,-213.045149,0.001901418,27,0.000354167,0.54915303,0.551618814,867.1875,14.6550684,3,0.000828698,0.300482839,-232.77211,158.2610626,-37.89895248,1.657586455,-37.1137085,-10.56056404,-32.67301178,13.63147449,-8.930305481,14.76443195,-8.318694115,-14.13718891,1.698707104,2828.804009,5555.560173,0.056562708,0.072423905,3322.022566,-10.06548244,0.005751535,23,0.002,0.468573272,0.605249822,937.5,11.65279484,11,0.000367947,0.248910189,-220.2757263,157.312851,-41.50078583,-2.913691759,-43.06386185,-6.016402721,-20.97722816,23.88972092,-7.330436707,8.80443573,-9.360657692,-14.28339958,-3.512961626
8.6613,2,60,2589.192729,5023.820936,0.045038703,0.17716372,3053.830954,0,0,27,0.001041667,0.814966261,0.290945023,632.8125,58.30953979,44,0.018591121,0.558846116,-176.8919373,148.3473663,-43.59010315,23.864048,-30.52010727,-15.87377739,-41.97736359,-9.80273056,-44.47465134,-2.928887367,3.142547131,-3.387960911,7.553071499,2710.170246,5251.869248,0.051443275,0.086781844,3198.794604,120.9775176,-0.090381876,30,0.00125,0.627010763,0.472718269,679.6875,21.82732201,22,0.000258271,0.398052186,-206.4711914,156.3473816,-43.68053055,25.20100403,-29.42449379,-17.64050293,-38.44452286,-2.573285818,-36.79528809,2.573952913,-0.941829205,-9.701069832,-4.535598755,2764.757473,5283.934049,0.054564681,0.081494629,3262.857783,54.58722626,-0.005287215,25,0.000645833,0.673986316,0.434830666,796.875,21.59506226,2,0.000564256,0.403459072,-218.0346832,156.4111633,-43.24676514,10.64845657,-28.9945755,-20.26836967,-34.38075638,7.385192394,-20.00512505,20.590271,0.289156526,-4.304155827,-1.794283271,2941.902437,5848.303298,0.058096482,0.086491518,3465.276199,177.144964,0.004996888,25,0.00125,0.576927364,0.515457392,867.1875,18.77571487,2,0.00050188,0.350754976,-208.058136,156.2999878,-46.00517273,5.660926819,-34.49865723,-19.75471115,-36.46337128,24.61346817,-14.11436272,21.16293526,-2.923749685,-7.814853668,4.796692848,3026.641583,5698.332055,0.061742116,0.074199155,3395.460461,84.739146,-0.012292363,24,0.001291667,0.475284159,0.622059584,1031.25,12.51843452,32,0.000568575,0.37119326,-213.5645905,158.5677185,-53.50985718,5.694490433,-37.28987885,-9.847515106,-28.00902939,37.73947906,-12.49069691,10.04393768,-6.079771042,-9.129004478,1.394998908
9.4507,2,60,2628.625116,5202.993329,0.049198451,0.176788718,3118.905851,0,0,33,0.001979167,0.809913099,0.308951199,632.8125,59.30159378,20,0.01717186,0.605473876,-176.7720642,146.687088,-46.56531906,9.595572472,-24.81842995,-9.105166435,-42.89714813,-9.096759796,-34.75485229,-0.734013259,-0.22822313,1.311946511,7.067984104,2478.915235,5000.482795,0.042913887,0.109241076,3158.275285,-149.7098814,-0.067547642,27,0.002229167,0.655941665,0.434245557,679.6875,27.85635757,6,0.000276173,0.29899925,-206.5938873,163.6040192,-37.02555466,16.41200256,-27.34366226,-14.76956463,-40.64377213,-14.68216991,-40.64943695,2.450296164,-8.850060463,-7.293203354,0.596510112,2546.599428,4844.452247,0.048921392,0.086951382,3167.89811,67.68419261,-0.022289693,25,6.25E-05,0.670122147,0.427426398,750,21.63700485,3,0.000278823,0.425947696,-222.7955627,165.0154724,-38.80450821,4.886607647,-30.10014915,-19.96836662,-36.60291672,0.079913706,-26.35372925,18.59650993,-6.178584099,-9.277454376,2.687775373,2780.704074,5475.948034,0.053101958,0.062055994,3219.578017,234.1046461,-0.024895389,26,0.000708333,0.593578577,0.502215326,796.875,13.98961067,2,0.000436199,0.367481291,-237.7814636,159.5664673,-45.35084915,1.259536386,-32.49991608,-16.90815735,-31.18495369,16.64148712,-13.2486887,17.28870392,-4.272480011,-12.36347294,3.086417198,2979.982682,6140.361657,0.059029911,0.058403764,3425.164085,199.2786082,-0.00365223,27,0.001916667,0.43671304,0.650176108,1031.25,9.08546257,11,0.000480192,0.44269827,-243.4735718,165.4540863,-54.66084671,5.05375433,-43.11681366,-1.912071347,-27.2521286,35.25489426,-16.03915024,11.38017464,-8.952922821,-14.18384075,-0.061578043
11.584,2,60,3399.627305,6735.808486,0.055861167,0.117346473,3478.990684,0,0,37,0.0040625,0.756101131,0.374707609,632.8125,32.6549263,20,0.014588371,0.612969816,-219.5698395,127.0327225,-31.27720642,23.67908287,-18.78759956,-3.167393208,-32.08418655,4.953119278,-31.30799866,3.758124352,-1.002256632,-1.203711152,11.03813171,2486.041895,4902.737959,0.042856759,0.123501919,3139.025445,-913.5854099,0.006155446,41,0.000354167,0.713342786,0.384799004,656.25,36.65951157,22,0.000169348,0.452516586,-204.0141907,159.5951691,-35.56836319,17.20288277,-30.26383781,-19.12597656,-41.41040802,-12.50862312,-41.29833603,1.433443904,-0.842626393,-6.143872738,5.138724327,2733.567789,5311.389048,0.05367734,0.07269372,3272.534919,247.5258937,-0.050808199,38,0.002520833,0.567976713,0.514059305,773.4375,16.05331802,24,0.000418182,0.42487359,-228.8722382,162.429184,-36.35356522,9.011758804,-29.95356941,-16.4266243,-35.21421814,2.144823074,-23.63591194,16.17378044,-5.305536747,-10.75563526,-1.177901149,2700.964978,5188.50344,0.053587747,0.086022839,3230.749282,-32.60281117,0.013329118,35,0.0024375,0.567277968,0.51755023,914.0625,17.44534492,20,0.000497391,0.407533646,-215.0230408,165.1600494,-45.28939438,3.196690321,-34.30731583,-15.58179569,-32.885746,13.77486229,-13.19209194,18.74266434,-9.983651161,-8.266168594,0.785500288,3017.811555,6011.826261,0.060125788,0.067980424,3409.013382,316.8465773,-0.018042415,39,0.0006875,0.485163271,0.605997741,960.9375,10.81059837,12,0.000552039,0.464894503,-223.1750488,166.2990112,-52.64472198,5.247106552,-31.79416847,-9.591725349,-25.07217026,31.47219086,-17.86069489,14.80983162,-17.70788383,-12.81566048,2.95575428
10.4747,2,60,2819.798374,5376.705266,0.052741811,0.167946383,3179.991937,0,0,30,0.002791667,0.80286926,0.325165093,632.8125,57.79423904,20,0.015628327,0.604165852,-187.6355896,141.7723541,-42.60798264,7.736433983,-16.31507683,-8.862005234,-40.93267441,-3.593792439,-36.75292587,-1.107001424,-0.641943514,2.448858023,9.172602654,2494.417636,4843.710343,0.042956357,0.091613084,3289.904098,-325.3807382,-0.076333299,32,0.002270833,0.678139806,0.41325292,656.25,29.06532097,22,0.000206726,0.28632465,-231.1776123,162.2897339,-29.95065117,4.473639965,-18.36005211,-12.99226189,-44.27947617,-8.92591095,-38.46546936,4.033081532,-5.741928577,-6.600477695,4.762695789,2687.820094,5424.532043,0.051782598,0.072025225,3347.845815,193.4024585,-0.01958786,34,0.0006875,0.602569878,0.490866125,773.4375,16.178545,3,0.00034272,0.368114293,-231.769043,163.1829529,-34.92554474,1.763266325,-30.22531891,-15.4118166,-37.52990723,2.320256233,-23.42957306,17.20692635,-6.598362446,-9.822855949,2.646604061,2526.308516,4739.252855,0.050441684,0.067429245,3188.630778,-161.5115783,-0.00459598,26,0.000604167,0.628796697,0.472305268,867.1875,15.24422455,3,0.000247832,0.350209981,-246.3843842,169.7233276,-37.6199913,-6.315848351,-27.1770649,-14.41201305,-32.25754166,16.09716797,-12.99338722,22.06191063,-8.524332047,-13.24230194,4.779901505,2600.223757,4755.076142,0.053542394,0.069835618,3210.298502,73.9152412,0.002406374,34,0.001208333,0.465924919,0.61345011,1031.25,12.53136635,11,0.000212503,0.472867608,-230.9227448,174.9124908,-48.40593338,-4.994160175,-37.79397583,-5.408560753,-24.21468925,31.62715721,-15.28861904,13.07046032,-14.18238449,-16.22772789,5.850979805
9.216,2,60,2820.740746,5418.668714,0.050600614,0.150311068,3214.006721,0,0,29,0.002083333,0.816405475,0.308374196,632.8125,48.18304062,20,0.017876707,0.46948114,-195.256012,137.117569,-46.7016983,13.63509274,-26.51442337,-14.35598373,-41.70156479,-12.23461628,-45.56669235,0.018855894,-2.296737671,-0.554350436,10.55638981,2718.722459,5397.805275,0.049821622,0.079538293,3350.31899,-102.0182868,-0.070772775,25,0.001083333,0.654797196,0.429861814,679.6875,19.8842926,22,0.000313296,0.376954257,-223.030304,154.7428589,-38.06304932,14.24712944,-24.31117439,-16.02715111,-40.65633392,-8.449101448,-39.63569641,3.206768751,-5.882637024,-6.600220203,-0.795018733,2817.673102,5505.238439,0.056999074,0.065241188,3314.170357,98.95064232,-0.014297105,27,0.002770833,0.574060738,0.520491958,773.4375,15.5029068,3,0.000491247,0.407756418,-234.7407837,161.0522766,-47.74722672,7.778037548,-31.57164192,-12.79635715,-38.59000778,5.377144814,-23.09999275,16.32043076,-6.293424606,-6.372184753,-1.40902555,2851.097863,5559.835621,0.057622832,0.072437212,3352.197463,33.42476089,0.007196024,27,0.003291667,0.570352256,0.532491386,914.0625,13.89890862,10,0.000386297,0.529528975,-231.4779816,163.0729523,-46.74449539,8.954973221,-35.41778946,-17.02552414,-35.02250671,20.77000809,-16.75976372,21.4416008,-12.09311199,-12.64463615,5.298212051,2958.076493,5933.616329,0.058909863,0.067991197,3410.93206,106.9786304,-0.004446015,24,0.002395833,0.489739865,0.596280396,1031.25,11.39005852,12,0.00050374,0.42413035,-222.7434082,157.4278564,-45.21274948,-0.915064573,-35.26286697,-12.76798058,-26.25508118,27.97292137,-11.16685772,12.63901234,-9.65037632,-13.2171526,0.679675043
9.4507,2,60,2833.817794,5493.065309,0.050847086,0.160211071,3289.405741,0,0,29,0.001604167,0.78645587,0.32670185,632.8125,51.27716827,44,0.017409816,0.497438908,-182.9152222,141.9893799,-42.51591492,13.75842285,-28.44505119,-9.073325157,-42.59272385,-6.768429756,-40.07740784,-1.107827544,-0.060810734,2.214329004,6.629668236,2577.209785,4975.59691,0.044537834,0.082369536,3218.201992,-256.6080091,-0.077841535,32,0.000145833,0.601768017,0.485240638,656.25,19.93920135,22,0.000275786,0.416179627,-222.5083008,158.238678,-39.03623581,11.5932436,-22.00193787,-11.60290623,-36.29339218,-11.74898529,-39.66550064,2.579442263,-6.627735615,-5.731798649,-0.852592528,2592.524818,5081.06566,0.050312171,0.08573468,3167.790681,15.31503342,0.003365144,27,0.000666667,0.554873765,0.535093725,796.875,18.90541458,20,0.000260086,0.315990329,-217.7830048,159.8527222,-36.49493027,1.609055281,-24.2320652,-22.92927551,-31.46311569,0.21004872,-23.85052872,15.49656105,-4.592074394,-8.507336617,-1.464565992,2744.58637,5150.193118,0.054767051,0.072771229,3207.746842,152.0615512,-0.012963451,27,0.001458333,0.529090285,0.569106042,890.625,14.03226471,10,0.000338349,0.368452221,-224.5649109,165.1284637,-52.45036697,4.051233292,-34.02110672,-13.30347919,-35.91056061,19.65244293,-15.43042278,18.65164566,-7.366370678,-12.81734276,3.710264683,3056.141409,5902.826545,0.063158357,0.067186654,3358.784734,311.5550397,-0.005584575,27,8.33E-05,0.523763478,0.584168196,1007.8125,11.91966152,11,0.000566044,0.333522528,-225.8840485,150.7534027,-45.07472229,1.675900102,-34.53745651,-15.47678757,-18.91950607,28.93545341,-12.72806072,15.08112049,-7.380251884,-18.3191967,0.943353653
16.512,2,80,3147.662565,6307.333669,0.05139869,0.140315861,3402.752296,0,0,52,0.003145833,0.789899528,0.336922854,632.8125,42.36305618,20,0.010453939,0.455402493,-197.5088654,134.2960205,-36.44009399,18.36338806,-23.82115364,-7.768213749,-34.64814377,-6.286112785,-37.95894241,4.23685503,-1.633773327,-4.525054932,14.34216881,2601.88926,4880.292339,0.05164283,0.075464666,3042.763744,-545.7733059,-0.064851195,53,0.000291667,0.52410239,0.559972942,679.6875,13.49232388,22,0.000406006,0.315580457,-228.0597839,161.5205688,-43.6172142,10.33582973,-26.4717083,-15.00364494,-35.60399628,-8.400988579,-31.71776772,9.179098129,-2.484071016,-12.47098541,1.416761041,2813.175469,5401.965726,0.055527029,0.068234079,3314.294743,211.2862091,-0.007230587,46,0.0049375,0.566466331,0.535827219,914.0625,13.5645113,3,0.000390521,0.440981001,-230.6535797,161.325531,-46.47839355,2.610269785,-31.48339272,-15.85169601,-31.84114838,16.19756508,-14.60137939,18.5759201,-8.698963165,-10.37007046,-1.264840007,2971.04285,5762.827621,0.061375378,0.067571208,3350.542424,157.8673814,-0.000662871,48,0.000625,0.443970114,0.644623041,984.375,10.69743347,12,0.000455737,0.356449068,-223.2154999,162.7556915,-51.61606598,-4.036821842,-32.87422562,-4.601299286,-17.80472183,31.53125381,-17.94963074,9.881557465,-15.02946663,-13.58319378,-0.38748306,2944.001488,5532.384073,0.062207031,0.06029775,3275.441477,-27.04136244,-0.007273458,41,0.005833333,0.422951549,0.691593349,257.8125,9.788731575,10,0.000429701,0.442597747,-231.6026154,168.5767212,-59.13228226,-8.045583725,-24.99139595,20.37294388,-10.66990757,28.33147621,-26.44689369,10.6149292,-8.55314827,-10.48134995,7.555884361
16.832,2,80,3077.681032,6065.120649,0.049039817,0.112360291,3347.589142,0,0,52,0.003104167,0.765056789,0.361340702,632.8125,30.40349579,20,0.009969878,0.357240289,-221.5930023,142.1757813,-35.27310181,13.70968437,-16.09706306,-4.790939331,-38.68021774,-2.262958765,-36.33438873,0.680331647,-2.298410177,1.398169756,6.028070927,2456.346142,4539.754747,0.0476306,0.083453313,3147.390621,-621.3348899,-0.028906979,58,0.000375,0.594100296,0.489366621,679.6875,17.40219498,6,0.000262945,0.302252978,-232.7809601,166.1333008,-34.55550003,-0.73264128,-20.65769005,-19.26545143,-40.47346115,-5.882205486,-30.51307297,10.27974224,-8.876068115,-7.867173672,2.797488689,2517.00928,4828.570016,0.051003758,0.072562046,3142.786861,60.66313809,-0.010891266,52,0.002479167,0.587417483,0.509284735,914.0625,15.41620445,3,0.000308968,0.379994571,-237.0204163,174.2728119,-40.3694191,-5.297336102,-32.46758652,-11.67179585,-34.4834137,14.82424068,-15.1225853,17.37778664,-11.53467178,-15.32867241,4.645460606,2585.623226,4867.5089,0.053241199,0.065172672,3030.100013,68.61394625,-0.007389374,48,0.000645833,0.467229366,0.623605072,1101.5625,10.79537201,11,0.000268834,0.324381441,-237.5089569,168.479126,-42.89190292,-9.028226852,-30.03707314,-3.714517355,-13.0843401,28.48574448,-11.9080019,4.29380703,-8.994013786,-17.6466732,-2.730503798,2951.086624,5919.08129,0.052708107,0.051477239,3446.581276,365.4633973,-0.013695434,50,0.001770833,0.53553623,0.613491714,257.8125,12.69297314,10,0.000434019,0.306114405,-240.453598,166.7867584,-45.65968704,-0.865656435,-24.13463211,21.53406906,-9.265688896,28.53667641,-21.33265877,8.824086189,-7.657289982,-7.607315063,-3.082737923
16.9387,2,80,3192.01447,6465.949292,0.053546642,0.142395139,3481.440363,0,0,50,0.004833333,0.791032314,0.331707746,632.8125,43.00629044,20,0.010216953,0.40270403,-195.9876709,134.4169922,-33.22197723,19.67479324,-23.50357246,-4.314017296,-32.4643631,-6.224045753,-39.60167694,5.476776123,-2.975331068,-1.822180629,12.46229362,2688.880027,5185.215212,0.051989669,0.083108336,3139.64218,-503.1344433,-0.059286803,54,0.001791667,0.590876281,0.497892141,679.6875,18.0091362,22,0.000271528,0.36822176,-215.9117584,159.8691711,-46.53463745,16.39336395,-31.38742447,-15.11663437,-38.87136841,-8.657221794,-35.10696793,7.907309532,-2.577190161,-11.26759148,4.04834795,3043.918059,5859.964623,0.061890416,0.078356601,3403.331223,355.0380328,-0.004751734,50,0.004770833,0.480730921,0.606605947,890.625,13.98541451,8,0.000523789,0.325807482,-204.7787933,154.789917,-47.40917587,7.820072174,-29.95482635,-18.72885704,-33.32318115,16.35876465,-20.81295204,13.51694965,-10.06328583,-11.20324898,-0.886541188,2947.436568,5651.754127,0.061492728,0.067762949,3310.221443,-96.48149138,-0.010593653,46,0.004979167,0.454870939,0.637398958,1101.5625,10.45412445,33,0.00039827,0.392117977,-226.3118134,167.5186005,-56.76081085,-1.40495646,-32.17596436,-4.984387875,-19.90254974,35.98927689,-21.58921432,10.71457005,-13.23152065,-14.82025909,2.832896233,2733.013857,4885.613208,0.057574194,0.060590815,3076.69092,-214.4227114,-0.007172134,46,0.0041875,0.422106266,0.689617097,257.8125,9.354430199,14,0.000456727,0.285857022,-244.0608368,172.8583832,-57.25278854,-12.67988586,-20.31444359,23.44584274,-14.13837051,25.57653809,-19.11668777,6.883495808,-9.640769005,-6.537693024,3.142343998
17.0027,2,80,3011.988659,5592.598942,0.053198166,0.121648088,3265.607195,0,0,51,0.0045,0.74585247,0.386048764,632.8125,37.06160355,42,0.009984679,0.412441283,-213.1135406,143.0105133,-33.16495514,12.48023796,-16.8347702,-6.676353931,-36.72607422,-7.933659554,-33.76416016,2.347309828,-3.548116684,2.972692966,6.397200584,2607.023477,4925.254702,0.050149087,0.070087649,3302.207651,-404.9651824,-0.051560439,52,0.00025,0.513450027,0.565813065,679.6875,11.90887356,23,0.000331675,0.402960598,-233.4289093,168.7837219,-39.64778137,4.110757828,-29.42190552,-3.278893948,-43.38665009,-0.066833302,-27.97542381,9.97513485,-8.645298004,-10.07627869,2.602289438,2655.832646,5191.442986,0.053782879,0.082113005,3286.509162,48.8091695,0.012025356,50,0.005354167,0.524056554,0.558039844,937.5,15.03406525,3,0.00028473,0.495548546,-220.4350281,168.2133942,-37.49483871,-3.132563114,-34.84424591,-8.604212761,-34.55889893,16.99818993,-12.53784752,14.36082649,-7.06479454,-12.46190166,0.869036555,2740.699463,5275.274295,0.054046153,0.062335219,3233.805304,84.86681679,-0.019777786,49,0.002333333,0.503779113,0.590518713,1101.5625,9.93645668,12,0.000279289,0.419316083,-236.648468,175.0442963,-50.5999527,-3.322590828,-36.49337006,6.770517826,-15.56153107,32.51561356,-16.96454048,11.1045723,-14.40201283,-13.10300159,1.000057459,2853.072252,5400.323276,0.053528789,0.058684234,3273.263758,112.3727893,-0.003650986,49,0.001833333,0.476759613,0.655835629,257.8125,12.46946526,14,0.000407221,0.376848429,-231.6244659,170.7770081,-51.73754501,-5.532574654,-22.09509659,25.17259598,-12.54192638,26.90556717,-24.54785347,6.884654045,-6.492036819,-9.922001839,-0.55349499
14.464,2,80,2816.409332,5601.5625,0.04835241,0.150726438,3295.733629,0,0,49,0.0030625,0.79038322,0.329993397,632.8125,47.33016205,20,0.011451213,0.442649812,-189.8330383,142.9576874,-38.40287399,10.91889858,-21.02338219,-13.67456245,-38.39074707,-5.529186249,-40.69272614,2.804135323,-0.866652787,-1.747899532,8.007295609,2593.43447,4929.974724,0.05220301,0.07595855,3248.442143,-222.9748614,-0.074767888,51,0.005479167,0.601950943,0.492133528,750,16.08644295,23,0.000343748,0.602749467,-227.5597687,164.4201965,-38.33364868,0.082803898,-22.42668724,-14.67203522,-38.02432632,1.595474243,-27.76088905,14.43407536,-3.737502575,-10.11580849,0.545621872,2691.395668,5214.412914,0.05137724,0.072230354,3368.237127,97.96119789,-0.003728196,41,0.0010625,0.575615764,0.51688534,796.875,15.03147984,2,0.000257281,0.25618279,-231.2977295,161.4643555,-34.73836899,-9.189516068,-27.40393448,-16.87091827,-28.71723938,20.45843315,-11.89589787,19.59814072,-6.431091309,-9.362903595,4.533678055,2613.445941,5019.847197,0.052790025,0.058246866,3178.913401,-77.94972749,-0.013983488,46,0.002479167,0.485581845,0.627715826,281.25,9.668896675,12,0.000306262,0.355560601,-250.6861725,174.1255341,-45.04185104,-5.129128933,-34.01060486,1.075296283,-12.40542412,36.24533081,-18.07047653,7.963315964,-7.733497143,-11.93494606,1.586620331,2907.436479,5574.505974,0.053631951,0.051523123,3329.485189,293.9905385,-0.006723743,41,0.000104167,0.567768276,0.5982728,257.8125,13.85421562,13,0.000410075,0.374343306,-242.4664001,164.7901611,-56.21229553,-2.681187391,-19.18331718,21.80443573,-9.514929771,29.06920242,-23.50634766,10.86514473,-1.39379859,-9.054911613,2.943101883
14.2507,2,80,2683.765509,5240.380131,0.0474562,0.147970125,3166.240341,0,0,39,0.001229167,0.797651947,0.317781866,632.8125,50.29686737,20,0.011588633,0.472747505,-201.1736298,146.2717285,-38.64029312,8.822975159,-23.70295143,-14.41120243,-39.1040535,-10.9612627,-41.12437439,1.620651603,-0.896543562,-2.946966171,10.01519871,2713.873004,5421.146222,0.05150274,0.060658433,3311.899604,30.10749507,-0.087311693,42,0.000333333,0.572551429,0.513061762,773.4375,12.75130939,7,0.000383818,0.347332299,-245.4470673,162.0973053,-39.36123276,7.353641987,-26.83598137,-15.6364603,-38.52358246,0.695072234,-27.53474236,12.63938618,-4.514713287,-10.56117916,-0.803272843,2970.976102,6151.119403,0.055959218,0.063591115,3500.386756,257.1030972,0.002932683,45,0.00275,0.531986952,0.567971349,867.1875,13.4212141,10,0.000453161,0.400278509,-238.4023285,157.3495483,-41.08003998,5.189121246,-34.06471634,-13.68567753,-30.15145874,20.62906647,-12.58927917,17.55098534,-8.763243675,-7.227657318,-0.603600621,3036.001888,6027.460354,0.058898015,0.060695391,3458.510689,65.02578685,-0.002895724,38,0.001229167,0.460204571,0.634487748,1054.6875,9.134031296,11,0.000526182,0.350751847,-233.9438782,164.5673523,-51.87556839,-2.913234949,-37.02970886,-0.573085964,-17.83887482,36.2985878,-18.33638191,11.75106621,-11.52535915,-11.06697178,1.130360007,2760.202939,5056.378265,0.059020085,0.063133448,3088.358481,-275.7989493,0.002438057,38,0.004666667,0.4580172,0.659174263,257.8125,11.58099937,13,0.00034197,0.338856846,-232.8861847,172.6771545,-61.69131851,-12.68789959,-22.50946236,15.89367676,-11.65525341,30.08771896,-25.22375679,7.977426052,-3.704805374,-10.57050705,1.619139671
14.9333,2,80,2879.627865,5533.668817,0.051128781,0.146177605,3259.327828,0,0,44,0.002645833,0.776780546,0.343146116,632.8125,45.20740891,20,0.011090804,0.460642457,-192.4045258,144.2802429,-40.00849915,12.17623806,-23.33034515,-12.75117683,-38.09209061,-7.464465618,-39.99901199,4.390293121,-1.955526471,-2.589341402,9.999909401,2562.287628,4968.75,0.048199094,0.073965989,3220.91735,-317.3402374,-0.072211616,45,0.003875,0.574748814,0.515616179,773.4375,14.58474064,7,0.000331172,0.378106177,-236.0600281,165.9086914,-33.83815002,8.488969803,-27.27894592,-16.0578289,-35.71676254,-0.851079643,-26.8183651,11.64533424,-5.782109261,-10.2668829,0.024830231,2950.848866,5828.764457,0.0539907,0.068748273,3462.476782,388.5612385,-0.005217716,49,0.001270833,0.59976238,0.498801827,773.4375,14.99064445,2,0.00053485,0.232755184,-231.2970123,151.7542572,-34.84228516,1.898776293,-30.0741291,-14.03629398,-27.07228279,16.17423439,-6.457368851,19.97084808,-4.722785473,-6.862252712,-0.908850491,2709.291875,5007.70129,0.055681439,0.062548764,3183.234815,-241.5569908,-0.006199509,44,0.0005,0.485578448,0.609204471,1078.125,9.911026001,12,0.000306252,0.294181764,-234.5214691,168.2680664,-47.39040375,-6.25188446,-29.98610497,-6.870967865,-11.70586586,29.7787056,-14.99269485,13.06449986,-12.35156536,-9.913601875,3.429913282,2712.451556,4964.079181,0.055643211,0.058150627,3016.662442,3.15968095,-0.004398137,43,0.003645833,0.497806758,0.64428854,257.8125,13.1621418,13,0.000306922,0.390115172,-236.0235443,175.50177,-62.28604507,-6.207165241,-17.54873848,16.84488106,-11.79845142,26.38038254,-22.47739029,10.75153732,-5.603085518,-8.536426544,1.349483013
14.4427,2,80,2672.800609,5184.703644,0.048972267,0.124051869,3154.598293,0,0,47,0.0013125,0.740437567,0.377334297,632.8125,35.94400787,20,0.011310966,0.348974586,-197.4555969,151.4992981,-45.02386093,15.0986433,-25.6841526,-13.8286047,-42.05198669,-9.724189758,-40.03935623,-2.519575357,-1.558628798,-2.234165668,1.729017019,2859.078891,5684.155904,0.054265884,0.072129562,3455.871437,186.2782821,-0.051922306,45,0.0035625,0.626865327,0.480741173,796.875,15.13064575,23,0.000385987,0.42422986,-221.625351,157.9559479,-38.4926796,10.39764977,-27.4828167,-16.4527359,-39.37011719,7.716193199,-26.60618401,15.00116062,-4.334360123,-8.800816536,-0.341361523,2833.081724,5439.748616,0.055172178,0.076395109,3326.80937,-25.99716692,0.004265547,43,0.002729167,0.544990122,0.557290912,937.5,15.45170116,30,0.000455765,0.37198633,-222.0218201,159.7557373,-43.42955399,7.942416191,-40.33577347,-9.619063377,-31.20694542,23.4394207,-6.106935501,13.65596104,-9.992667198,-11.79794884,0.195684448,2882.294952,5535.228321,0.057586557,0.066381261,3278.300551,49.21322818,-0.010013849,44,0.000729167,0.451287299,0.661159992,257.8125,10.23554897,32,0.00037612,0.26330477,-223.0813751,157.9747314,-45.10300446,-1.157431245,-31.55617142,-1.016903043,-12.84289551,30.2107029,-10.54277039,5.977017879,-10.82198811,-11.31584549,-1.508587718,2945.009071,5606.8381,0.05609829,0.061761145,3258.183188,62.71411894,-0.004620116,48,0.00025,0.507775664,0.638948858,257.8125,14.27826214,13,0.000432677,0.342431039,-224.9748077,163.9035187,-59.68226624,4.492530823,-24.98968697,21.89190102,-8.634968758,24.1744976,-19.42943192,8.484462738,-9.960330963,-6.556591988,1.021253705
14.6347,2,80,2826.604082,5481.051136,0.052025923,0.141824096,3143.565646,0,0,44,0.0026875,0.775416732,0.347856671,632.8125,45.72059631,20,0.01140332,0.433455288,-195.0684967,140.191925,-42.48460007,14.66975594,-26.84197617,-16.44515228,-35.31438446,-13.04496288,-42.57151413,0.178781956,1.110015392,-4.269894123,9.842864037,2864.54279,5596.363636,0.055165128,0.069683284,3217.291659,37.93870837,-0.072140813,41,0.0008125,0.590778172,0.500028431,679.6875,13.8893795,23,0.000398633,0.349502921,-228.1607361,154.5045776,-46.88975143,20.38993454,-32.22147751,-17.16357422,-35.72868729,-4.650251389,-31.75394821,8.48063755,-3.317182064,-10.0888176,-1.001849294,2908.210485,5571.306818,0.05907848,0.065099128,3279.266464,43.66769475,-0.004584156,42,0.0046875,0.582700431,0.527088284,867.1875,12.41590214,10,0.000422883,0.397978216,-225.8295746,158.0423279,-50.84346771,7.630689144,-32.32938004,-16.25147247,-30.13837051,15.69292068,-14.15387344,18.05517197,-10.07892799,-10.49499512,-2.004686117,2955.353754,5850.9375,0.061351207,0.057332385,3405.870281,47.14326898,-0.007766742,45,0.001,0.488292396,0.60820055,1101.5625,9.135798454,12,0.000340379,0.339733601,-237.6551361,165.783905,-51.36153412,-1.94338131,-32.66012955,-4.94893837,-18.29728508,35.382061,-19.92841339,13.9191885,-13.17147064,-17.75026894,3.983143091,2864.591613,5298.409091,0.056585582,0.051760007,3085.832123,-90.76214072,-0.005572379,39,0.00075,0.499280602,0.6484586,257.8125,11.66091061,34,0.000341537,0.398147196,-248.3086395,172.9640656,-63.02891159,-3.108412504,-19.18078423,13.77584171,-11.58747005,34.73306656,-25.51966476,7.797365189,-5.65551281,-15.21376038,8.670207977
14.592,2,80,2682.332666,5369.497035,0.045452925,0.147872701,3230.696887,0,0,43,0.003229167,0.737636626,0.3812626,632.8125,44.19747925,20,0.011277111,0.383699626,-187.9122314,150.4524994,-37.82445526,12.51602077,-26.12719154,-11.08576775,-39.16697693,-10.19059277,-38.63510513,2.739404202,-1.501687765,-0.902557731,6.356129169,2729.217447,5469.491332,0.052397568,0.079407811,3347.926952,46.88478092,-0.06846489,43,0.002875,0.576399505,0.514149964,726.5625,15.79669189,23,0.000304739,0.335963994,-217.341095,158.98703,-33.74954987,8.460892677,-25.07582855,-18.21441269,-34.108284,-1.439114332,-28.29423714,14.83263206,-6.797933578,-10.89085102,0.928032458,2801.003925,5548.614279,0.053812514,0.081334375,3402.667933,71.78647784,0.001926564,41,0.001875,0.519352973,0.575470626,843.75,16.33196831,3,0.000368806,0.31406337,-216.8127289,163.899826,-38.69363022,0.922969699,-34.30460739,-11.77933121,-28.3854351,18.28039742,-17.49160576,21.34791374,-9.657783508,-14.56745052,3.191723824,2937.167909,5763.828695,0.056489151,0.059979841,3356.412091,136.1639839,-0.021354534,39,0.002854167,0.48359102,0.623917103,257.8125,10.01264858,12,0.000479414,0.46339789,-233.3279877,167.0995789,-51.98299789,7.167817593,-42.56565857,3.450579643,-17.29949951,33.9910202,-17.22732353,9.845635414,-11.51793194,-16.62692451,2.281153202,2867.020741,5434.762774,0.050390981,0.04709553,3341.247256,-70.14716763,-0.012884311,42,0.000875,0.591960728,0.576857686,257.8125,13.52312946,13,0.000435401,0.506054759,-255.7620392,174.1855621,-63.04325485,7.057641029,-27.29286194,27.22134399,-13.44214153,32.22148895,-25.72856903,13.66363525,-9.109376907,-8.674095154,3.572056055
16.576,2,80,3003.777819,5911.374598,0.049281865,0.140875831,3302.867583,0,0,54,0.003333333,0.77396065,0.352990866,632.8125,41.51110458,20,0.010059597,0.445162266,-196.6594086,140.6031952,-37.56833267,21.00447845,-26.01504517,-8.80407238,-36.22310257,-7.009320736,-38.40545654,1.321365952,-1.339652658,-4.174538612,13.09937572,2545.195313,4894.141881,0.049749736,0.068741314,3052.291795,-458.5825061,-0.072134517,47,0.0015,0.580773652,0.50614351,726.5625,14.00233459,6,0.000245567,0.279144734,-233.0184326,159.5456085,-34.81745148,9.969916344,-24.84207726,-22.66349602,-31.19685745,-4.75376749,-27.69317818,8.049910545,-1.596001625,-11.96703529,0.921263874,3000.725041,5945.513465,0.058103899,0.062315337,3459.552375,455.5297282,-0.006425977,52,0.003166667,0.535635948,0.56026113,867.1875,11.11370373,8,0.000484589,0.368742466,-228.8830414,157.4189758,-38.45635986,7.419965744,-33.24554062,-15.66586018,-27.47689247,18.1730175,-16.23937416,17.57551003,-10.26991463,-10.91084671,0.8366189,2910.857521,5931.194735,0.057036274,0.065483488,3407.682827,-89.86752019,0.003168151,52,0.003583333,0.462163329,0.62330538,1101.5625,10.45736599,12,0.000406985,0.418402672,-226.0870361,169.7785034,-48.62503815,0.365949035,-34.60300064,0.599712431,-16.3989315,38.24513245,-18.41601563,10.92308426,-13.34453392,-15.04109764,4.53041935,2974.167236,5707.747186,0.057843273,0.05825711,3290.861468,63.30971527,-0.007226378,48,0.005791667,0.477798492,0.653518915,257.8125,12.61148071,13,0.000441688,0.339175195,-233.2216187,175.5132904,-60.7124939,-1.595458388,-19.45928001,21.79159164,-14.81430531,35.39950943,-29.22990417,11.22895813,-7.64106369,-14.65240765,9.362062454
16.6187,2,80,3446.278,6568.734976,0.055994278,0.129731447,3431.031272,0,0,61,0.0030625,0.783687353,0.340398699,632.8125,39.2817955,20,0.010457379,0.447397113,-208.6368256,130.6150513,-36.5246315,21.57377434,-21.79106331,-6.253991604,-36.61597824,-4.084412098,-39.25414276,4.857132912,-1.067965746,-3.457516432,16.07169533,2679.489435,5107.496995,0.05267334,0.073843643,3126.762307,-766.7885658,-0.055887803,53,0.001354167,0.578489184,0.518583775,703.125,15.83038521,22,0.000302815,0.304197431,-223.4565735,160.2427826,-44.98695755,15.78194523,-28.87372971,-17.71603966,-38.32209778,-4.181863785,-33.70035172,7.027963638,-0.981720269,-12.72385311,2.381850004,2731.084167,5152.118389,0.05646065,0.082631417,3213.123793,51.59473219,0.008787774,50,0.003708333,0.589234769,0.510745108,867.1875,16.73633385,8,0.000343862,0.333752692,-213.2092285,160.9187622,-46.45915985,1.997733712,-33.72359467,-17.5996666,-32.19651031,12.72422695,-15.50109577,16.47827721,-6.275125504,-10.9678936,-1.851855993,2819.883871,5177.358774,0.06061104,0.071963504,3192.534959,88.79970428,-0.010667913,59,0.000270833,0.427741498,0.652707338,984.375,11.29234791,30,0.000322551,0.32304433,-222.9284821,160.8346405,-52.03482056,-8.90024662,-26.67348289,-10.50130177,-17.69713783,31.89266014,-14.60225868,7.388638973,-11.69226074,-12.26176167,1.706608891,2952.428518,5559.344952,0.060175969,0.050074816,3204.745582,132.544647,-0.021888688,52,0.00075,0.444496542,0.684950888,257.8125,9.170786858,13,0.00043061,0.26920104,-247.0664368,161.1770325,-52.73379898,-12.30627155,-12.22173309,13.74332809,-10.35278606,30.13489723,-20.60739708,4.325632095,-5.72178793,-12.95039272,4.185237408
16.6827,2,80,2904.633576,5534.170327,0.052659495,0.121098019,3138.53979,0,0,51,0.003291667,0.805404782,0.310621083,632.8125,37.19116974,20,0.010169908,0.44137153,-225.1577911,140.5404358,-35.38892365,10.30364895,-16.12585258,-11.85404205,-37.49879074,-9.522064209,-36.2273407,-0.588347495,-0.980543613,1.393870234,9.038049698,2604.509666,4962.984225,0.051948133,0.062500842,3169.703302,-300.1239103,-0.058597177,51,0.0005,0.518515944,0.567345619,773.4375,11.10863781,22,0.00031149,0.322726041,-250.5821381,164.2320862,-39.55830383,1.234766126,-21.40968513,-12.68717098,-38.27862167,-4.601086617,-27.32384682,11.63009167,-6.866146088,-9.673093796,1.784671903,2712.991822,5200.878594,0.051650172,0.06666486,3263.936874,108.482156,0.004164018,54,0.006375,0.509749472,0.581308663,796.875,12.34373283,3,0.000372681,0.492124915,-239.8170471,165.750946,-38.03686142,0.671149969,-33.65810394,-10.80789185,-32.39593887,16.7507515,-12.26708794,14.32251167,-9.47299099,-13.15218163,3.982745171,2591.492229,4670.127796,0.05469686,0.071599893,3124.584705,-121.4995935,0.004935034,51,0.0049375,0.435012013,0.649603009,1125,10.66287136,13,0.00034904,0.480434477,-229.1223602,176.6464844,-47.86309052,-8.037962914,-36.9396553,2.871324539,-17.06056023,29.92713547,-17.2721138,6.999195099,-14.39322853,-14.22380447,0.141130731,2882.513481,5341.728235,0.059050831,0.071905032,3215.014641,291.0212529,0.000305139,53,0.0025625,0.410177678,0.705425203,257.8125,11.50170231,16,0.000355328,0.287732542,-219.1319885,164.8423462,-56.94075012,-5.590448856,-25.47494316,21.11144638,-7.491967678,24.00722504,-25.16523933,5.479841709,-7.895127773,-8.758795738,0.358709276
14.4427,2,80,2687.813805,5259.945803,0.046703831,0.137852624,3225.303007,0,0,47,0.001354167,0.800045192,0.316712946,632.8125,43.59421158,20,0.011311163,0.409640431,-202.5818939,144.1090698,-38.7449646,9.185534477,-25.67599678,-16.35254669,-39.75660706,-16.43466759,-41.06250763,1.503023148,-3.000853062,-0.643628359,8.058847427,2806.454791,5396.246541,0.055698296,0.064484455,3323.331445,118.6409859,-0.073368169,49,0.003208333,0.572692037,0.516786397,773.4375,12.7263689,24,0.000321716,0.455175191,-226.0522919,156.9981842,-45.73286057,11.70510769,-32.57549667,-13.12271881,-37.24390411,-1.426501513,-27.93165207,13.61655903,-4.228870392,-10.45109653,-3.882353544,2898.564869,5646.448339,0.057566738,0.07295569,3373.42234,92.11007752,0.008471236,43,0.003583333,0.558272779,0.534399927,890.625,14.80909252,10,0.000373096,0.283675939,-221.5354919,158.0022736,-43.13876724,-1.255308747,-35.28543854,-15.44427109,-31.41793251,19.79108047,-12.69268799,16.74720764,-9.085581779,-10.05546665,0.835325599,2974.032753,5846.575185,0.060137872,0.068871193,3352.462924,75.46788416,-0.004084498,47,0.004854167,0.464066565,0.636536717,1148.4375,11.03641891,12,0.000358546,0.497494191,-226.7341461,164.1451874,-56.71107864,-0.856550574,-38.74381638,1.456010103,-17.8113308,37.15140533,-17.99104118,12.82361507,-12.01492405,-16.53198433,4.525223732,3103.866624,6055.95595,0.059150499,0.057641286,3361.613685,129.8338711,-0.011229906,40,0.001854167,0.473275214,0.671789765,257.8125,11.32695961,13,0.000580241,0.350678653,-236.5815887,163.03685,-60.89729691,0.331841499,-27.67374611,23.38673592,-11.83282185,32.19792557,-25.4471302,9.496643066,-4.98798275,-13.02173996,4.86023283
15.7013,2,80,3026.011664,5875.105932,0.052206369,0.139262855,3376.284326,0,0,50,0.0031875,0.784653604,0.332008213,632.8125,42.43362427,41,0.010711391,0.370214969,-195.1104279,139.091568,-33.74113846,15.2980175,-23.60220718,-11.00893307,-38.15882111,-7.420443058,-37.69292068,-0.11313042,-2.109737396,-0.755341828,5.746761799,2814.326497,5593.061441,0.053052172,0.071265794,3354.509635,-211.6851675,-0.067997061,51,0.005854167,0.553773642,0.532844365,796.875,13.46170616,7,0.000357925,0.333708763,-222.2987518,153.9089508,-33.12837219,8.842503548,-25.0598774,-22.95990372,-32.81365585,-1.814838767,-26.84213257,14.31292248,-7.293649197,-10.91099167,-0.318036497,2811.159206,5606.011653,0.054141287,0.083694793,3444.632086,-3.167291263,0.012428999,49,0.003020833,0.557844043,0.542047799,867.1875,16.80215645,3,0.000338419,0.391697764,-217.7506714,162.9843292,-36.63986206,0.187581927,-36.65109253,-13.32853317,-31.54162407,19.87305641,-16.63669586,19.12103081,-11.09648132,-14.70750809,2.797098875,3044.237659,6007.309322,0.057847259,0.066451356,3370.85061,233.0784539,-0.017243437,47,0.0016875,0.444633573,0.650289536,1054.6875,10.29885101,12,0.000448818,0.318381429,-228.8617096,161.7521515,-44.56502914,6.652251244,-42.74196243,-2.633870125,-11.28434372,32.85500717,-17.45778275,8.033901215,-14.24947071,-18.93670464,1.557606816,3098.585047,6029.793432,0.054786811,0.056704815,3444.73727,54.34738781,-0.00974654,49,0.005041667,0.501559258,0.650289655,257.8125,13.57521057,13,0.000460868,0.436519176,-234.8530121,165.3895111,-54.63139725,8.455966949,-36.58327103,22.46977234,-9.165482521,29.64831924,-25.50517464,12.01142883,-10.70149422,-10.97964573,1.832438469
14.3573,3,100,3168.117857,6475.173611,0.056653284,0.0944416,3456.74057,0,0,36,0.001666667,0.51133281,0.589136124,773.4375,20.90204048,26,0.011579778,0.297963947,-223.8084717,140.5681152,-27.1157074,22.05201912,-23.65407562,-21.29284859,-32.20469666,19.46632195,-11.78674221,13.74118805,-2.939365864,-3.446111917,12.99521542,2824.549888,5592.795139,0.051913339,0.059340641,3305.564334,-343.5679686,-0.035100959,41,0.000854167,0.496658415,0.618410766,257.8125,10.74846458,30,0.000368225,0.355531722,-250.0586243,165.1994781,-28.87186432,7.715892792,-28.1500473,-11.41245651,-19.02501106,38.24174881,-10.74767494,11.3411274,-7.253966331,-15.14815903,9.289778709,2678.013377,5234.635417,0.049560547,0.065373316,3209.514066,-146.5365114,0.006032676,44,0.000895833,0.504602849,0.626846373,257.8125,14.65104198,32,0.000216023,0.32464397,-250.7005768,172.6947479,-41.14214325,-6.684521675,-25.64008904,7.225220203,-8.110385895,42.31935883,-12.90132332,11.39460564,-9.722054482,-14.19225693,10.31976795,2536.700856,4830.034722,0.041585286,0.055896048,3007.614676,-141.3125209,-0.009477269,33,0.001020833,0.645340085,0.558342397,257.8125,20.4866848,13,0.000258067,0.442291141,-266.3077698,181.3510895,-48.07337952,-3.000375986,-6.461854458,28.61159897,-10.08007526,26.24942017,-11.08476353,12.68331718,-11.41022015,-3.900310993,8.726873398,2229.263372,4268.142361,0.026763238,0.047805063,2917.716848,-307.437484,-0.008090984,30,0.003854167,0.773731112,0.433234155,257.8125,22.62991333,20,0.000172845,0.339851469,-317.1314697,177.9824829,-36.94741058,20.79997826,10.06637001,24.80280685,-12.0878582,29.41870689,-8.876564026,8.62548542,-5.632978916,-7.118545532,1.386381388
15.2533,3,100,3197.316385,6562.173345,0.058244978,0.101563267,3463.217092,0,0,45,0.0025,0.534994543,0.569390178,773.4375,21.63282585,26,0.011099843,0.247295901,-221.2032776,137.2127838,-31.36743164,21.69626617,-28.81097221,-18.82195854,-33.07851791,14.30771542,-13.19965458,14.29545784,-2.291395903,-6.861661434,11.5912714,3016.275237,5803.516986,0.058799611,0.070049562,3354.679815,-181.0411478,-0.031513706,43,0.005229167,0.473989964,0.628093481,960.9375,13.08527184,31,0.000357277,0.301961333,-237.1598358,157.8842468,-35.30379486,6.475678444,-33.3720932,-15.70242786,-23.19964981,33.90208817,-11.92126369,13.81380081,-5.654680729,-16.48718071,5.532604218,3139.629951,6330.493249,0.057200362,0.049990423,3522.938793,123.354714,-0.020059139,46,0.002916667,0.479584336,0.671888232,257.8125,11.28374863,33,0.000500523,0.32082811,-262.913208,154.7733612,-34.79113007,-2.542235136,-23.76178741,10.26638412,-9.38304615,37.88639832,-10.29454899,11.51665497,-7.367772579,-13.83324242,9.959179878,2634.424634,5194.631969,0.044830003,0.051516056,3128.196707,-505.2053171,0.001525633,42,0.005395833,0.568493307,0.623585999,257.8125,16.45924377,31,0.000279866,0.410530627,-276.1912842,180.0911102,-45.41528702,-4.915959358,-10.37853241,29.22161484,-11.72650909,31.45467377,-10.93071651,9.963986397,-11.73364639,-1.844282508,10.42415142,1907.737771,3543.064024,0.022690617,0.043176983,2591.825792,-726.6868626,-0.008339074,35,0.002229167,0.836564124,0.368639767,257.8125,22.16943169,2,7.72E-05,0.578801036,-341.3345947,185.7770081,-34.76702499,22.43987465,17.04940796,17.8346138,-8.21848774,26.51596832,-11.57738018,6.622383595,-2.890861988,-6.562004566,2.769707918
14.2933,3,100,3270.214963,6370.904972,0.055636835,0.090993427,3446.911492,0,0,36,0.0015625,0.538934112,0.573506057,773.4375,19.35935974,22,0.012034927,0.303129584,-222.9354858,136.9738159,-27.53038025,17.09511948,-25.44756699,-18.88758659,-33.14368057,15.19801807,-13.65819263,13.79450607,-4.141256809,-4.027745247,13.94904804,2977.237167,6172.165428,0.0533116,0.058887441,3483.809572,-292.9777963,-0.032105986,38,0.003270833,0.506582141,0.599824965,937.5,10.1951313,30,0.000379586,0.266915768,-253.7981873,161.9441223,-30.75754738,8.153375626,-34.03364563,-9.222418785,-20.46381569,38.88360214,-10.79404926,12.91995049,-7.321350098,-15.27320862,6.45749855,2699.644223,5255.663336,0.050367391,0.069890402,3205.095373,-277.5929432,0.011002962,38,0.002916667,0.506318569,0.62298125,257.8125,14.17234707,22,0.000284151,0.396084249,-239.8798218,175.2964478,-40.24010468,-11.93568993,-28.9663887,11.70657158,-11.58765507,36.78432083,-12.33370686,13.09986305,-7.750584602,-13.16572189,11.60803318,2484.060443,4703.618727,0.039302103,0.056002062,3066.414134,-215.5837801,-0.01388834,39,0.001166667,0.613938212,0.568078101,257.8125,19.25152588,10,0.000174784,0.281471789,-268.85849,173.1921997,-41.65653992,-9.721043587,-1.765258312,30.85562897,-7.512932301,27.47686005,-9.294618607,7.218008995,-7.515541077,0.240347594,7.164908409,2514.923276,4813.226069,0.034618959,0.053573836,3016.735317,30.862833,-0.002428226,32,0.00125,0.678405225,0.53616339,257.8125,21.41892624,13,0.00018366,0.301915765,-277.2815552,169.0103302,-40.40579987,5.042710304,13.66649437,25.35523224,-15.07032204,25.65008545,-3.352151394,9.855575562,-3.729586124,-5.00143528,0.787762344
14.144,3,100,3282.974934,6544.87782,0.060093471,0.104093552,3470.687658,0,0,42,0.0024375,0.507906735,0.591918409,773.4375,17.79441071,27,0.011985528,0.316470414,-205.2385406,141.7249756,-40.73620987,25.95449638,-29.64482117,-15.56378841,-36.42429352,16.7238903,-13.12580395,14.92141438,-5.762353897,-6.126320839,11.04752445,3352.960148,6958.558506,0.060824057,0.084974952,3636.044002,69.98521474,-0.0191186,43,4.17E-05,0.503416777,0.604725778,960.9375,14.97659492,31,0.000487173,0.419816911,-208.3445435,154.9474182,-38.21853638,10.18257141,-41.70869827,-9.018810272,-25.6991291,37.53619003,-15.65942574,12.54320526,-7.740383148,-17.18712234,5.387782574,2940.396886,5875.675517,0.055352003,0.05725475,3416.058978,-412.5632622,-0.027720202,39,0.0003125,0.480887562,0.649768889,257.8125,12.41732216,30,0.000423551,0.218644843,-249.8068848,156.3942108,-28.1271553,-12.04861641,-17.89337158,6.833746433,-7.368645191,34.90647888,-5.352609634,9.408830643,-8.839317322,-14.45276928,8.634607315,2651.022287,5019.678102,0.045439527,0.054184452,3126.897397,-289.3745988,-0.003070299,36,0.005,0.551660657,0.62551564,257.8125,16.10010529,16,0.000307143,0.272441566,-271.6157837,176.9535522,-39.01356125,-11.33094215,-8.4745121,35.80995178,-11.6557436,24.93092155,-6.831392765,11.26526451,-9.405275345,1.432317376,11.16353989,2180.51463,4215.930451,0.023417308,0.037339948,2946.963376,-470.5076576,-0.016844504,29,0.001395833,0.816881359,0.397298455,257.8125,18.7959137,20,0.000121524,0.458211035,-338.9293213,178.7580109,-36.22159195,25.56855011,10.60330009,24.60424423,-12.08243752,27.57088089,-9.073942184,8.508800507,-5.852771282,-3.51825738,0.814098001
14.2933,3,100,2921.055272,5679.629414,0.051543622,0.116060361,3258.253678,0,0,35,0.001645833,0.51309818,0.586425126,773.4375,22.958992,26,0.011674815,0.350038677,-202.8013458,147.0570068,-30.93464279,19.44779205,-22.21264458,-17.98638916,-32.61442947,15.83320427,-13.75651932,10.90192986,-4.221737862,-6.142546177,12.7345953,2761.292939,5407.963522,0.049915413,0.07473246,3344.994674,-159.7623337,-0.041327901,37,0.003083333,0.521903932,0.585110843,960.9375,14.07997513,30,0.000369724,0.31239444,-232.0950775,162.1954803,-28.2754364,9.23382473,-30.6529541,-11.35915947,-20.80848122,35.69963837,-5.922951698,12.39919662,-8.017614365,-16.16017914,5.632959843,2656.550364,5048.123838,0.045513621,0.064967811,3308.105108,-104.7425748,-0.009764649,34,0.0024375,0.527729332,0.625504017,257.8125,16.35778809,30,0.000312367,0.241400927,-250.1699066,166.0533752,-24.37482452,-6.247572422,-25.50257111,9.941120148,-14.23425961,36.44252396,-2.398341179,5.255159378,-11.2440443,-10.20450974,10.80105209,2551.106171,4770.79461,0.034744206,0.048661839,3264.267826,-105.4441931,-0.016305972,37,0.0050625,0.678468347,0.531392634,257.8125,19.55614853,2,0.000217854,0.353951544,-288.4260559,176.2765503,-37.55012512,1.625073671,-9.187672615,32.53917313,-15.69944191,33.06607056,-7.889499664,8.964158058,-11.96049976,-2.075019598,8.278658867,2682.645372,5459.804833,0.028904798,0.042788621,3410.440594,131.5392008,-0.005873218,32,0.000166667,0.807065248,0.41817081,257.8125,21.04637909,10,0.000239746,0.318845958,-306.7249451,167.9878235,-38.20017624,25.44863701,5.380610943,26.57146263,-22.8310585,36.13391495,-10.98520565,9.23035717,-7.952809334,-7.038315296,0.797275722
14.208,3,100,3097.687924,6070.136938,0.05305441,0.09042187,3365.25925,0,0,43,0.004208333,0.494456291,0.613368988,796.875,14.6436224,21,0.011898826,0.347635537,-224.4069824,140.0448151,-31.81206894,27.7116909,-24.10299301,-13.87649345,-33.31517029,18.01140976,-13.23847294,11.65478611,-5.137367249,-4.505935192,11.39796066,2990.23622,6059.691011,0.056227323,0.090762123,3408.091575,-107.451704,0.000340253,36,8.33E-05,0.473456532,0.62100476,960.9375,16.99653625,30,0.000395128,0.315830171,-208.9891815,158.6813507,-31.87898636,2.829552889,-33.60137939,-12.32996082,-24.12197876,33.80890274,-10.68781567,10.31388092,-6.657502651,-16.10758972,4.123465061,2857.096117,5510.533708,0.048442255,0.064055242,3426.071988,-133.140103,-0.026706882,39,0.002,0.489097446,0.646774948,257.8125,14.74647713,32,0.000303162,0.381842077,-246.7189331,167.7931519,-30.5280571,-9.97407341,-24.91839218,11.52838039,-13.31753349,35.21580887,-12.05453014,11.1979866,-10.98456192,-14.71375847,10.2143774,2918.789593,5908.532303,0.046891459,0.054677557,3458.654024,61.69347635,-0.009377684,39,0.000145833,0.543560266,0.642829895,257.8125,16.61368179,12,0.000348489,0.297001898,-262.4633179,166.0656586,-39.61234283,-13.68586731,-6.984841824,32.68144989,-13.22094822,29.89165878,-10.31944752,8.683428764,-11.80070972,-3.740058184,7.771193504,2728.308998,5149.666433,0.035587839,0.044869762,3284.489693,-190.480595,-0.009807795,36,0.0025625,0.727748513,0.506800115,257.8125,19.64198685,20,0.000317238,0.318456918,-292.8166504,169.4235382,-44.64575958,13.98787689,2.536669731,36.80895996,-19.3597374,28.57550049,-9.553956032,9.630652428,-7.882175922,-5.62281847,-1.036046147
14.1227,3,100,3395.604452,6996.314858,0.060559773,0.081040584,3609.454765,0,0,47,0.001208333,0.485477895,0.622867107,773.4375,16.24085808,27,0.012031214,0.313566446,-225.5267944,133.1714783,-33.39085007,24.15533447,-27.09851456,-14.86415482,-36.13534927,17.83512497,-13.33625603,9.981026649,-7.233613968,-4.532633781,11.00751209,2944.860308,5730.778302,0.056603774,0.081715442,3318.128482,-450.7441434,0.000674859,48,0.002625,0.530617595,0.577308118,937.5,15.21001148,30,0.000393782,0.378584594,-217.7106171,162.4559021,-40.7792511,5.236432076,-36.1423111,-10.63851357,-25.83271217,32.79356766,-12.54426765,11.53584766,-6.635980606,-14.64210987,3.637701273,2631.991371,4935.318396,0.05227189,0.071882918,3124.646331,-312.8689375,-0.009832524,39,0.003520833,0.460380465,0.652302027,257.8125,12.17908955,30,0.000298609,0.320071071,-244.1425781,174.8876495,-39.01510239,-16.39784813,-30.83477974,9.979558945,-13.87648964,35.27539063,-8.773965836,9.749484062,-8.308587074,-13.75954342,10.55425453,2651.84683,4825.648585,0.04824403,0.052048448,3194.057075,19.85545902,-0.01983447,45,0.0016875,0.55230999,0.612547755,257.8125,14.78479099,23,0.000280403,0.327515334,-262.8534851,173.6267395,-40.94782639,-17.66006851,-11.25160122,32.46278,-15.80624676,25.19262314,-7.448924065,8.797963142,-8.700574875,0.689285398,8.230581284,2314.761764,4547.14033,0.027290315,0.038977385,3132.014984,-337.0850655,-0.013071064,36,0.0018125,0.777301967,0.424218535,257.8125,18.16274452,10,0.00016184,0.353769958,-324.2902832,173.9246216,-28.48380089,12.56273651,10.83606243,28.24787903,-13.81775856,26.71242332,-6.434456825,7.658526421,-3.824596167,-2.52282548,-2.63282156
14.3787,3,100,2814.35496,5490.104167,0.051712601,0.093676455,3171.565234,0,0,39,0.001979167,0.507806301,0.585358858,773.4375,19.9064827,22,0.011684423,0.310310036,-234.3081055,154.8396759,-32.06851578,14.98779488,-24.98887253,-21.40015221,-31.54442978,18.51595497,-14.9709425,14.48117542,-3.589793682,-3.926184893,12.31080151,2721.507793,5242.534722,0.053598814,0.075751469,3208.439941,-92.84716703,-0.017924987,34,0.0025,0.488287181,0.612825096,914.0625,12.7867527,30,0.000295249,0.429296523,-230.1235199,168.2060699,-37.77336884,0.325954169,-33.18736267,-10.72923374,-20.29969215,34.59550095,-11.24660778,12.01042938,-8.180727005,-14.36219311,3.915570736,2684.456061,5117.96875,0.045717593,0.055665646,3333.7682,-37.05173188,-0.020085823,38,0.00475,0.516151428,0.63335669,257.8125,14.18953896,12,0.000290142,0.345264435,-263.2624512,170.4820099,-31.20338631,-9.303283691,-27.03977776,14.59493256,-11.24277401,36.27572632,-9.361645699,9.336813927,-10.53062725,-9.421796799,9.392703056,2545.352253,4854.861111,0.038284867,0.04865868,3101.368236,-139.1038079,-0.007006966,37,0.0043125,0.645879269,0.555929422,257.8125,18.29180908,10,0.000231532,0.292212129,-286.1809387,174.0192413,-41.04345703,-3.269094229,-1.429196835,28.6207695,-7.80374527,28.34796333,-9.803248405,5.949925423,-10.47305202,0.454096079,5.337798595,2343.997504,4839.149306,0.023385055,0.040704805,3221.506923,-201.354749,-0.007953875,39,0.004,0.833803415,0.375078201,257.8125,20.77002716,10,0.000209611,0.509732485,-328.9150391,174.7198944,-28.64520454,27.56181335,3.77993989,27.22411156,-12.64599037,29.71435547,-11.62557316,9.941576004,-8.052495956,-5.276527405,-0.026255883
9.5787,3,100,3118.873556,6208.59375,0.061553277,0.066926546,3417.623282,0,0,29,0.000416667,0.569988668,0.544750154,796.875,15.11016941,22,0.017181911,0.26360479,-237.0479584,146.187973,-41.332901,16.49711418,-31.70405769,-19.41764641,-32.75693893,18.30401421,-13.68301582,12.83920383,-8.109603882,-6.874211788,11.25214481,3323.909985,6976.302083,0.061645508,0.068263136,3671.79544,205.0364293,0.001336589,30,0.000104167,0.549187005,0.576615274,257.8125,12.97453785,22,0.000659805,0.391338855,-217.1689606,151.9573669,-38.14733505,10.34995079,-34.49646759,-6.815760136,-22.48111343,36.60804367,-11.75819206,15.13241673,-7.311345577,-15.18464088,8.456514359,2938.337817,5782.291667,0.050876194,0.062312339,3313.975586,-385.5721682,-0.005950797,24,0.003520833,0.582841337,0.582729995,257.8125,18.10604477,33,0.00039337,0.6042068,-239.5260925,169.1590118,-48.67248917,4.726875305,-29.64095688,11.38876438,-12.80090237,40.7270546,-13.68087292,10.8398304,-8.594455719,-8.122434616,12.58007813,2947.731035,5769.791667,0.048391385,0.055360001,3368.864695,9.393218555,-0.006952338,29,0.001270833,0.632758498,0.572208107,257.8125,19.34714699,15,0.000315091,0.436657369,-247.0394897,165.9988861,-58.11314011,3.278303623,-13.73020554,30.06598854,-18.77516365,33.52251053,-13.73076725,7.983610153,-6.589607716,1.614457369,11.81672859,2584.959812,4704.166667,0.034111871,0.0461425,2959.630851,-362.7712233,-0.009217501,26,0.001416667,0.80098635,0.4552477,257.8125,22.40261841,2,0.000191186,0.587908626,-282.8549194,169.2767944,-60.73752213,29.74892044,3.457418919,20.7570858,-15.9670639,31.69055367,-11.31598854,8.983224869,-5.302131653,-7.958960056,6.137865067
9.536,3,100,2852.485882,5773.088338,0.053844601,0.120833881,3221.464348,0,0,32,0.001916667,0.54795754,0.553011715,796.875,26.66151237,27,0.017049538,0.44080916,-184.0432892,156.34021,-40.24814606,23.32380104,-37.83627701,-19.69055557,-37.26511765,18.42904663,-13.70111847,12.24224854,-6.090074062,-6.510803699,12.55999279,3048.129119,6222.590782,0.05713709,0.066938296,3482.366201,195.6432371,-0.053895585,26,0.001729167,0.574003279,0.561328173,257.8125,15.74863529,10,0.000379679,0.32714662,-222.6313782,159.7877808,-37.86880875,18.98003006,-36.29546738,-8.94671917,-20.77596092,39.00588226,-14.56190014,14.82725525,-5.197392464,-17.79750252,9.004246712,2833.603631,5686.146997,0.04757878,0.054528326,3393.602158,-214.5254881,-0.01240997,26,0.003291667,0.619296432,0.545773566,257.8125,17.78072929,33,0.000290862,0.38437736,-247.7346344,165.2172699,-41.04932022,9.28060627,-27.52599144,14.03711987,-14.62567234,34.86044312,-8.928678513,11.75604534,-10.90368271,-11.2148695,14.09695244,2753.465272,5127.836941,0.047409654,0.061902989,3266.209695,-80.13835896,0.007374663,27,0.002166667,0.559226036,0.604987681,257.8125,18.46146202,15,0.000283336,0.290200949,-241.9972687,169.5782318,-50.48197556,-0.675697863,-13.75346184,25.55755424,-14.90935326,28.70433617,-16.3665657,10.16646671,-3.472116709,-2.64334631,8.709591866,2708.083952,5286.792947,0.036359222,0.045434248,3151.897573,-45.38132025,-0.016468741,25,0.000604167,0.756593943,0.469850034,257.8125,20.7383213,2,0.000218206,0.404972821,-282.275177,171.6917725,-57.37410355,29.2406826,-0.03644583,22.90910339,-18.07003212,32.57777023,-15.86819363,12.44966316,-4.969908714,-9.816601753,6.199510574
11.2853,3,100,3151.476865,6281.028892,0.057709316,0.10153164,3492.96716,0,0,28,0.000916667,0.556586981,0.55480963,796.875,20.38691139,27,0.014546631,0.342083722,-191.0591125,155.3851929,-43.32407761,27.06554031,-37.05519104,-15.08220673,-36.95333099,27.59921265,-13.94513035,15.3103075,-10.58016682,-6.743691444,13.70799828,3082.632803,6539.283608,0.053123618,0.083951563,3561.640744,-68.84406251,-0.017580077,30,0.003833333,0.540510058,0.571739078,257.8125,18.0673275,31,0.000331402,0.407771021,-210.6778412,159.4781952,-31.9801178,10.08474064,-35.07649612,-4.712946892,-19.1774807,41.01161575,-10.39094543,15.7049017,-6.099582195,-18.2782383,8.914215088,3170.540005,6736.070165,0.051062242,0.070850477,3724.882729,87.90720257,-0.013101086,32,0.000979167,0.525709987,0.630206764,257.8125,18.06074333,32,0.000411825,0.296389729,-224.5934601,156.0344543,-32.38320923,-2.6664114,-27.17679787,16.19523811,-12.71750259,37.87052536,-9.314439774,10.38963223,-12.62024021,-10.57153797,13.68609715,2723.268078,5042.489682,0.047305701,0.066152088,3193.063854,-447.2719271,-0.004698388,32,0.0034375,0.567961216,0.613407493,257.8125,19.66618156,13,0.000367944,0.308202386,-233.243515,167.3476257,-49.45788193,-6.208526611,-10.16476631,26.25478172,-15.84793568,25.80772781,-5.464135647,9.376844406,-8.392989159,0.986719072,7.317690849,2672.872274,5177.365861,0.031268426,0.043836802,3221.939291,-50.39580438,-0.022315286,29,0.000729167,0.768001854,0.462067217,257.8125,20.40572548,30,0.000268796,0.385477394,-299.7361755,163.5929413,-46.14934158,27.39107132,8.642093658,26.58114243,-18.22227859,30.50525093,-11.0364275,9.762351036,-6.065116405,-8.120023727,2.536797285
9.6427,3,100,2837.686945,5591.591851,0.054989641,0.103138685,3208.884742,0,0,25,0.000333333,0.598540425,0.512475073,796.875,26.93432236,22,0.016850762,0.321839899,-190.9795837,149.5736847,-37.50973892,15.02415371,-27.66208267,-24.28971481,-31.96809769,19.81406784,-9.983862877,10.1905365,-5.434589863,-3.554766417,12.45554066,3461.466036,7275.46616,0.059918314,0.078513719,3796.159474,623.7790911,-0.024624966,24,0.0013125,0.569269836,0.579247057,257.8125,17.0616684,30,0.000459207,0.312770784,-211.8309784,153.404892,-38.7349968,18.58909607,-33.38769913,-6.321469784,-24.87314606,45.05992126,-15.68064022,18.19746971,-6.410597324,-14.16566372,10.56499386,2895.218918,5686.248273,0.051633719,0.066045515,3393.756101,-566.2471177,-0.012468204,26,0.001520833,0.58910352,0.585406065,257.8125,18.94446945,2,0.000299753,0.37450549,-234.8381195,164.2617188,-43.46068192,1.779695988,-28.71635628,13.48546791,-10.22197342,39.61549377,-11.22564793,13.46190739,-11.37475491,-9.573395729,16.65434074,2860.350848,5577.995511,0.046710441,0.059908267,3404.36987,-34.86807057,-0.006137248,26,0.002291667,0.630165696,0.566747129,257.8125,20.82658958,16,0.000279136,0.375093848,-243.7873535,165.7150116,-53.75574112,7.697674274,-15.38530827,34.30125427,-12.30452538,31.04389763,-13.64203835,10.61420536,-7.306304932,3.117524385,10.18098545,2653.530142,5163.501381,0.031044976,0.042170648,3271.538208,-206.8207057,-0.01773762,24,0.003333333,0.823677778,0.399501771,257.8125,21.03012276,2,0.000243677,0.590496778,-294.5146179,166.494339,-51.36675644,32.57782364,3.18304348,26.55449295,-15.93794632,33.44418335,-15.13154316,10.49661064,-4.852472782,-3.29417491,6.167673588
11.712,3,100,3079.925761,6262.606534,0.058658114,0.100103863,3404.754268,0,0,35,0.001020833,0.48500064,0.61298418,796.875,20.38567162,27,0.014024195,0.335105628,-198.942749,145.181015,-39.35384369,20.22823524,-36.99782562,-22.4980278,-34.35339737,16.90646553,-12.87786293,11.54827976,-8.779131889,-5.64362812,9.381191254,2919.823018,5735.901989,0.05217951,0.06283056,3364.347762,-160.1027433,-0.037273303,35,0.0005625,0.562925458,0.566033006,257.8125,12.76249409,30,0.000316457,0.317008793,-241.6520233,157.5029449,-35.54529953,11.65702915,-32.1231041,-10.07563496,-17.36592102,36.53811264,-9.33460331,12.09572506,-9.567961693,-15.35214043,5.093505859,2843.760022,5715.767045,0.044129528,0.051868986,3420.276106,-76.06299558,-0.010961574,28,0.002625,0.588258684,0.593577266,257.8125,16.74077225,12,0.000315129,0.346550345,-262.3510742,156.9654541,-37.73402405,6.605786324,-21.97614098,12.18712711,-5.962318897,38.16054153,-7.059771061,10.02445221,-11.71910286,-11.48155499,6.34162426,2705.222051,5231.889205,0.039291104,0.050442971,3280.355469,-138.5379714,-0.001426015,33,0.003270833,0.651641726,0.555360794,257.8125,19.0844593,16,0.000257876,0.232791021,-267.0160828,159.6196442,-37.84896088,-3.784233332,-1.072072864,26.71265793,-8.975621223,24.15179253,-4.835782051,7.455709457,-11.61165619,-0.368034005,6.833985806,2597.887197,5081.995739,0.028719815,0.045747582,3210.712685,-107.3348536,-0.004695389,23,0.000354167,0.793485641,0.417026609,257.8125,22.24866295,13,0.000190521,0.474268615,-300.5492859,166.2647247,-44.58583832,30.02319145,3.114707232,25.89814377,-17.06114197,28.77363205,-10.55119514,10.04493046,-5.834261417,-7.547708511,2.083420277
14.528,3,100,2949.732249,5674.192995,0.051850818,0.095422529,3302.5115,0,0,40,0.001854167,0.459570318,0.64792335,257.8125,15.84111404,21,0.011882719,0.329403371,-219.7649689,152.7965851,-37.98529816,25.359272,-21.96630669,-16.61385727,-31.37392616,21.6192379,-17.2032032,14.42636108,-6.761988163,-2.045644999,14.65045834,2739.401564,5279.790522,0.051747081,0.098999202,3331.328179,-210.3306852,0.003576674,40,0.002229167,0.486156434,0.615100265,257.8125,16.77902603,31,0.000540171,0.394487053,-200.5737457,171.4333038,-36.23813248,8.388147354,-32.07346344,-12.04094982,-24.55786324,38.62195206,-18.74021721,11.37327957,-8.104295731,-17.20256996,7.182359695,2478.164909,4572.544643,0.046250787,0.079103321,3124.948812,-261.2366545,-0.019895881,38,0.003375,0.475998372,0.644969046,257.8125,16.43581772,11,0.000680126,0.304669797,-232.2544708,174.7930298,-33.67912674,-12.08637524,-25.99271202,7.649395943,-8.506472588,36.36059189,-12.30351257,8.255940437,-8.737175941,-11.58914471,7.759794235,2492.037073,4687.070742,0.039361192,0.059694983,3173.550033,13.87216377,-0.019408338,39,0.004291667,0.565832555,0.613315761,257.8125,19.19303131,15,0.000189448,0.392825752,-269.6749573,174.7899933,-39.70225906,-5.790134907,-6.651811123,31.64800453,-7.571405411,29.40469933,-12.34475422,9.042602539,-10.76121902,0.366856039,6.826147556,2330.91259,4650.068681,0.027073675,0.048138477,3123.422384,-161.1244831,-0.011556506,38,0.001958333,0.736064315,0.475595176,257.8125,21.65725708,28,0.000146851,0.343531966,-316.4270935,171.9836884,-25.71112823,14.45416546,8.758084297,25.73548698,-12.38935852,26.46532631,-6.623331547,12.00937748,-7.605159283,-4.738652706,0.411415428
14.272,3,100,3299.145104,6719.828591,0.055875408,0.085181296,3589.712381,0,0,44,0.0015,0.474762857,0.617653549,843.75,13.70059013,26,0.012341067,0.270238638,-225.3829193,140.3002319,-29.54441261,23.58171654,-28.59985352,-11.67650604,-35.78030396,17.2987175,-16.00789642,12.12506866,-5.689381123,-3.266364336,12.17943954,3075.3481,6281.162547,0.055443607,0.085666895,3501.349464,-223.7970042,0.000485599,37,0.002833333,0.514435351,0.596763194,960.9375,15.86546898,30,0.000441676,0.368264586,-214.3712006,161.4493103,-34.79166412,10.43853855,-36.7187767,-11.12456989,-23.09578133,36.09109116,-15.78223705,14.06645584,-7.78472805,-16.41583252,3.630595922,2744.375547,5382.754198,0.053818432,0.082383439,3353.561946,-330.9725537,-0.003283456,41,0.000125,0.43909058,0.663280964,257.8125,13.14322948,22,0.000342215,0.329117328,-226.5280762,174.5763702,-34.92736816,-13.83309937,-31.43350601,10.83148766,-14.89415646,36.23225784,-15.15789127,11.43417358,-9.207242966,-14.18939209,11.6296978,2498.664181,4412.721549,0.04430788,0.055187237,3080.688447,-245.711366,-0.027196202,35,0.0003125,0.522433102,0.642356038,257.8125,15.10335922,10,0.00020717,0.392823815,-267.9623413,178.3415985,-43.19801712,-14.0321722,-10.47296906,32.04712677,-10.44766235,27.94639015,-12.67020988,8.307528496,-8.009264946,-2.8162117,7.071453571,2477.683292,4962.016091,0.030508468,0.044147484,3171.19173,-20.98088877,-0.011039753,38,0.0008125,0.735150039,0.475408494,257.8125,19.49869919,16,0.000194783,0.360164106,-316.5009766,173.4051971,-33.3400116,9.643801689,13.62121201,30.47599602,-18.25594711,28.24514198,-10.16981792,7.169207573,-5.074820042,-2.84941864,-1.311440706
2.1547,3,20,4408.129513,9429.306402,0.027951124,0.039417196,4293.544252,0,0,5,0.000520833,0.892659843,0.332578748,281.25,22.52110863,2,0.07539957,0.750638127,-390.0643616,93.32035065,11.69433308,81.25704956,-4.343528748,18.89196396,-27.3230896,26.89189339,-28.66492653,14.99306011,-3.06402874,-0.325474143,8.199056625,3153.232153,5687.309451,0.065489234,0.165288419,3327.870412,-1254.89736,0.125871226,7,0.000229167,0.504518569,0.630054593,750,39.84269714,22,0.000667481,0.646296978,-147.8474884,140.8318481,-60.69623566,23.71027184,-30.43109894,-19.48158646,-37.25252914,26.27834702,-5.963915825,22.49605751,-2.376625061,-1.083557963,16.418293,2693.342416,5156.821646,0.046994093,0.134642199,3266.534843,-459.8897371,-0.03064622,8,0.000291667,0.560392022,0.538714588,773.4375,43.34370804,22,0.000593054,0.451503605,-192.8923798,160.4351196,-37.42790222,18.22605705,-25.28115845,-26.63220596,-39.02728271,17.34360504,-11.49924183,16.5609417,-2.090777397,1.912315726,17.47083855,2926.088103,5930.259146,0.052758194,0.133736894,3500.013239,232.7456873,-0.000905305,6,0.0008125,0.51322788,0.588111281,773.4375,33.18691635,27,0.000465674,0.998856843,-168.9258575,160.4308929,-40.53805923,21.52842903,-32.61243439,-21.37302589,-40.82649231,21.87462807,-14.604599,12.25295258,-10.50173473,-2.734275579,16.39289284,2847.981351,5904.535061,0.047065549,0.069328927,3427.216451,-78.1067525,-0.064407967,8,0.000270833,0.527418077,0.57766217,867.1875,17.9530201,10,0.001005377,0.595420599,-228.2972565,172.5563354,-42.55656052,22.33759499,-36.42643738,-6.789412975,-36.58682251,24.84931183,-13.37908649,10.78444576,-9.79511261,-4.405348778,9.429668427
2.56,3,20,4260.894162,8246.651786,0.062041614,0.069116615,3883.297269,0,0,7,0.000958333,0.501256645,0.682750344,257.8125,16.80770111,21,0.062917091,0.87019819,-297.4997559,90.30930328,-13.34103489,55.15218353,-6.789231777,7.490756989,-20.6714592,19.79097748,-16.7448616,14.48867607,-1.414983034,-1.424088001,10.46282959,2636.439346,5117.028061,0.056301818,0.102688059,3189.11662,-1624.454816,0.033571444,7,0.000104167,0.525791049,0.550113082,773.4375,26.13679314,26,0.00150583,0.551599264,-210.0436401,162.9630127,-48.78191757,15.63240051,-39.03610611,-28.91033554,-42.41205597,12.69214725,-13.94645977,21.38598061,-1.252961159,-0.829626739,17.82474899,3883.078784,8386.798469,0.071259168,0.071204714,4099.841841,1246.639438,-0.031483345,9,0.000895833,0.403720677,0.687294483,843.75,14.92070389,31,0.002406224,0.63927567,-214.6062622,140.8959503,-35.57139206,28.1925602,-47.92841339,-15.5272541,-44.85978699,28.466465,-20.06200409,14.12543488,-7.532440662,-4.181476116,10.95865536,3203.4105,6398.915816,0.058145328,0.059385948,3619.029932,-679.6682836,-0.011818767,7,4.17E-05,0.472195804,0.623161852,867.1875,13.79208851,10,0.000899853,0.39948386,-242.4297638,153.804184,-35.64750671,16.87950897,-29.34318924,-17.12546921,-32.94814301,23.39740562,-15.5198288,14.46944904,-10.48468494,-6.494794369,8.041349411,3345.860459,7110.172194,0.057387994,0.068667956,3607.497632,142.4499586,0.009282008,9,0.000208333,0.511303186,0.591366172,937.5,11.84376907,30,0.00054026,0.467800587,-222.6365814,154.6117096,-42.50037003,21.88236618,-29.62558365,-16.34243774,-40.09514618,25.63878059,-16.19109154,14.56366253,-9.331817627,-11.2097683,5.529029846
2.4533,3,20,3649.803082,7586.768617,0.04236619,0.039958172,3989.192801,0,0,5,0.000875,0.733159184,0.463698834,257.8125,17.74825287,20,0.067284092,0.705668628,-381.4919739,116.9236603,0.544860899,61.21105576,-10.83339214,22.86853027,-25.96459961,25.02388763,-24.09399414,14.04175949,-2.561923265,3.433709621,8.205543518,2752.16509,5392.121011,0.050365691,0.147335991,3098.815605,-897.6379923,0.10737782,5,0.000666667,0.499527901,0.605170012,773.4375,34.18507767,26,0.000371749,0.75021106,-179.2868805,166.89888,-50.34334946,4.943751812,-33.6015892,-14.56262493,-41.50452423,17.93108177,-5.829507351,19.95684814,-1.105234385,2.062999725,18.45431519,3042.742008,6372.506649,0.054978391,0.132731169,3461.00591,290.5769185,-0.014604822,8,0.000583333,0.524291754,0.555376172,773.4375,31.25178719,27,0.00206484,0.535512567,-166.8427582,157.6786652,-47.20324326,31.56412506,-36.99605179,-19.05299187,-50.2588501,14.44169712,-17.98530579,12.64998055,-5.700252533,-3.321557283,16.94530296,3460.651121,7350.398936,0.05639129,0.098719046,3847.967192,417.9091129,-0.034012124,8,0.000916667,0.379742771,0.723546922,820.3125,17.85544395,53,0.0015049,0.800115645,-186.6950378,151.5958557,-36.13373566,31.52313614,-42.21932983,-10.80093193,-40.93557358,23.7780323,-16.95160484,11.49894142,-13.31663132,-4.386368275,14.12486076,2825.5758,5600.56516,0.054064162,0.104680881,3381.25867,-635.0753215,0.005961835,9,0.0005625,0.565785944,0.53056097,937.5,22.25181007,8,0.000473008,0.524952412,-190.4940338,160.2811279,-37.03678131,24.35470581,-37.62848663,-22.98341942,-35.21764374,21.71771431,-10.64901447,13.79220676,-7.590614319,-10.98788357,6.036849499
2.6027,3,20,5316.958854,10755.89923,0.047951212,0.035799142,4757.229402,0,0,8,0.0009375,0.820450783,0.399262339,257.8125,17.59814644,2,0.063155062,0.898359358,-368.8084412,97.74750519,9.310645103,69.90672302,-20.99663925,38.05558395,-26.64144897,33.50564575,-25.6765728,14.82828903,-7.635205746,5.106964111,8.210207939,3178.969848,6567.76148,0.055803571,0.169422895,3476.572941,-2137.989007,0.133623749,7,0.000166667,0.632410049,0.489698112,773.4375,49.286026,18,0.000823922,0.533967555,-164.2117004,149.4324188,-42.49975586,17.06752396,-42.07011414,-11.65090275,-44.17861938,16.75023842,-10.27531052,19.84860611,3.528954029,8.697648048,18.30685234,3537.882471,7463.647959,0.057069117,0.147104725,3867.624486,358.912623,-0.022318169,8,0.0003125,0.486157864,0.597557187,773.4375,39.56750107,22,0.001121851,0.623715043,-160.3895569,151.3615265,-32.97678757,24.91796303,-50.37359619,-8.48069191,-40.26123047,22.44777107,-13.83315563,17.79352951,-0.552185297,10.39235878,19.34531212,3118.525832,6775.829082,0.055773677,0.121056929,3743.111542,-419.3566388,-0.026047796,7,0.00075,0.404977947,0.658444703,820.3125,26.40097809,27,0.000448375,0.493660837,-177.9112396,154.1142426,-26.60509682,27.04862404,-41.57325745,-16.55418015,-36.63442612,23.19545937,-15.25069618,12.94378185,-6.18284893,1.379837036,13.54590797,3832.538035,7596.619898,0.066226881,0.070957579,3791.902799,714.0122027,-0.050099351,9,6.25E-05,0.522232831,0.619748294,867.1875,13.60504627,30,0.000898962,0.606639683,-204.9658966,149.0176086,-42.33206558,42.3164711,-46.19274139,-5.122650146,-34.75354385,31.50464821,-18.84574509,16.85006714,-8.813072205,-0.664133966,10.09807396
2.5173,3,20,4428.851551,8980.957031,0.046498617,0.041426126,4266.218792,0,0,6,0.000770833,0.703504562,0.524340987,257.8125,17.45933342,21,0.064816214,0.584358633,-369.0104065,105.8279037,-0.421703964,63.42147827,-6.491104126,23.67370605,-28.08608246,26.74426079,-25.17513084,16.15287399,-2.167094946,-0.578651905,10.02937126,2815.142607,5220.214844,0.062062581,0.150873482,3065.405964,-1613.708944,0.10944736,9,0.0003125,0.52590543,0.566475928,773.4375,38.30701828,22,0.000410114,0.535361886,-174.6149139,159.632019,-57.04216385,16.58726692,-34.92089462,-26.45218849,-40.77089691,21.67116356,-12.115242,24.61688995,-1.835998416,-1.96455574,20.13418007,2429.613086,4868.164063,0.048990885,0.151044801,3018.453974,-385.5295208,0.000171319,8,0.0009375,0.579636216,0.49713704,773.4375,37.29252243,7,0.000172973,0.666304708,-183.7093964,171.8287811,-40.79581451,10.23071671,-39.02425766,-32.64608765,-43.08165359,16.8025341,-19.03693581,15.13150787,0.702436745,-3.641409159,17.96266365,2607.751446,4784.667969,0.04884847,0.108704358,3222.870281,178.1383606,-0.042340443,8,0.000708333,0.465503603,0.601748466,796.875,20.76085281,26,0.000377707,0.475360543,-192.0627594,169.6985779,-34.80350876,11.55854511,-34.42850113,-24.82273293,-40.54033661,21.80247307,-14.89823914,9.220763206,-9.915521622,-6.887895107,14.6468811,2495.064938,4684.082031,0.046244303,0.095280506,2957.312067,-112.6865086,-0.013423853,6,0.000895833,0.492485106,0.604930043,867.1875,18.43991852,32,0.000272269,0.733133972,-217.1299896,176.6399384,-42.36816788,11.15553761,-23.51196289,-20.25300598,-39.7474823,21.4340744,-17.94490242,10.17525387,-7.158092499,-8.358483315,9.889639854
2.432,3,20,3894.850967,8664.741848,0.040569803,0.043901652,4208.006669,0,0,5,0.000791667,0.76815635,0.439068228,257.8125,20.26286125,20,0.066936895,0.828023553,-363.3239136,112.4450607,2.05538702,57.71953964,-9.546411514,29.13287354,-24.85206413,26.76423645,-23.55319595,12.88675308,-7.283067703,0.139576331,11.76834011,3066.605026,5608.186141,0.056980299,0.180652782,3262.166319,-828.2459412,0.13675113,8,0.000708333,0.600769103,0.512701988,773.4375,42.43861771,21,0.000610897,0.801020801,-154.4473877,149.5392609,-55.86763382,22.30064011,-44.95177841,-23.25507355,-40.58519363,20.64380836,-7.203187466,23.97563934,-1.400133014,3.248847723,16.88579178,2748.967068,5254.585598,0.049603006,0.081164815,3285.784807,-317.6379577,-0.099487968,5,0.0001875,0.557283819,0.528344393,843.75,22.65589142,7,0.000348159,0.290521711,-242.1026917,154.9746552,-35.54656219,15.69164371,-26.23021698,-28.64716721,-41.9901619,15.30256939,-5.936040401,15.13723755,-4.441542149,1.785190701,16.65822792,2638.636213,5045.686141,0.047702955,0.072930388,3114.887225,-110.3308546,-0.008234426,5,0.0005,0.394436002,0.673145831,750,13.69822025,26,0.000417961,0.293300569,-238.8931274,162.8871613,-30.80184746,13.42465115,-27.9172287,-27.65589905,-35.8891716,15.36426067,-12.63670254,13.24777603,-8.137337685,-6.063690186,16.40171432,2928.447849,6049.422554,0.054326596,0.058940027,3558.44784,289.8116351,-0.013990361,8,0.000291667,0.498836339,0.587345004,867.1875,12.6598835,2,0.000521301,0.50344193,-239.985733,165.8133545,-39.20094681,21.65708351,-36.5678215,-13.09088707,-31.96642876,27.51671028,-15.68817425,20.71483994,-10.86283302,-4.493944168,9.586105347
2.112,3,20,3884.356505,9253.125,0.03536377,0.037107401,4548.018957,0,0,5,0.000791667,0.81819886,0.383796483,281.25,18.35246658,32,0.075904869,0.979668915,-397.6324158,110.140213,15.75408936,59.07054901,-6.401519775,24.19946289,-27.75997353,30.41050339,-26.6761055,13.18819618,-5.541101933,3.997385025,8.257713318,3354.077726,6963.28125,0.059448242,0.173244238,3692.803754,-530.2787795,0.13613683,6,0.0006875,0.600946486,0.516639531,796.875,46.15693283,27,0.000831918,0.684869885,-154.217865,143.620575,-39.42485428,16.79008102,-51.53622437,-13.445714,-37.97842407,20.61078072,-4.105566978,25.88747025,-1.103946924,3.724468946,16.46446228,2805.632772,5418.75,0.050427246,0.133715123,3278.409777,-548.4449538,-0.039529115,7,0.000479167,0.41369319,0.675085187,796.875,26.82217407,26,0.002075557,0.439465553,-186.0409698,158.5449677,-38.86971283,23.79498482,-28.18492699,-25.84242249,-43.26799011,10.96381092,-15.68955231,14.86965656,-7.272106171,4.234249115,19.65867805,3407.149659,6882.421875,0.05402832,0.07618127,3663.227541,601.516887,-0.057533853,5,0.000416667,0.464051634,0.650773168,257.8125,13.67075443,28,0.002525527,0.60907197,-210.9395447,164.3323059,-38.33604813,21.35477066,-31.70380783,-10.93719482,-42.46604538,27.64050293,-17.75769234,10.3609705,-11.71072578,-0.171073601,12.75025368,3074.456038,6376.757813,0.052404785,0.123786785,3566.205551,-332.6936212,0.047605515,4,0.0003125,0.51149857,0.568810463,867.1875,27.34072876,27,0.000366166,0.46678853,-175.5801086,162.094101,-30.00780106,22.86668968,-47.09824371,-21.34482574,-37.4437027,23.48222923,-20.79469299,13.95616436,-10.14623833,-6.544303894,13.06852531
2.368,3,20,3664.83687,8269.270833,0.042285156,0.049127676,4137.350712,0,0,6,0.000875,0.54870975,0.633052289,257.8125,15.26700211,21,0.067629583,0.970394135,-339.3587341,103.4576263,3.908820152,41.04868317,-12.46028519,14.51254463,-14.93014431,24.31020164,-18.20139885,8.945423126,-1.012297392,1.848282337,10.3091526,2860.567439,5958.333333,0.049978299,0.119159155,3333.708338,-804.2694307,0.070031479,6,0.000708333,0.642625093,0.441300839,796.875,31.12195396,7,0.000429673,0.668880224,-207.1320801,158.9481812,-35.10865021,18.0171566,-44.17909622,-25.3474102,-44.96626663,14.829175,-9.018650055,20.19504738,1.078639507,3.403271198,20.58305168,2888.863888,5957.8125,0.050965712,0.084461331,3330.619748,28.2964495,-0.034697823,8,4.17E-05,0.501623869,0.579466701,796.875,22.08205605,7,0.000394025,0.361108243,-221.7572479,172.2168579,-30.40625763,14.77934551,-34.33769226,-15.8370657,-41.42180634,16.22820854,-13.61822891,15.07106686,-3.035284519,2.584148645,19.03022766,3152.096491,6731.770833,0.057465278,0.062054094,3772.822086,263.2326024,-0.022407237,8,0.000895833,0.472117871,0.628757596,257.8125,11.0940485,8,0.000707255,0.989476025,-227.2992401,158.6649017,-32.18099213,29.88934135,-40.23427582,-9.129350662,-37.10248566,24.50120926,-14.64409733,16.84796333,-12.34065056,0.433672369,16.47739792,3843.00245,8021.354167,0.064181858,0.079232752,3922.703853,690.9059591,0.017178658,5,4.17E-05,0.377315998,0.724224985,820.3125,13.25056648,27,0.000840564,0.531297743,-198.0621796,146.7770996,-44.05142212,41.15581512,-47.59804535,-4.778309822,-35.10601807,30.4505806,-22.75083542,13.1673584,-10.24271965,-3.327272892,14.65837288
2.7307,3,20,4208.44262,9104.567308,0.047297551,0.062690377,4263.743217,0,0,8,0.001,0.544068038,0.62214756,257.8125,17.90818024,21,0.05914044,0.929666698,-324.43396,96.16856384,3.172041655,51.78103256,-1.851135015,14.27168655,-26.84707832,22.40667725,-18.32550049,16.86940193,-2.146068096,-2.52044034,12.40368557,2404.767011,4527.043269,0.048011193,0.112378284,2969.739007,-1803.675608,0.049687907,9,0.000416667,0.563286304,0.538846254,773.4375,30.93119049,27,0.000461007,0.356955856,-221.4299622,169.5626068,-46.13410187,4.845044136,-32.08824921,-32.06635284,-39.46044159,12.5049324,-12.89512062,25.45767212,-3.503553152,-1.931274295,19.36714172,2570.2167,5223.858173,0.053194486,0.074432254,3319.752423,165.4496889,-0.03794603,8,0.000270833,0.592288077,0.495467097,796.875,18.96044159,7,0.000327312,0.507538974,-244.612442,168.7869263,-39.14155579,9.753534317,-39.22146606,-25.13778496,-43.19099808,13.86467457,-22.6841526,19.78770065,-6.547853947,-2.038701057,17.18333054,2466.731471,4519.831731,0.053063026,0.081867017,3006.323249,-103.4852288,0.007434763,9,0.000604167,0.49044174,0.582274199,796.875,18.24388504,7,0.000445078,0.490000039,-233.5659943,170.1819153,-40.51415634,6.195737362,-31.75274277,-29.76302719,-37.93230438,12.58320713,-19.71967888,15.6139679,-6.325789928,-11.10104561,11.28222084,2681.968939,5372.145433,0.049222506,0.052697416,3233.40805,215.2374672,-0.0291696,8,0.000229167,0.527570903,0.567721546,867.1875,11.70294189,3,0.000488977,0.470664233,-253.4605865,175.1109009,-43.44244766,18.23053741,-34.10409546,-13.06485939,-40.09776306,22.76762962,-20.50829315,7.082827091,-7.117151737,-9.171720505,4.555589199
1.8773,3,20,2943.968073,5748.697917,0.058580187,0.154382035,3230.129337,0,0,4,0.0003125,0.585146785,0.524223447,796.875,41.58427429,42,0.083916649,0.7173419,-205.0583344,125.4985199,-52.95497894,7.84213829,-37.05504227,-9.567141533,-41.14386749,17.9512558,-5.834003448,18.17214394,7.512412071,0.983391523,5.401774883,2788.140493,5393.229167,0.05223253,0.101089664,3343.119283,-155.8275798,-0.053292371,6,0.000125,0.561231613,0.56151849,796.875,27.40712929,27,0.000939918,0.604009509,-197.9601746,158.0333862,-47.10016632,18.46236229,-42.32835388,-21.30222893,-46.0243454,17.8577137,-13.40331554,9.103168488,-2.039211273,-1.428302884,9.887392044,2729.723215,5046.875,0.054755317,0.10360866,3172.351288,-58.41727758,0.002518997,7,0.000583333,0.48416087,0.622545362,796.875,24.77960014,27,0.000609599,0.717498124,-193.8573608,162.4587555,-51.52469254,15.52718925,-25.05051231,-17.37384033,-46.59323883,10.39857864,-21.37483215,9.60585022,-0.273976684,-4.619947433,6.302846432,2602.753122,4924.479167,0.051432292,0.119378857,3154.882845,-126.9700932,0.015770197,6,0.000375,0.504163027,0.589436173,796.875,33.61135864,28,0.001352284,0.350999773,-198.3434753,163.5278015,-34.12270737,2.490116119,-28.29779053,-25.71398354,-37.88021469,11.50777245,-17.68186188,10.7793684,-3.442696095,-11.7053051,11.3526783,2759.043972,5235.026042,0.053331163,0.08281599,3222.324827,156.2908496,-0.036562867,6,0.000395833,0.424840868,0.689371288,796.875,15.52299213,23,0.001256042,0.539035201,-212.957901,167.5160675,-45.12575912,10.33725452,-21.05400085,-15.23357677,-38.67349625,26.60090446,-22.55362701,6.881099224,-0.227276981,-15.09370232,3.802703381
1.7707,3,20,2770.170327,4910.845588,0.055032169,0.114396036,2674.876825,0,0,4,0.000645833,0.51733464,0.588602602,796.875,32.496315,25,0.088608623,0.868825495,-231.6644897,124.8690414,-58.10642624,22.35534477,-29.89965248,-33.19784164,-25.47708321,11.25127029,-2.903071404,18.92701912,1.604892612,2.514197826,9.482749939,2404.68263,4103.630515,0.056396484,0.113827951,2624.430259,-365.4876971,-0.000568084,7,0.000541667,0.482554287,0.606834292,796.875,30.13415527,27,0.000514627,0.707746148,-199.1019745,168.9716644,-59.44105911,12.34666443,-20.49212074,-29.4884758,-49.41862488,-4.395361423,-8.94860363,7.650053978,-4.540232658,-4.645183563,12.85206413,2175.120077,4042.279412,0.047578699,0.080316558,2585.160486,-229.5625532,-0.033511393,5,0.000208333,0.436688811,0.641689241,796.875,16.58127594,8,0.000271701,0.518444479,-228.3544922,189.8150635,-51.42170334,5.46792984,-27.11966896,-25.31605148,-39.94308853,9.216440201,-14.86725998,6.329604626,-5.825219154,-9.456062317,12.35218906,2674.63436,4772.977941,0.058823529,0.094172701,2999.122246,499.5142833,0.013856143,6,0.0003125,0.414894015,0.662809134,914.0625,18.79214668,28,0.000353587,0.594361842,-204.9405975,168.4260712,-57.29945755,23.13003922,-33.59757614,-21.00398636,-41.05379105,15.72732162,-15.6703043,11.08030891,-5.799738407,-8.377623558,8.454161644,2941.944741,5812.5,0.064639821,0.078751817,3123.497719,267.3103809,-0.015420884,6,4.17E-05,0.576545477,0.532681942,867.1875,15.8348856,22,0.000490908,0.64485395,-208.3050537,171.7844391,-58.05543137,24.29016304,-33.21977234,-21.58120537,-35.17160797,26.00173569,-19.67871666,14.80391788,-6.965844631,-15.55519009,5.466747761
1.408,3,20,2566.819788,4766.493056,0.053367332,0.045264557,2845.535494,0,0,3,0.00025,0.372044712,0.761983931,796.875,8.010091782,27,0.111850321,0.687748849,-343.2631226,143.489975,-48.88278961,17.40196228,-14.18774605,-10.61422157,-44.19067764,20.34431648,-17.22815895,15.28829861,-3.050209045,-1.131929636,14.33665943,2832.748277,5419.270833,0.061360677,0.130325079,3086.053641,265.9284897,0.085060522,4,0.000145833,0.500448346,0.593916297,796.875,42.26242828,27,0.001060193,0.476933956,-193.877533,158.8945465,-45.383358,10.03170776,-27.01374245,-33.49280167,-44.28084946,15.94525146,-13.3701601,14.15602779,-4.818804741,-4.440532684,18.19578743,2553.432402,4838.541667,0.048556858,0.125526696,3266.496833,-279.3158751,-0.004798383,6,0.000354167,0.491580665,0.560899854,796.875,38.74411011,27,0.000610347,0.610884607,-185.1632996,166.7996826,-35.61188126,9.297024727,-32.67261505,-26.20473289,-44.84172058,13.70780182,-18.59086227,10.32882881,-1.166857362,-3.421156883,16.77204132,2440.101612,4351.5625,0.046621817,0.099269547,3169.331391,-113.3307902,-0.02625715,3,0.000291667,0.482431084,0.577262163,820.3125,23.18887901,7,0.000501979,0.543435097,-208.7835083,173.7228241,-29.89090347,8.252854347,-37.90644836,-22.43502998,-35.89251328,17.31447029,-12.44657803,11.19842529,-9.809644699,-6.344238758,11.5517683,2293.986229,4339.409722,0.047941985,0.08363995,2852.5718,-146.1153831,-0.015629597,4,0.0003125,0.543638408,0.53970176,796.875,16.8764286,4,0.000476808,0.645402253,-217.3412476,190.1785431,-44.34580231,16.22552681,-31.02301407,-21.27418709,-35.84395218,24.23914719,-18.42617416,5.48182106,-7.304744244,-5.852581024,4.70389843
1.5787,3,20,2001.55123,3541.40625,0.034667969,0.091704972,2248.060934,0,0,5,0.000479167,0.625653446,0.495783865,796.875,27.33535957,21,0.100140564,0.613806605,-288.0273438,150.0027161,-30.08389473,3.788951874,-22.63144875,-29.97663689,-18.10140991,19.04735947,2.677853346,12.04424,3.689515829,7.597213745,11.62817001,2696.367394,4990.625,0.049039714,0.103541166,3023.567224,694.8161644,0.011836194,5,0.0003125,0.676311374,0.458497167,796.875,28.04270172,22,0.000851986,0.572833002,-196.2280273,165.3235779,-44.21146011,26.76812172,-26.76507187,-22.41729927,-31.74430084,20.14183807,-11.40034103,11.8777895,-2.359051466,7.17489624,14.10133553,2769.273675,5456.25,0.04765625,0.129184887,3330.717178,72.90628127,0.025643721,5,0.000458333,0.546405256,0.546182454,796.875,31.13070297,22,0.000750546,0.570902884,-171.5057831,169.8664551,-38.57744217,25.26371384,-30.71062469,-15.19778252,-44.64011765,22.57052803,-10.10160255,9.316031456,-8.160349846,1.622598648,19.16047096,3031.854906,6324.21875,0.052864583,0.095385931,3675.802952,262.5812311,-0.033798955,3,0.000104167,0.594851136,0.504515529,796.875,24.77100754,22,0.001088794,0.651254952,-198.0909119,166.3316498,-31.6278019,32.24652481,-44.7939415,-15.88050747,-40.07818222,31.68054008,-19.04080772,11.99221706,-4.49007225,-0.345572829,16.83330536,2894.888508,6000.78125,0.052034505,0.099680454,3479.627569,-136.9663988,0.004294522,5,0.0005,0.534134388,0.559068859,914.0625,19.666502,10,0.000941706,0.550866365,-205.1913452,165.6115265,-23.06859398,28.24320602,-43.61410904,-24.54746819,-34.10178757,33.48656464,-9.402941704,5.023471355,-7.674260139,0.932735145,12.56167412
1.728,3,20,2493.853655,4649.147727,0.041622277,0.09171515,3028.209981,0,0,6,0.000354167,0.408438653,0.680027604,773.4375,24.22320366,27,0.091416359,0.396360725,-271.5927734,135.6606598,-35.2087326,3.437459707,-21.79542351,-27.25474739,-39.43048859,17.26869011,-8.288956642,17.29211044,-0.221074015,-0.23681955,15.44087887,2298.881723,4303.977273,0.043368253,0.098111354,2932.031,-194.971932,0.006396204,5,0.000520833,0.586839616,0.476587236,796.875,30.88483238,2,0.000673683,0.481282413,-239.4971771,170.8835144,-37.19991302,5.508278847,-19.04050255,-30.23149681,-37.88601685,6.556669712,-11.4338789,13.51831532,-2.21312356,1.817290068,14.14115906,2910.867713,5574.573864,0.053858902,0.091737449,3354.813099,611.9859902,-0.006373905,6,0.000270833,0.449652553,0.638223827,796.875,26.51713562,29,0.000509547,0.368552029,-212.7624207,154.1165619,-40.24768066,21.86996841,-26.73003769,-28.64952278,-36.04058838,17.4091301,-15.99385166,14.5357399,-4.2086339,-4.518836975,13.83077431,2054.350286,3781.960227,0.050130208,0.050107613,2355.443524,-856.5174277,-0.041629836,4,0.000104167,0.636150777,0.456704289,796.875,10.65369892,24,0.000560364,0.579382718,-274.7879639,209.2916718,-51.86970139,4.872498989,-8.351270676,-26.94998169,-38.70589066,26.02214432,-15.87492561,10.16999245,-6.28045845,-9.036496162,10.88629913,2859.930026,6073.863636,0.052867543,0.074838266,3401.200395,805.5797401,0.024730653,5,0.000354167,0.553970158,0.543606758,820.3125,14.30646801,10,0.000374552,0.567881584,-228.4665375,172.0576172,-37.63128281,18.97014046,-38.20028687,-19.52211952,-38.68996048,31.61291504,-13.80379677,13.05754852,-6.617501259,-7.93637991,9.385716438
2.624,3,20,4135.893769,9162.65625,0.044726563,0.05593935,4384.516971,0,0,9,0.000979167,0.55436492,0.611403823,257.8125,17.97806931,31,0.06086459,0.804216981,-342.6752319,103.0348358,3.474265814,52.19703674,-5.823697567,16.57597733,-29.83607674,27.34641838,-21.69045639,15.82504368,-0.778577983,-2.9383564,9.955739975,2312.642188,4107.1875,0.0521875,0.151744902,2736.158124,-1823.251581,0.095805556,8,0.000270833,0.594083726,0.476744384,796.875,39.22877884,26,0.000626813,0.557421148,-186.100296,175.6018982,-55.57950211,3.235178947,-33.46474838,-25.1528511,-42.83042145,11.25525761,-8.311624527,21.9369278,1.770145535,-0.681845546,18.66753578,2146.728831,3513.75,0.050136719,0.118681304,2608.069931,-165.913357,-0.033063598,9,0.000291667,0.516719639,0.563579738,867.1875,23.43943024,26,0.000156215,0.524520993,-194.3249664,195.5379639,-55.88286209,0.982447267,-22.3491478,-21.65400124,-46.76307678,17.81547737,-19.84217453,12.59014893,-5.899334908,-8.535024643,17.01821136,2187.57553,3913.59375,0.047705078,0.090604,2733.279675,40.84669844,-0.028077304,8,0.000625,0.478710324,0.589024007,796.875,16.66967201,27,0.000217927,0.560848236,-210.8517914,196.5671082,-50.08505249,0.586445868,-23.33146667,-18.35194206,-40.28975677,17.05581856,-20.60241127,11.45244026,-5.905549526,-8.617925644,10.34976196,2444.15987,4552.96875,0.049921875,0.098074742,3040.092759,256.5843403,0.007470742,8,0.000479167,0.549331486,0.54352814,890.625,20.61896133,8,0.000212347,0.55685544,-209.6089783,187.6107178,-42.61539078,12.73681545,-36.77685928,-19.24452972,-39.09090042,30.40459442,-18.41676331,12.96773148,-9.90822506,-12.54598045,8.115860939
5.056,3,40,3527.425018,7126.973684,0.052713816,0.093554616,3533.300635,0,0,15,0.00125,0.627460361,0.49261409,796.875,17.84547234,21,0.032797195,0.55635643,-263.1990662,124.9781036,-25.40475464,35.71485519,-17.26523972,-10.12675476,-28.21121788,23.17920494,-15.27462006,16.87251282,-1.139901161,-0.156717554,16.45798874,2755.442526,5064.967105,0.054615543,0.070785724,3145.393654,-771.9824924,-0.022768892,16,0.001708333,0.451387882,0.653739095,843.75,10.8516922,28,0.000450564,0.42607221,-232.6964874,162.7275848,-43.21710968,17.52835846,-15.09570789,-25.36651993,-36.04467773,20.51808357,-17.51952934,11.25197029,-7.766877651,-6.166813374,19.3381958,2757.065215,5602.549342,0.053371711,0.085900821,3376.930017,1.622688623,0.015115097,19,0.001270833,0.453604519,0.644983351,960.9375,13.03096867,28,0.000486635,0.509807348,-216.2171326,173.8833313,-38.66310501,15.15935326,-35.04856873,-11.38611221,-38.8963089,32.41727829,-16.40944672,9.136671066,-10.47768974,-10.76849079,9.262850761,2689.528441,5261.595395,0.050226151,0.076759286,3116.532297,-67.53677388,-0.009141535,15,0.001854167,0.520590305,0.594280243,890.625,15.28843403,10,0.000437003,0.418224335,-239.5179138,168.3282471,-31.19480705,10.56765366,-28.96380234,-17.01150131,-21.8243351,34.73521805,-8.033705711,13.42210388,-5.638829231,-15.35529041,4.046099663,2460.651906,4681.085526,0.046006373,0.069138229,2977.335401,-228.8765348,-0.007621057,14,0.001020833,0.535868406,0.568627298,257.8125,14.65572643,10,0.000272673,0.345312268,-251.278244,178.1569672,-22.90672302,-4.411851883,-26.74766159,-9.846801758,-8.809411049,33.01347733,-3.979539156,14.51746368,-8.483336449,-8.458456039,5.421662331
4.2453,3,40,3241.509365,6636.914063,0.041729736,0.079805382,3604.749246,0,0,11,0.001333333,0.643630981,0.48170197,257.8125,19.46456909,21,0.038688529,0.690672278,-300.1715393,118.4523468,-3.032844543,42.00059891,-4.448458672,-0.84437561,-21.92248726,17.86127663,-16.70084381,12.66876888,-1.312657475,1.526849031,13.73458576,2408.990548,4401.5625,0.046868896,0.137116402,2833.893282,-832.5188161,0.057311021,11,0.001541667,0.489967376,0.598933876,796.875,31.76612282,27,0.000188407,0.703172445,-187.2257385,174.6081085,-48.17341232,9.832015038,-26.96282387,-21.38446236,-43.3086319,9.802968025,-12.96053791,10.0636797,-1.917464852,-2.605056286,17.02811813,2321.605228,4502.929688,0.047949219,0.096123405,2866.797078,-87.38532043,-0.040992998,11,0.001458333,0.42739597,0.64020431,796.875,18.74071121,8,0.000142677,0.587020457,-219.5579529,181.8553467,-40.07476044,-1.603734612,-22.60739326,-25.32071877,-35.08646774,17.72444534,-16.18497849,8.066732407,-9.91711998,-6.406158447,12.35611153,2609.970515,5105.273438,0.052954102,0.079648562,3206.045431,288.3652869,-0.016474843,12,0.001270833,0.481415868,0.612548649,937.5,15.173316,4,0.000269827,0.456186801,-229.405365,178.9430389,-42.14981079,7.688853264,-28.02943039,-19.16609383,-32.28273773,30.22996902,-20.40554047,12.74786663,-12.11667728,-12.95968628,6.416656494,2823.833447,5428.125,0.051239014,0.076365635,3297.662721,213.862932,-0.003282927,14,4.17E-05,0.434944689,0.672039926,960.9375,12.23189163,12,0.00031012,0.409151793,-234.1715546,168.0524597,-32.32852936,9.293848038,-35.68088531,-15.57881737,-21.94153214,30.93231201,-17.83299065,15.73477459,-9.847238541,-13.46095276,2.419713259
5.312,3,40,3199.576756,6733.359375,0.051240234,0.107823171,3493.147833,0,0,16,0.001541667,0.595351458,0.516544342,773.4375,25.83338547,21,0.030893162,0.641425788,-257.0533752,131.378006,-26.48463821,29.30041695,-16.87218857,-6.671252251,-35.1489296,13.3708725,-12.7025156,14.31500244,2.181849003,0.268669367,13.48143291,2372.155613,4290.234375,0.052006836,0.117202759,2834.740204,-827.4211426,0.009379588,15,0.000125,0.452277511,0.606346309,796.875,24.67209435,26,0.000183705,0.434325278,-199.5438232,174.0706177,-41.74028778,5.504752159,-28.42185211,-33.32995987,-39.23641968,10.14303303,-21.79442787,10.62522125,-2.551942348,-6.112548828,13.59559441,2887.777649,5973.75,0.052729492,0.05935834,3393.536116,515.6220363,-0.057844419,15,0.0015625,0.489563286,0.610452294,867.1875,11.79215431,10,0.000378699,0.580809951,-250.7241211,170.9441528,-38.27967072,22.87517357,-34.75827789,-10.3816061,-32.07938004,34.36604309,-16.67163467,13.4598875,-5.517573833,-12.84309769,5.884046078,3065.681715,6222.1875,0.057128906,0.053273305,3408.749815,177.9040655,-0.006085034,14,0.0003125,0.52944833,0.599667132,257.8125,9.541593552,33,0.000381422,0.50601995,-258.9397278,167.8042145,-36.30412674,17.85066986,-36.73564148,-9.342325211,-25.82064629,38.45791245,-17.39739609,15.45257282,-4.530906677,-16.26234818,4.683925629,2600.527652,5196.328125,0.049169922,0.046849146,3179.875361,-465.1540628,-0.006424159,15,0.0013125,0.524811924,0.591346204,257.8125,9.676154137,10,0.000264169,0.441702336,-284.725769,179.4530792,-33.40275574,-1.984736323,-27.6593132,-7.218792915,-16.55049706,45.26115417,-10.34514046,14.10219765,-8.396960258,-15.26725864,7.993414879
5.5893,3,40,3377.312829,6556.696429,0.058519345,0.113391913,3428.474275,0,0,16,0.001583333,0.545795381,0.552786529,773.4375,25.72302628,21,0.029883036,0.571735799,-237.6347656,128.0345764,-30.08472443,30.48096657,-22.32918358,-8.633075714,-36.39818954,13.55762672,-14.28918076,15.55859566,1.822829366,1.932765722,13.72746086,3257.255918,6923.214286,0.05718471,0.083956137,3576.157118,-120.0569113,-0.029435776,18,0.001270833,0.413863748,0.668521821,773.4375,15.32141304,27,0.000473619,0.375258505,-221.6073914,155.900116,-37.05130768,19.34057426,-29.3264122,-23.06196785,-43.36863327,19.41263962,-22.81669998,14.10929108,-6.968071461,-7.442210197,15.74899673,3102.720978,6059.375,0.056570871,0.074420817,3497.220264,-154.5349393,-0.00953532,18,0.000645833,0.415671796,0.687186897,937.5,12.72193909,24,0.000499098,0.368393332,-227.5658264,158.497818,-37.73548126,18.6690731,-33.06128311,-15.9392004,-35.42216492,25.75166702,-17.10613441,10.82374573,-8.202627182,-9.79991436,8.881043434,2715.797678,5425.892857,0.050088356,0.057320505,3262.50139,-386.9233007,-0.017100312,15,0.0006875,0.521778584,0.591398358,937.5,10.10724831,4,0.000478613,0.364561498,-261.999115,171.021637,-36.29801941,9.007965088,-30.85714912,-9.513957977,-22.21507835,34.53355026,-15.6213274,12.45183659,-6.563110828,-19.676651,5.31694603,3019.475056,5792.410714,0.052627418,0.060703989,3393.214435,303.6773779,0.003383484,16,0.0020625,0.468079835,0.651307106,257.8125,11.61290836,30,0.000545099,0.777928829,-255.0435486,163.3920898,-33.24071884,5.755736351,-28.30798912,-5.882127285,-18.04374504,41.53577423,-10.55007744,16.03611565,-9.019474983,-18.88072205,7.563394547
5.3973,3,40,3364.407853,7100.643382,0.049531824,0.076997355,3641.208335,0,0,18,0.001520833,0.549891651,0.56947577,773.4375,16.90048218,16,0.030193487,0.342767,-273.6889648,129.3143311,-22.97932243,27.6228714,-14.46040726,-3.751652241,-32.1421051,17.54892159,-14.60044861,17.70075035,0.19497709,-0.610273361,14.44983959,2590.737279,5034.926471,0.051384421,0.070814565,3056.726676,-773.6705741,-0.00618279,19,0.000208333,0.507359564,0.584541976,773.4375,17.08854103,7,0.000452193,0.441216439,-240.52034,171.3049011,-43.7652092,10.35028553,-37.47509003,-26.77263069,-35.33086014,14.27066326,-21.45344353,10.00989819,-11.50643349,-2.931740522,14.78493404,2698.839236,5153.033088,0.052581189,0.060048942,3239.517119,108.1019563,-0.010765623,15,0.000833333,0.493518412,0.612715721,960.9375,9.639864922,9,0.000724279,0.473835707,-245.9417267,173.6480103,-40.34243011,14.35445023,-31.80782127,-21.01903725,-32.33995438,25.9117775,-19.95347214,14.05926037,-11.5633812,-8.650747299,7.957692623,2801.666774,5346.966912,0.052820542,0.066726603,3273.995934,102.8275385,0.006677661,15,0.0020625,0.475849956,0.620322466,960.9375,11.20210266,11,0.000781206,0.9905563,-244.3309021,166.7131042,-35.21407318,12.76772499,-36.73431015,-18.63595963,-19.54937744,34.14920044,-17.96338844,15.46279335,-9.270354271,-14.39168549,5.398972034,2507.744738,4770.680147,0.049809475,0.089009508,3116.839147,-293.9220361,0.022282906,14,0.001020833,0.452216059,0.626348257,867.1875,17.46361351,10,0.000305029,0.374681175,-227.7629852,174.5255127,-35.26538849,-3.60279727,-30.78124046,-15.66155434,-14.14254951,34.73858261,-14.02533531,16.00886536,-7.00124836,-14.04050541,1.805027723
5.44,3,40,3495.48717,7454.945388,0.053753603,0.114653826,3712.82976,0,0,16,0.001520833,0.571848691,0.554283261,773.4375,27.16266823,44,0.030120593,0.461562723,-238.3668823,122.7777328,-22.63335609,37.62227631,-17.31829262,-7.235033512,-30.93019485,17.24319839,-16.90122986,19.36473274,-3.654830217,-2.545711517,15.18186951,3373.007406,7179.156553,0.061570843,0.090713859,3775.635123,-122.4797641,-0.023939967,15,8.33E-05,0.454986632,0.627220392,843.75,17.69205666,26,0.000640487,0.440546393,-198.5676727,150.4119873,-41.16593933,26.13230324,-45.59560394,-15.8268652,-47.73872757,19.66880035,-19.7397213,14.49407864,-9.837215424,-6.20731163,14.28575802,3333.870584,6938.865291,0.064547937,0.072208874,3602.688834,-39.13682222,-0.018504985,17,0.0018125,0.443789333,0.651727259,867.1875,13.12303734,8,0.000652318,0.452338874,-218.0298157,152.4543152,-37.28369904,21.83540344,-39.74170303,-17.50561905,-32.49292374,25.81430817,-16.92173004,13.27472973,-9.505413055,-7.775253773,8.299467087,3312.297351,6633.495146,0.060532653,0.077852376,3566.426178,-21.57323286,0.005643502,19,0.000270833,0.50852102,0.604414403,960.9375,16.7685051,30,0.000555733,0.346019447,-224.5199127,148.9667511,-36.23800659,10.67681599,-33.45589066,-14.95227146,-21.79864883,33.7495842,-12.45336056,15.63086987,-6.136408329,-13.94543552,6.109716892,2863.531904,5576.304612,0.052487864,0.067957133,3480.713213,-448.7654464,-0.009895243,17,0.000854167,0.499530941,0.602964878,257.8125,11.34584522,31,0.000320912,0.331879884,-242.9145203,163.6382141,-36.72941208,1.043194771,-32.50295639,-5.301692009,-19.70902443,41.3184166,-12.20541191,18.76437759,-7.832553387,-19.67071533,6.847712994
5.4827,3,40,3505.463234,7304.535801,0.057181053,0.097191505,3673.042666,0,0,13,0.00125,0.449976265,0.651788414,773.4375,19.3355484,26,0.031099783,0.527509749,-251.4977417,127.4143906,-29.2315197,33.28926086,-20.53456306,-7.125601292,-34.907547,17.29592514,-12.9774332,15.26508904,0.617181301,-2.213223696,11.50595093,3392.125846,7226.031553,0.059020404,0.087080456,3746.439216,-113.3373875,-0.010111049,16,0.000291667,0.476590186,0.600975394,773.4375,18.22929764,26,0.000748429,0.362093776,-202.6438293,147.1788483,-35.83513641,17.56783295,-35.28713226,-16.5196743,-39.58345032,16.71103287,-20.65300941,11.38936615,-8.268641472,-3.999790907,14.98184395,3102.341782,6470.797937,0.058138653,0.065664478,3487.968267,-289.7840639,-0.021415979,15,0.001729167,0.584065259,0.519444942,937.5,13.24819756,28,0.000628002,0.632389665,-226.6897888,159.1117859,-41.58808899,19.99542999,-41.14761353,-14.40572453,-32.58961105,26.90011787,-15.87496185,11.3151741,-8.008795738,-9.10660553,5.984065533,3328.524418,6685.831311,0.061523438,0.065833725,3572.465188,226.1826361,0.000169247,15,0.000541667,0.499346197,0.626394093,960.9375,12.37392139,30,0.000786903,0.344823182,-239.5227814,150.6638031,-32.67867661,15.20011711,-33.92380142,-15.6733551,-20.62641335,35.68111801,-12.29815769,17.2419796,-3.187588215,-16.63153839,1.879638791,2876.09708,5853.458738,0.05436988,0.065456606,3524.874664,-452.4273387,-0.000377119,17,0.0004375,0.530922771,0.571266115,796.875,12.90063095,22,0.000577181,0.312916368,-231.2036133,167.2783051,-34.59168243,-1.709349871,-32.61349869,-2.943561077,-19.44171906,39.15400696,-13.35721207,18.12114906,-5.270924568,-20.56717682,10.82379341
5.5893,3,40,3540.70303,7481.25,0.055547805,0.112642273,3752.447726,0,0,16,0.001395833,0.537434936,0.581455231,773.4375,21.21996307,26,0.029371649,0.536974847,-224.267334,129.2203674,-25.76232719,36.49853516,-20.71621513,-4.96528244,-35.83895874,19.32278442,-15.08832455,18.15309334,0.564554274,1.769142747,12.421978,3028.188945,6017.1875,0.055724516,0.118114486,3408.171122,-512.5140847,0.005472213,19,0.000291667,0.456845701,0.623870313,867.1875,21.59044456,26,0.000385723,0.453504324,-175.0871124,163.0010529,-43.7149353,20.98399162,-33.89440536,-16.38154411,-43.54699707,21.49875832,-20.07220078,12.13626385,-7.176999569,-6.92717123,13.46381569,2859.040665,5714.732143,0.057119606,0.09364029,3299.878873,-169.14828,-0.024474196,20,0.00025,0.4918001,0.602840841,960.9375,18.66078568,8,0.000337236,0.402886152,-204.2400665,165.515625,-36.65729904,12.32085037,-32.0961647,-18.40764999,-26.69800186,25.18904114,-13.14864445,15.83893204,-11.84318256,-10.28069878,5.976485252,2727.606706,5233.482143,0.052669271,0.078254074,3362.559869,-131.4339591,-0.015386216,19,0.001354167,0.574625552,0.519697964,914.0625,16.19802284,10,0.000289478,0.411223531,-220.3922272,170.3721313,-34.88986969,-0.646802187,-29.94135475,-8.20035553,-19.82951164,38.05184555,-11.83650112,19.81805992,-5.880252361,-13.98506546,3.95629859,2687.830353,4989.955357,0.049353609,0.060460947,3206.046422,-39.77635309,-0.017793126,16,0.000583333,0.551485598,0.576008856,257.8125,11.67907619,10,0.000451303,0.298433721,-255.3586273,171.1047974,-26.76063347,0.050282087,-19.3851738,-1.005607247,-8.081356049,44.96019745,-6.933879852,17.09073639,-3.416784286,-13.53722763,6.460016251
5.2053,3,40,2960.893903,5969.626913,0.048673669,0.097183317,3343.903032,0,0,16,0.0014375,0.647975683,0.489367634,773.4375,21.34522247,21,0.031511661,0.568241298,-261.3103027,133.2941895,-26.61176682,31.21361732,-12.5836792,-6.733408451,-29.25159645,17.63835716,-14.07222462,18.66585541,0.957372606,0.675648451,14.83765888,2545.982432,5007.971939,0.049655214,0.101337679,3060.751981,-414.9114707,0.004154362,16,0.000895833,0.54341501,0.538380206,773.4375,22.4230957,26,0.000253219,0.293117851,-204.0915833,175.073349,-41.68346024,13.46472645,-30.33871269,-23.32294083,-36.11265182,17.71827698,-19.37524414,16.18107986,-4.202243805,-3.740472078,16.37729263,2688.448551,5144.770408,0.054901746,0.10820096,3135.276069,142.4661189,0.006863281,17,0.000770833,0.450769871,0.640762985,937.5,20.6866703,28,0.000303927,0.345528752,-200.7802124,173.4147186,-35.70620728,10.46964836,-34.38840485,-18.70983124,-27.66960526,29.23274231,-15.30401516,12.10031891,-4.921710014,-8.465043068,5.906923294,2989.478676,5900.031888,0.057387994,0.07422965,3395.691075,301.0301247,-0.03397131,13,0.000104167,0.484678358,0.633591056,960.9375,12.35193253,11,0.00054002,0.333961487,-216.8871918,159.2805481,-32.8782692,8.529573441,-33.77867508,-11.44405556,-12.24738693,33.96004486,-16.15939331,15.47562599,-1.376508117,-11.61865234,5.157240391,2792.69313,5536.989796,0.051942164,0.066783242,3380.109825,-196.7855462,-0.007446408,14,0.000375,0.497989714,0.620851576,257.8125,13.22940826,30,0.000290153,0.316758573,-244.8268127,163.7100372,-34.88653183,5.900004387,-27.79916954,-7.153042316,-11.44460583,43.54073334,-13.15878391,17.35372925,-2.737299919,-11.20533466,5.936434269
4.48,3,40,3285.782381,6902.757353,0.049569164,0.096471339,3587.036174,0,0,13,0.001125,0.619736612,0.505402148,796.875,21.97659683,22,0.035734985,0.482204318,-249.8943634,118.5829239,-24.48844719,38.55521774,-25.19818687,-6.16025877,-27.57544899,22.46665192,-11.08836937,8.910562515,-2.03896904,3.231719255,11.44649506,3138.314816,6936.948529,0.052131204,0.091404028,3671.741132,-147.4675651,-0.005067311,13,0.000166667,0.525633097,0.59557724,281.25,19.50090981,48,0.000476228,0.3405855,-206.9273224,163.1329803,-29.69927406,28.43231773,-43.47458649,-12.91660881,-34.1396904,27.9702034,-21.9992733,8.932902336,-9.80439949,-1.480958581,13.77127075,3228.067451,7060.477941,0.054813879,0.103984319,3742.150368,89.75263487,0.01258029,16,0.000625,0.644881546,0.451812357,937.5,25.33385849,30,0.000671094,0.354717076,-187.97612,152.5585938,-22.83605003,19.49986076,-42.80493546,-17.79936409,-30.10051918,33.33446121,-10.9090271,8.689808846,-7.84277916,-5.244421482,6.459329128,3343.484909,6947.702206,0.055721507,0.074776709,3731.614447,115.417458,-0.02920761,15,0.0006875,0.58639276,0.542909145,257.8125,16.77321625,30,0.000531576,0.359211385,-213.7684937,152.4547119,-25.97554779,20.49098396,-40.55079651,-8.128505707,-20.81971169,39.80726242,-10.99966717,6.344450951,-6.426314831,-6.802656174,5.281781673,2853.662485,5792.371324,0.047863051,0.075643033,3396.038164,-489.8224238,0.000866324,13,0.000895833,0.486707062,0.645432889,257.8125,16.38863945,10,0.00033346,0.49337548,-244.9798431,170.4784851,-27.68060303,11.79246998,-41.01357269,-7.001368523,-13.2557354,49.10103989,-12.31787395,10.87839031,-4.462143421,-11.00841427,6.310858727
4.096,3,40,2859.84522,5754.362825,0.055930398,0.081037559,3140.2637,0,0,11,0.000520833,0.582835019,0.529426575,796.875,21.11325264,21,0.039253771,0.357630223,-250.2938843,138.8696899,-39.02702713,14.26960278,-31.79799461,-26.23730659,-40.50104141,15.01897335,-7.628222942,15.29855824,-1.567700624,-2.678168297,15.25565624,2882.663487,5677.962662,0.056780134,0.077254504,3307.068593,22.81826684,-0.003783055,12,0.000708333,0.512541771,0.595301092,796.875,19.17060852,2,0.000260416,0.329395384,-227.2251129,159.3386383,-37.60680771,26.03734016,-36.12145233,-23.81375122,-39.66260529,22.57649422,-13.01068783,10.46891689,-8.33805275,-7.798641205,12.64008522,2930.673936,5899.857955,0.056247463,0.073562257,3359.325992,48.01044885,-0.003692247,13,0.001041667,0.575960577,0.530841053,867.1875,14.15041542,10,0.00040246,0.461326063,-225.5706635,166.8134918,-38.93118286,18.60684395,-37.12204361,-8.953194618,-33.81410599,30.67606735,-9.193143845,14.75597477,-9.389588356,-13.22584057,8.441343307,3386.02165,7157.873377,0.057407924,0.062137399,3755.541591,455.347714,-0.011424858,13,0.001541667,0.585188925,0.543151319,257.8125,13.98957253,30,0.000497581,0.988760114,-232.8196259,150.7451324,-34.1518898,23.31701279,-35.46744919,-7.35488081,-24.1705246,37.97500992,-10.19260883,19.63514519,-4.797571182,-16.90017509,5.930930138,2495.42882,4643.364448,0.047845221,0.058726639,2973.472746,-890.5928295,-0.00341076,13,0.001479167,0.58701098,0.545414209,257.8125,13.87829304,22,0.000199946,0.668852866,-258.8407288,180.4957275,-45.85567856,10.94050503,-29.29320335,-6.1715765,-19.36914444,35.68685913,-9.686152458,18.47298622,-8.33707428,-15.66852379,13.07158661
4.1387,3,40,2806.065243,5482.572115,0.057767428,0.059980717,3049.928983,0,0,11,0.001166667,0.555539906,0.55817467,796.875,15.16487598,26,0.038796499,0.377930254,-270.2604065,138.9590912,-38.31075668,19.96868324,-28.35780716,-31.42502975,-39.295681,7.911754131,-9.576871872,13.58606911,-3.856861591,-1.47922051,15.69396496,3109.877278,6363.28125,0.060139974,0.046318546,3470.65475,303.8120354,-0.013662171,12,0.00075,0.527785361,0.568875194,796.875,9.489689827,2,0.000638585,0.671658635,-260.3216248,165.2633514,-43.91952515,29.73119545,-45.20374298,-14.52768803,-40.25963593,28.73252296,-14.5033884,12.4805479,-14.11838341,-8.565893173,13.30040073,3071.355726,5924.879808,0.060271434,0.062734954,3358.041462,-38.52155179,0.016416408,12,0.000625,0.593790174,0.529138505,820.3125,11.9555769,29,0.000566456,0.495952457,-238.6369171,156.8599548,-34.92852783,20.44125938,-37.70616913,-20.58948135,-25.68764114,31.45432663,-11.91463184,13.32870674,-9.766651154,-10.9423418,4.230788231,3301.886617,6572.716346,0.063157302,0.070177875,3555.560009,230.5308913,0.007442921,10,0.00075,0.499032557,0.63471818,257.8125,12.44625759,22,0.000724563,0.272497803,-220.3772736,147.7583313,-41.96368408,23.2475071,-33.73464584,-11.73177338,-24.36844444,34.48047638,-10.70256519,14.96365738,-6.18193388,-16.13363647,6.613745213,3291.541729,6786.658654,0.057016226,0.069228664,3636.09304,-10.34488799,-0.000949211,13,0.001333333,0.508774936,0.619149745,257.8125,12.81640911,54,0.000467535,0.418127269,-232.1161804,158.7293243,-43.88835144,24.07308388,-47.03114319,-2.707584143,-19.06846046,45.86383438,-19.33452797,18.14138031,-4.936900616,-19.04787254,6.945033073
4.16,3,40,2578.387919,4800.534019,0.052925979,0.127162695,2988.165772,0,0,16,0.001458333,0.48692885,0.594760895,796.875,31.63084984,26,0.039189272,0.465180129,-205.4821777,151.2357635,-40.70508957,11.42695904,-31.56143379,-28.94506454,-42.76424789,6.882742882,-14.9235096,17.64368439,-2.544117212,-3.175211191,11.18732929,3425.535293,7114.022943,0.063903036,0.114394076,3590.32956,847.1473737,-0.012768619,14,0.000125,0.41306901,0.672673225,820.3125,23.12432098,27,0.001243485,0.35912928,-182.356308,147.4586334,-41.96255875,20.22251892,-40.26742172,-17.75499916,-39.03475189,18.84863281,-20.14197159,9.62970829,-4.872429371,-7.57729578,9.581101418,3530.059362,7464.102057,0.060614864,0.064933889,3871.533824,104.5240687,-0.049460188,13,0.001583333,0.576599658,0.543283045,914.0625,12.20725346,30,0.000787606,0.955807805,-222.2582397,157.6943359,-40.05495071,29.99468231,-44.5359726,-10.63531017,-37.50634766,39.54156494,-21.85879898,14.59212589,-7.931376457,-17.66179466,4.145616055,2937.067034,6007.120253,0.056146163,0.081008039,3422.492608,-592.9923276,0.016074151,17,0.0009375,0.567676544,0.517838359,914.0625,17.1371727,30,0.000549106,0.351546109,-215.4068909,161.939743,-32.79613495,2.665500879,-33.85296249,-16.10025215,-25.66760445,32.96087646,-10.82718849,13.88898849,-5.476529598,-21.50209427,4.738436699,3209.333017,6588.607595,0.058791535,0.063083462,3550.952866,272.2659826,-0.017924577,16,0.001125,0.524762928,0.611090362,820.3125,12.74319553,26,0.000474088,0.389795154,-237.1356354,160.3403168,-42.55620575,13.53961277,-33.8291893,-4.171712875,-22.15487289,38.15946579,-18.83324623,21.04440498,-2.327640772,-21.1616478,8.503773689
3.9893,3,40,2976.822087,6013.125,0.052246094,0.107856333,3201.482181,0,0,12,0.0003125,0.576977372,0.549344122,796.875,27.62664032,22,0.040356677,0.47394827,-211.9868164,141.6620331,-37.57109833,29.05413055,-34.39516449,-19.59097099,-37.65282059,17.35465622,-7.20988512,14.44121265,-4.422755718,1.154091477,16.3126049,2516.95234,4843.75,0.04891276,0.116676904,3056.050627,-459.8697475,0.008820571,9,0.001375,0.563147604,0.532194912,820.3125,24.89817429,30,0.000706241,0.620593429,-193.1018829,173.9199371,-32.62083435,24.21833229,-36.64276505,-23.33708,-35.17976761,28.32183838,-6.450705528,12.82468987,-11.42584419,-3.731155157,11.98905849,3062.97066,6451.25,0.048170573,0.090412572,3623.753881,546.0183204,-0.026264332,14,0.001479167,0.632631719,0.491918564,257.8125,18.77775764,10,0.000730304,0.79711467,-200.8649597,161.6570129,-27.99479103,30.0321846,-44.27715683,-12.96195507,-28.7259407,36.8945961,-11.43768978,13.26764297,-9.822412491,-8.397557259,5.726425171,3107.973785,6655.625,0.050729167,0.094169132,3640.02549,45.00312473,0.00375656,15,0.000479167,0.567550302,0.54473418,257.8125,19.47723961,31,0.00059402,0.434719801,-207.7536469,156.3874664,-28.90073967,18.64097404,-37.90073395,-11.08589363,-21.89824104,43.90270996,-10.94144917,12.56128979,-4.41849041,-14.22321987,5.390313625,2608.590968,5230.9375,0.044355469,0.073253453,3190.100088,-499.3828171,-0.02091568,14,0.001166667,0.632592678,0.49365443,257.8125,18.50869942,22,0.000371451,0.326847881,-231.3650208,162.2596893,-27.33503532,7.302765369,-27.32420921,-10.66632557,-14.08477879,34.77957535,-1.621194601,12.20001602,-3.527968645,-14.57008171,13.00319862
5.504,3,40,3324.895363,6694.786659,0.044381949,0.08993908,3617.543825,0,0,15,0.001541667,0.593300283,0.533803642,867.1875,17.67227554,22,0.030034741,0.483381033,-256.3973999,137.7022247,-21.29329681,29.0772686,-16.32569313,-7.494150162,-31.62721634,22.46092796,-14.85670567,18.30036354,0.72163868,-1.875002742,15.51089954,2523.543699,4685.246394,0.050372784,0.070880093,3085.299701,-801.3516633,-0.019058987,16,0.001458333,0.403921902,0.673772991,843.75,14.69139194,27,0.00024763,0.31117487,-239.3693085,171.0692749,-31.46251488,9.279720306,-26.2047596,-24.54891205,-34.95926666,17.33752441,-14.27916336,13.76749039,-4.041670799,-5.249320507,15.17536068,2795.133107,5465.219351,0.052955041,0.07383056,3239.297516,271.589408,0.002950467,15,0.001479167,0.482696116,0.631975889,867.1875,14.62033558,10,0.00031643,0.42054525,-226.6159821,168.6206055,-41.12475586,19.27227592,-27.34689522,-14.68732643,-26.12591934,31.6172142,-11.95770645,15.81292534,-11.72301769,-10.3542738,8.228590012,2959.723904,6294.771635,0.053396372,0.093753941,3542.107892,164.5907962,0.019923382,18,0.000854167,0.555564046,0.553974986,914.0625,17.96779633,30,0.000397245,0.483915687,-211.9885101,165.3290253,-31.07955933,12.14625549,-37.42069244,-15.55171299,-25.37716484,42.26445007,-14.75489426,14.47252941,-7.420338631,-14.16323471,5.46128273,2618.170253,4959.510216,0.050344614,0.08757969,3296.729357,-341.5536502,-0.006174251,14,0.000395833,0.484323025,0.611854732,257.8125,14.54155254,30,0.000370087,0.432891637,-219.648468,174.4951477,-34.71978378,1.47045815,-36.21977234,-7.297347069,-17.55084038,42.59389877,-14.91943169,15.70579433,-6.605143547,-14.96050358,7.602009773
8.1707,3,60,2762.538234,5450.131899,0.04841594,0.104389638,3078.627265,0,0,22,0.001479167,0.561779201,0.537719011,773.4375,25.20588112,21,0.020064592,0.386083394,-247.957901,142.8114929,-27.59421921,17.44793892,-16.51222992,-20.91004372,-34.53035355,13.52248955,-11.62776947,14.4376936,0.314599484,-1.735008001,13.49346828,2551.307689,4708.95901,0.05362533,0.074024633,2938.189614,-211.2305449,-0.030365005,28,0.0005,0.445111662,0.629959643,796.875,14.26067448,7,0.000433563,0.267311275,-228.1555634,163.553894,-36.68847275,0.743792474,-23.80070877,-25.50593567,-26.34628296,18.46479034,-12.66318798,7.371170521,-3.241597652,-9.389105797,8.835404396,2742.403173,5283.482143,0.054662135,0.070535846,3232.024353,191.0954835,-0.003488787,28,0.000729167,0.512115896,0.59140408,937.5,15.18637753,30,0.000377973,0.319943339,-235.9302979,164.1404724,-38.20741653,-1.411955833,-26.31013489,-15.72945881,-19.55829239,31.84052277,-13.84502602,14.86473656,-5.091535091,-13.07796288,2.313660145,2655.510486,5062.652192,0.05020102,0.059643868,3075.251623,-86.89268681,-0.010891978,24,0.002395833,0.462701172,0.655994773,257.8125,10.87116528,11,0.000308615,0.284919113,-247.9252167,165.9278564,-38.10429001,-11.84662914,-22.72138786,-3.933584213,-9.381749153,33.35985184,-8.959064484,12.65990829,-5.583972931,-15.06189251,4.836672783,2671.602063,5067.826705,0.050286627,0.05699518,3292.201929,16.09157682,-0.002648689,23,0.00025,0.51608479,0.617146134,257.8125,13.11785412,13,0.000244253,0.379784375,-256.8711853,170.946106,-39.68803406,-7.755072117,-30.48954964,15.59037781,-10.23034954,34.59770203,-12.60249901,12.82478428,-9.951488495,-10.47869968,9.044278145
8.4053,3,60,3462.237682,7107.347706,0.054879104,0.119752139,3655.339016,0,0,24,0.001645833,0.592373431,0.530104518,773.4375,28.02722931,21,0.019900819,0.436260104,-208.9057312,128.6439972,-32.02807617,27.79266548,-22.64266968,-8.622252464,-38.63955688,15.14575481,-14.29582405,15.75387859,-1.73779583,-1.40651679,13.8015089,3047.76991,6095.530063,0.060259469,0.116825275,3394.959741,-414.4677718,-0.002926864,27,0.001854167,0.464358002,0.622209132,890.625,22.88467026,27,0.000464537,0.267447799,-185.5702057,153.8799744,-37.74730682,15.24977112,-37.70130157,-23.58539581,-35.45288849,22.44028854,-12.49481773,11.15456295,-8.377236366,-8.205103874,8.494990349,2854.328662,5787.134098,0.056056542,0.080690004,3318.077283,-193.4412479,-0.036135271,23,0.002229167,0.57092607,0.538021505,890.625,16.51525307,30,0.000370615,0.365186006,-225.0475922,163.6427612,-39.75235367,1.709555745,-35.02664948,-9.961812019,-26.11871338,34.34733582,-9.662667274,12.98300266,-4.325749874,-15.44805241,3.804567814,3035.383823,6196.993671,0.054492806,0.056121554,3474.824723,181.0551606,-0.02456845,23,0.002333333,0.450056791,0.671999812,257.8125,10.22069263,30,0.000605529,0.375036865,-255.7354584,157.9321899,-39.02892685,-0.278398544,-28.27673531,0.219546735,-15.5264349,37.82738876,-9.334656715,15.75747871,-6.84544754,-15.68633175,8.312479019,2990.665515,6266.712816,0.058303254,0.058772672,3537.318455,-44.71830783,0.002651118,24,0.002395833,0.452364832,0.666870058,257.8125,10.90246391,30,0.000446012,0.426712275,-247.2875366,162.9056244,-40.22120285,-13.20291519,-30.60923195,20.86344528,-17.87791824,35.35432053,-8.708379745,9.442737579,-7.581438065,-10.88291645,13.25649929
10.304,3,60,2991.293798,6219.756765,0.046799493,0.089352325,3437.420836,0,0,32,0.0023125,0.556372583,0.563365161,773.4375,19.82265663,20,0.015919479,0.471034378,-247.9067993,148.7493896,-27.87476921,22.3966198,-27.4585762,-15.52083015,-34.66142273,19.12600517,-14.70787716,16.5723629,-0.46907264,-5.476538658,14.76103687,3027.039766,6160.80058,0.053866986,0.092643559,3455.068679,35.7459685,0.003291234,27,0.0020625,0.467063457,0.627183139,914.0625,16.44248581,30,0.000890905,0.33504197,-203.8197021,151.8557129,-31.00280952,12.96089172,-32.93431473,-19.93935204,-29.05773354,24.20721245,-11.11097622,12.45561695,-6.375068188,-8.179462433,7.485271454,2837.807817,5638.893363,0.055898135,0.097569592,3269.181775,-189.2319492,0.004926033,28,0.002625,0.544680774,0.555343211,960.9375,20.85796738,31,0.000324117,0.281617492,-218.2978058,165.4837799,-36.63317108,-0.105403624,-36.94041824,-13.28851986,-24.48675156,35.0252037,-9.387683868,13.7960825,-5.32558918,-15.85270786,5.741156101,2986.767051,5838.836985,0.051863523,0.048070651,3444.219812,148.9592337,-0.049498942,26,0.000229167,0.53856957,0.610869288,257.8125,11.16525841,31,0.000458085,0.375882119,-272.2500305,165.8433838,-32.29556274,-0.041439883,-28.47392464,5.095788002,-14.25597095,40.98021317,-12.95476627,13.08898067,-7.874176979,-14.7706213,9.60667038,2590.433248,4802.150451,0.045732321,0.052539721,3282.055202,-396.3338022,0.004469071,28,0.001020833,0.5067752,0.648237705,257.8125,13.71080494,10,0.000409249,0.224784091,-274.6405945,167.0837402,-23.8460083,-20.28234673,-19.18612862,16.44152641,-6.794283867,33.44868469,-7.389993191,6.477460861,-9.655268669,-12.0715065,9.461550713
8.6187,3,60,3019.796309,5867.042824,0.0544735,0.117707133,3337.795194,0,0,25,0.0024375,0.523216724,0.586940944,773.4375,28.66145897,26,0.018982254,0.388787866,-217.0122528,144.5951538,-37.86853027,20.87301064,-25.60165977,-15.03308296,-37.51954269,14.88183308,-13.56572628,17.45199776,-1.679665327,0.349165857,16.60831642,2917.316511,5849.247685,0.056483893,0.097683161,3334.929479,-102.479798,-0.020023972,25,0.002291667,0.451756716,0.631537139,867.1875,16.76621628,28,0.000335955,0.385893941,-198.3204346,159.4749603,-41.30155563,10.33096123,-33.46170425,-20.1530571,-35.03309631,22.63513565,-14.28135586,11.95833015,-8.691049576,-6.164199829,10.44149685,3112.535038,6247.974537,0.059280961,0.076883703,3509.057418,195.2185277,-0.020799458,22,0.000458333,0.509687662,0.590702295,960.9375,14.68170738,31,0.000369415,0.374666154,-218.5868225,162.3603363,-40.0494194,5.435061455,-41.48509598,-7.250492573,-24.25055122,36.57859039,-16.13854218,13.95653439,-8.036545753,-14.50843525,6.420993328,2851.10718,5490.451389,0.052933304,0.071664013,3348.565432,-261.4278581,-0.005219691,23,0.001708333,0.4645105,0.63901186,984.375,12.3428669,31,0.000346821,0.326242268,-238.0516663,165.7757568,-31.96243286,-8.16104126,-31.4869194,-1.602525473,-16.61895752,35.58812714,-11.94289303,12.86980629,-6.326300621,-16.36803436,9.217186928,2763.603455,5194.444444,0.05373505,0.070869975,3253.677825,-87.50372518,-0.000794038,27,0.002479167,0.45437184,0.662803531,257.8125,13.2953558,10,0.000331558,0.379422307,-237.0878448,174.9272003,-40.67670822,-14.50344467,-32.99673462,17.95584106,-17.05811119,32.16028214,-13.89014244,10.52298546,-10.18710518,-13.08934689,11.23203278
7.7867,3,60,3038.868635,5897.799745,0.048104007,0.106726505,3360.201747,0,0,19,0.001229167,0.532421291,0.598338008,773.4375,20.12388802,16,0.020893985,0.503003359,-236.124527,146.8941803,-28.62009811,21.50000954,-21.85046577,-9.579631805,-30.87979698,14.93495274,-18.94634628,17.08238411,-2.724180222,-0.234995157,16.25557327,2630.148228,5102.519133,0.051472151,0.102075621,3169.794197,-408.720407,-0.004650883,22,0.000708333,0.475374728,0.614364088,796.875,17.23868561,7,0.000233719,0.380560726,-205.9522552,172.2466278,-35.37149429,13.04377079,-35.14400101,-23.89735985,-32.70310593,25.35836601,-18.50289726,11.35121918,-10.40168858,-6.108611584,11.63595772,2324.869014,4245.376276,0.047904709,0.071399264,2833.109496,-305.2792136,-0.030676357,23,0.002125,0.494250298,0.61232096,257.8125,12.9691925,10,0.000218041,0.331208944,-248.5141296,177.6250458,-33.36226273,1.183083653,-23.83372116,-16.50307655,-14.53272343,35.4826889,-7.183576107,9.444120407,-6.089361668,-12.56123161,5.413463116,2491.689735,4841.19898,0.048887915,0.074333668,3017.941263,166.8207205,0.002934404,19,0.0019375,0.511584878,0.611758232,257.8125,15.49100971,2,0.000244786,0.30635491,-241.6977539,179.2045135,-30.62604332,-12.46412754,-28.5175972,-2.043145895,-12.93797493,31.92946815,-8.305473328,13.76550388,-7.726552486,-10.00840187,8.272037506,2550.968213,4714.445153,0.044998273,0.068498626,3080.754176,59.27847872,-0.005835041,20,0.002291667,0.50486505,0.636571169,257.8125,16.48086548,30,0.000226795,0.351587802,-255.5840302,174.4458771,-35.05473328,-13.38075447,-23.01195526,7.914844513,-7.998144627,38.65053177,-11.00846672,6.207257748,-6.439212322,-5.303996563,8.949061394
7.616,3,60,3579.525814,7357.572115,0.05590991,0.095084496,3730.702335,0,0,24,0.001,0.501330793,0.61699295,773.4375,18.82456589,26,0.02241607,0.520038784,-237.8529053,132.4061127,-30.28484154,31.59732437,-33.22592926,-6.139438629,-42.09572983,18.27360535,-16.39620972,14.88608742,-3.559365511,-1.047964215,15.26823902,3255.220988,6780.976836,0.058262538,0.084679149,3627.635605,-324.3048266,-0.010405347,21,0.0023125,0.475355148,0.608398378,867.1875,14.61389351,4,0.000737837,0.44633007,-205.8395081,157.6340485,-35.00327682,17.05083275,-34.39588165,-14.16045856,-39.30096054,22.01074028,-17.59542656,9.643708229,-11.16597939,-4.917860985,8.722244263,3265.761971,6820.3125,0.058600579,0.076447584,3576.019805,10.54098295,-0.008231565,26,0.0021875,0.491965979,0.615392804,960.9375,13.41075039,30,0.000483878,0.310020149,-216.548111,157.0082855,-35.79774857,7.917453289,-33.4852829,-11.55168915,-25.358675,34.74560547,-13.82968521,14.89667702,-5.985752106,-13.45430946,6.399672985,2791.090121,5331.621503,0.055175781,0.066555277,3180.355694,-474.6718494,-0.009892307,21,0.000166667,0.475845784,0.645671844,257.8125,12.19775963,32,0.00027182,0.297724545,-243.7833862,172.0033875,-45.39605331,-1.510831237,-23.80866241,-2.201437473,-17.26576805,40.01939774,-13.88884449,13.69771957,-3.104019165,-21.86958885,10.66222763,2090.32492,3518.739073,0.043067772,0.058251079,2613.900013,-700.7652012,-0.008304197,21,0.002041667,0.474919319,0.65718168,257.8125,12.92013073,2,0.000220658,0.313961357,-279.8311768,187.4868164,-37.15263748,-20.57227707,-16.24423027,3.312806129,-4.333242893,32.63632965,-7.867115974,8.673493385,-8.194548607,-11.59520435,10.68574524
7.7227,3,60,3301.89398,6712.5,0.052613147,0.086500384,3514.608893,0,0,26,0.001083333,0.626737714,0.498250127,773.4375,18.18172073,21,0.021573672,0.435865492,-254.8208313,132.1085358,-25.80560684,27.40643501,-29.35917664,-14.44918156,-33.06294632,17.46993446,-15.17842674,14.29514408,0.545085967,-0.595998406,13.84860229,3097.642579,6543.911638,0.056687769,0.074255563,3560.312784,-204.251401,-0.012244821,23,0.002520833,0.483206183,0.603107154,867.1875,13.46855068,7,0.000366993,0.427176595,-226.4489746,159.3416748,-32.17556,11.61470699,-36.77209091,-14.96280098,-36.84715271,23.48651314,-15.70886517,13.63242054,-4.579433441,-7.808287144,11.19128323,2933.368415,5890.409483,0.054657193,0.06232297,3286.992507,-164.2741641,-0.011932593,20,0.002979167,0.53955251,0.570845127,257.8125,11.42194366,30,0.000464418,0.697669625,-245.3158417,163.9681702,-38.90434265,7.568208694,-28.22684288,-14.05981922,-20.54680443,38.49562073,-13.69500732,16.0293808,-3.6362679,-16.93309212,7.401446342,2818.077188,5470.959052,0.054896282,0.062763572,3243.804085,-115.2912268,0.000440601,21,0.000541667,0.531779408,0.588214457,257.8125,13.75826645,32,0.000427184,0.356856704,-247.9813538,174.7326355,-47.04977798,-4.423183441,-24.85439491,-2.682860851,-16.75956345,44.32003784,-15.90180016,20.00998306,-5.284707546,-19.71634865,14.31765938,2897.847455,5678.340517,0.051825162,0.057992868,3348.660031,79.77026766,-0.004770704,21,0.000479167,0.546058416,0.611218214,257.8125,15.2271595,10,0.000351144,0.470074832,-255.7937012,169.3022156,-51.28826523,-6.994824886,-17.84760666,18.38869286,-14.03181267,45.34667206,-12.25662518,14.27388573,-7.21732378,-12.11305904,12.39554405
7.8507,3,60,3235.225044,6402.396537,0.053631757,0.089411423,3384.681253,0,0,22,0.001416667,0.557133913,0.557224035,796.875,16.82222748,21,0.020985629,0.343221486,-246.5211639,133.5602264,-28.50289726,29.07094002,-19.76152611,-7.095652103,-36.58082199,11.52843952,-10.46362972,11.67721939,-1.083199263,0.397278816,15.47776222,2958.399044,6156.936233,0.052229598,0.100460052,3409.054559,-276.826,0.01104863,21,8.33E-05,0.464433521,0.61725688,820.3125,16.38943863,27,0.000438641,0.424881965,-198.6037292,167.2710571,-36.56097794,16.38061523,-37.78442383,-14.04508018,-40.58607483,18.3935051,-20.3423748,9.394021988,-8.61607933,-8.222298622,10.08023357,2902.03149,5678.051098,0.058514569,0.086545303,3246.940385,-56.36755394,-0.013914749,23,0.000833333,0.477162123,0.637838006,867.1875,13.09340096,30,0.000449077,0.453362048,-209.2010193,168.9016876,-47.16597366,7.855864048,-28.80927277,-10.90558815,-27.74006271,33.64849854,-16.66333008,14.0986824,-7.593436718,-17.84837532,7.207771778,2665.285764,5103.990709,0.050517314,0.068987638,3170.587299,-236.7457265,-0.017557666,25,0.000854167,0.509929478,0.598989964,257.8125,12.50506306,32,0.000414145,0.262675405,-240.9149933,173.0652161,-37.39972305,-8.138076782,-26.29232216,0.21784468,-16.7521553,33.40563965,-8.611818314,13.02522564,-7.605825901,-15.95125294,7.327833652,2521.267609,4633.657095,0.05074166,0.057500828,3008.959106,-144.0181545,-0.01148681,22,0.0026875,0.532691956,0.610074759,257.8125,14.29396343,33,0.000278764,0.391422689,-266.3529663,178.9296875,-43.92518616,-11.53173351,-23.00233841,15.66529655,-12.268857,34.6620903,-8.85541153,8.757858276,-8.215167046,-7.370120525,11.89689636
7.8933,3,60,3215.585716,6702.653104,0.053429111,0.125047952,3583.358912,0,0,24,0.002229167,0.540888727,0.569793999,750,24.23254204,25,0.021185592,0.444384456,-208.2478027,135.7463837,-26.63510323,22.28247452,-21.11428452,-3.043824196,-35.32727432,16.92074013,-14.85736942,14.89478683,0.807982087,2.677358627,17.12352753,3290.629152,6955.11745,0.059681732,0.085952684,3712.964596,75.04343555,-0.039095268,23,0.002479167,0.434079111,0.660962939,867.1875,13.62618923,28,0.000511891,0.50663954,-203.8308716,156.8665009,-36.86377335,21.71650505,-38.41303635,-10.45696735,-40.42366409,25.64564514,-17.45206261,11.13908863,-11.25888252,-7.672360897,8.649020195,3230.631673,6853.187919,0.05949494,0.073935717,3680.074865,-59.99747822,-0.012016967,22,0.001,0.46265015,0.647005022,914.0625,12.71759605,8,0.000405832,0.262601346,-226.7489319,151.9957581,-32.08137512,7.146821022,-33.37268066,-8.893420219,-21.41853523,36.14606094,-13.3107481,10.18628597,-6.048817635,-12.90614414,3.146491289,2860.421924,5642.61745,0.056093357,0.067794964,3291.858975,-370.2097491,-0.006140754,22,0.000229167,0.488143355,0.624550343,257.8125,12.55669022,31,0.000318408,0.358209312,-240.9580536,168.7164459,-34.50989532,-2.91082263,-30.73953247,-5.960615158,-13.62431622,41.13564301,-14.71900845,15.34862328,-5.93894577,-18.65996361,9.314400673,2595.85079,4890.100671,0.051210544,0.061045762,3010.044193,-264.5711345,-0.006749202,24,0.000395833,0.506676733,0.636803448,257.8125,14.17868519,12,0.000322804,0.282142222,-258.6074219,172.2940216,-42.57072449,-14.02071381,-16.38427162,9.668093681,-7.219152451,33.2292366,-10.93827152,10.37030602,-6.938995838,-10.03395176,9.312939644
7.9787,3,60,3856.868079,7699.21875,0.057529297,0.085447825,3839.551669,0,0,19,0.001666667,0.578437328,0.55740726,796.875,17.98427773,21,0.021343134,0.291425228,-236.3529663,120.7539597,-20.54244804,30.10754585,-21.75305748,-3.911488533,-32.45382309,14.81388664,-14.0859766,14.96839523,-4.130402565,-0.460287064,14.06920242,3256.838373,6788.125,0.060152995,0.078350782,3565.059231,-600.0297063,-0.007097043,23,0.001666667,0.42704612,0.676501453,867.1875,13.24925423,28,0.000548069,0.285513163,-219.6284637,156.5605927,-28.19100189,5.963843346,-36.04772186,-16.54559517,-32.45467377,24.73450279,-12.99755192,11.64908028,-9.405736923,-8.829672813,5.903512478,3086.193716,6134.0625,0.056227214,0.085237831,3433.722867,-170.6446562,0.006887048,20,0.002666667,0.491883576,0.616009533,937.5,14.64695835,33,0.000989253,0.298544377,-220.8948364,161.8676758,-35.11821747,4.338618755,-35.23725891,-10.38177395,-21.79686165,36.587677,-15.25451469,16.88167,-4.84248209,-15.0471096,2.34066987,2784.603298,5627.65625,0.055426432,0.086012267,3300.348622,-301.5904188,0.000774436,23,0.000729167,0.452382892,0.662139654,257.8125,13.98211098,31,0.000493458,0.372913063,-224.4052887,171.6752625,-40.02681732,-5.258397579,-35.67285156,-3.228616953,-15.9168396,38.06629562,-12.40550327,17.33717155,-8.463229179,-18.52821541,9.764430046,2624.643478,4897.1875,0.051861979,0.068435214,3124.906694,-159.9598197,-0.017577052,21,0.0006875,0.503318906,0.626129925,257.8125,14.35679817,12,0.000245869,0.391923726,-249.0851593,180.8471069,-42.2779808,-14.09546089,-25.98322678,13.03486729,-14.95083332,35.36866379,-12.45138645,11.14857388,-9.09455204,-10.96207142,8.55902195
6.208,3,60,3321.066485,6711.939103,0.05723324,0.119050056,3514.345668,0,0,21,0.002291667,0.532522082,0.589872122,820.3125,25.60002899,22,0.025268,0.672734022,-186.1532593,143.7170105,-41.8234024,27.053339,-34.67294312,-15.1538744,-44.15051651,21.73812866,-10.87153625,13.50231743,-8.038642883,-1.057050109,13.0863657,2953.031486,5984.975962,0.052500668,0.088578768,3393.65508,-368.0349989,-0.030471288,18,0.000979167,0.626525402,0.495337814,937.5,17.81953049,29,0.000481046,0.49890399,-197.9011993,164.8770142,-40.43634033,21.19731331,-39.92831039,-11.28356647,-30.02954483,31.8683567,-11.57555199,12.04506207,-10.58409786,-8.79287529,4.342957973,2876.159127,5682.692308,0.051757813,0.077876411,3290.878335,-76.87235956,-0.010702357,19,0.001729167,0.586126208,0.534358799,257.8125,16.29888153,30,0.000379734,0.398997873,-220.3779144,162.0742035,-39.66069794,14.73053265,-33.55163574,-11.53284359,-18.10176468,39.99386978,-9.666570663,15.11838341,-5.457276344,-15.44351292,7.73832798,2850.918731,5675.280449,0.050572583,0.076115146,3214.780861,-25.24039579,-0.001761265,22,0.000666667,0.555728137,0.592195332,257.8125,18.86154938,32,0.00023934,0.429187745,-226.8745422,175.198288,-42.76459885,8.268094063,-36.55679321,1.51123178,-16.90312767,42.90621948,-10.74685574,12.2494545,-10.88560677,-16.93122292,15.68188286,2820.617382,5669.871795,0.04823551,0.063513525,3333.840053,-30.30134896,-0.012601621,16,0.000416667,0.609793186,0.560390115,257.8125,19.8048172,12,0.000320464,0.35643205,-243.1063538,169.742218,-39.54241943,0.299750388,-28.90851021,15.26769638,-8.882890701,36.68287659,-7.014744759,10.92556381,-15.44773483,-6.36393404,13.95417976
5.12,3,60,3248.701072,6354.945232,0.06069789,0.095033795,3336.905145,0,0,12,0.000270833,0.544301212,0.57358402,796.875,24.77661133,22,0.032776315,0.420400202,-204.4662781,136.3205719,-40.98112488,25.74915695,-29.26842308,-24.63428497,-37.87029266,21.39860153,-10.90920639,11.15858555,-9.679178238,-2.204059601,17.29798889,3423.731844,7067.010309,0.062067091,0.086039059,3736.076679,175.0307722,-0.008994736,16,0.000208333,0.608760595,0.507622302,820.3125,16.53665352,30,0.001061105,0.476704806,-197.7961731,153.4888153,-37.23081207,27.76060295,-42.53126526,-15.46455097,-32.25093842,40.04698563,-13.01036358,14.28138256,-13.11405659,-8.777492523,7.152420998,3001.272043,6290.914948,0.051918895,0.084189326,3577.841723,-422.4598009,-0.001849733,15,0.0005,0.634202421,0.4776555,257.8125,18.00769997,30,0.000553204,0.461758554,-204.7874451,162.6237183,-37.38273621,13.87799644,-41.16917038,-8.736959457,-20.80615044,39.31520844,-14.89078999,20.08854675,-7.857126713,-16.81324959,9.622894287,2622.368199,4958.118557,0.04698071,0.070143938,3267.465523,-378.9038447,-0.014045388,16,0.0013125,0.582944572,0.573784471,257.8125,18.46968651,22,0.000365324,0.568180561,-238.0259552,175.6063538,-46.16604233,5.02055645,-29.60383034,-2.944104671,-14.66690445,44.87385559,-17.52369499,19.13947105,-14.08481789,-17.29608154,15.26360893,2564.092068,4748.147552,0.041856274,0.059893604,3232.246626,-58.27613092,-0.010250334,14,0.001145833,0.641616225,0.52423358,257.8125,19.95064354,2,0.000276345,0.396799296,-249.6407471,170.8222656,-46.08898926,1.854837298,-24.49899483,10.28739929,-10.27048111,38.84256363,-8.449568748,11.76393032,-14.72654629,-6.534502029,11.20735359
5.7813,3,60,2975.914848,5923.451835,0.060838052,0.121871024,3133.263139,0,0,15,0.0004375,0.503055155,0.597768307,796.875,28.55256462,27,0.027889024,0.451767176,-181.9092255,147.0941467,-50.73838806,23.52321434,-30.67534065,-21.65577507,-42.26510239,12.67032528,-10.70784855,10.6837759,-5.653812408,-4.463929653,12.96982861,3176.790037,6428.970757,0.062983802,0.111249574,3505.492802,200.8751886,-0.010621451,14,0.001833333,0.534745038,0.564148307,820.3125,19.46631813,30,0.000468866,0.425964266,-171.9235229,162.1796112,-47.50228882,21.88778687,-37.30137634,-13.38993549,-38.92195892,29.02927017,-14.07561874,15.66986847,-11.23365974,-13.67186069,7.385362148,3294.577414,6717.316514,0.060726061,0.079826511,3670.51508,117.7873769,-0.031423062,14,0.002083333,0.580436409,0.54492712,257.8125,16.85201073,31,0.000604472,0.640302241,-207.7427368,154.1515503,-47.28240204,16.88929749,-32.90091324,-5.508061886,-25.01136971,40.54476166,-13.97515583,23.25593567,-6.752075672,-18.55000877,8.960449219,3164.540593,6382.095757,0.057375287,0.081127398,3526.055813,-130.0368211,0.001300886,15,0.0006875,0.48559469,0.646964014,257.8125,16.19665718,58,0.000468524,0.40012002,-210.6560364,159.3053436,-51.80363083,11.07684231,-34.58765793,0.082827874,-14.47895432,42.04801559,-16.79917145,21.6074295,-11.4026804,-21.59903336,13.32485962,3090.662352,6055.260894,0.054463518,0.065822594,3428.534215,-73.87824057,-0.015304804,10,0.0004375,0.562798798,0.589694202,257.8125,16.96403122,32,0.000564208,0.381398708,-234.5972748,158.7972107,-49.88118362,5.727914333,-28.77594376,14.83623505,-12.79969788,39.57904816,-9.859285355,12.60028362,-11.37431717,-9.995084763,9.276051521
5.5893,3,60,3084.064432,6183.928571,0.056156994,0.107295625,3319.330865,0,0,14,0.000395833,0.510944426,0.590002835,796.875,26.68490219,22,0.029125957,0.413817227,-208.1692657,144.8993378,-43.15829468,26.68037033,-39.05028915,-21.55582619,-45.9445076,16.2129879,-12.77449989,12.15560246,-5.113565922,-2.426459074,14.76556683,2976.717448,5771.205357,0.058189174,0.078305855,3351.501078,-107.346984,-0.02898977,12,0.00075,0.535969496,0.570178032,867.1875,15.8297472,10,0.000411875,0.437501818,-218.7183075,158.1233826,-44.43174744,20.94995308,-40.22868347,-19.63527298,-31.30202103,29.17008018,-13.31841946,13.82181358,-11.92596722,-12.07087708,7.970578194,2715.318513,5156.919643,0.052901786,0.072582193,3188.575425,-261.3989357,-0.005723663,16,0.000583333,0.518388093,0.586173832,257.8125,12.77499485,30,0.000249184,0.253138393,-225.8175964,161.1312256,-39.05935287,3.018057585,-26.8108654,-16.50178146,-21.03956985,32.92377472,-8.006352425,17.32776833,-6.900341034,-19.16819954,7.681622028,3064.124571,6146.651786,0.056529018,0.05761835,3387.200023,348.8060588,-0.014963843,15,0.0004375,0.554664135,0.590781033,257.8125,13.94297314,31,0.000396625,0.273578107,-243.4465637,152.8115082,-42.24491882,11.87460709,-30.07871056,-4.503764629,-12.64516163,35.62604141,-9.451780319,19.48256302,-7.711109161,-22.43017197,11.57805634,3227.751312,6278.348214,0.065248326,0.063715383,3432.132848,163.6267403,0.006097034,15,0.0008125,0.530614555,0.615863681,257.8125,14.51495361,22,0.000522316,0.400602341,-223.6468506,158.4689178,-52.28761673,5.51655674,-36.33717728,15.5911932,-15.6264267,34.569767,-11.79957962,13.12705994,-10.05370998,-12.07308292,13.16540527
5.952,3,60,2509.412173,4648.995536,0.053144182,0.121945091,2828.360799,0,0,18,0.001541667,0.597843349,0.505957663,796.875,32.67563248,22,0.02697809,0.582662404,-205.1831207,163.7316589,-53.89418411,3.990547657,-26.25183105,-27.13525772,-41.26193237,17.25137901,-14.77408695,17.09883308,-3.824218035,-4.585866451,15.47215748,2861.854505,5508.021763,0.05430821,0.091411792,3312.989734,352.442332,-0.030533299,16,0.0020625,0.480136216,0.614532888,820.3125,19.85313797,2,0.000374559,0.383481175,-200.8996277,163.6194153,-44.66305542,15.00458622,-34.34160995,-16.36948967,-30.61878586,27.83459473,-17.37711906,13.56478882,-6.900284767,-12.47617626,4.921748638,3070.333294,6213.448661,0.057368687,0.085884593,3419.328035,208.4787889,-0.005527198,18,0.001104167,0.52492708,0.58092165,984.375,15.96335697,31,0.000353977,0.257630348,-207.5288849,155.5784912,-48.5124588,8.181469917,-30.7116909,-8.321307182,-17.83067513,35.89316177,-14.27845192,16.73356247,-8.811655998,-16.91064453,5.47344923,2803.955359,5439.801897,0.052834647,0.060950991,3346.49776,-266.3779352,-0.024933603,14,0.000291667,0.553658903,0.567876697,257.8125,14.09936333,12,0.000303521,0.345233887,-238.7115326,169.890274,-51.25299072,0.530735493,-31.89507103,3.083459139,-14.15415859,38.74664307,-19.37068748,17.90945053,-8.286480904,-17.25831985,9.264982224,3238.266153,6400.739397,0.057325091,0.074378364,3563.851478,434.3107941,0.013427373,17,0.000708333,0.493807077,0.660999715,257.8125,16.46365166,2,0.00056779,0.400135577,-228.4646301,161.4704132,-47.71108246,-1.974194646,-31.6466217,16.07448769,-11.32897949,32.92370224,-18.16380692,18.39059067,-11.83426952,-9.99801445,11.41295719
11.9253,3,80,2832.173208,5479.875837,0.047570365,0.0804068,3235.226994,0,0,30,0.002270833,0.516927898,0.586539805,773.4375,18.21963882,21,0.014399447,0.265250355,-261.4106445,144.0892181,-24.89558029,12.72280121,-22.78861427,-21.75551414,-30.98731995,15.43091011,-9.425344467,12.51056957,-5.693491936,-2.479780436,13.4494791,3102.467757,6212.506975,0.056616647,0.050995868,3372.82226,270.2945497,-0.029410932,32,0.0040625,0.425454885,0.689864039,960.9375,8.775827408,31,0.000562774,0.365692079,-265.5988464,151.2574158,-31.97429466,13.81428719,-27.51325798,-19.23529243,-20.17302132,30.86947632,-10.66219425,10.90104008,-6.117745399,-12.4302702,4.607666969,2666.492658,5080.915179,0.049880981,0.056585845,3262.880114,-435.9750994,0.005589977,29,0.001645833,0.46356234,0.648536146,257.8125,10.73662376,11,0.00047075,0.273173392,-266.0475769,167.8776093,-32.1244545,-6.148107052,-29.86630249,0.84456116,-13.97684383,36.78226852,-10.34052372,10.97215176,-6.249682903,-14.62565613,6.300453186,2681.693135,5201.241629,0.044209072,0.055785269,3337.73264,15.20047754,-0.000800576,30,0.00275,0.53160435,0.616468906,257.8125,15.10425091,14,0.000253813,0.475999564,-261.8574219,173.3094025,-34.18394852,-10.51198292,-24.18774605,21.42620468,-14.72494411,36.3411293,-12.17501545,5.914770603,-9.807203293,-6.437621117,13.80643368,2600.147355,5141.078404,0.034253802,0.048492253,3383.724378,-81.5457805,-0.007293016,26,0.001541667,0.66197294,0.540213525,257.8125,19.04114532,10,0.00023554,0.346592367,-289.7438049,171.8890839,-28.95571899,-3.893924475,-3.792607546,35.76210403,-15.27609921,26.67971802,-9.620232582,8.008187294,-8.957742691,-1.734452009,4.539037228
11.8613,3,80,2978.22538,6019.023262,0.051212602,0.110888854,3403.145578,0,0,32,0.0015,0.567983449,0.530316651,773.4375,24.54849052,21,0.014043215,0.412577033,-221.8218231,144.0927734,-26.79391289,21.40024376,-26.4801178,-17.46136475,-32.82666397,17.47204018,-10.37771225,14.36968708,-2.585180283,0.29288128,15.18603039,3252.853359,6673.906951,0.058324429,0.083272748,3606.663443,274.627979,-0.027616106,31,0.001458333,0.451055825,0.649456441,960.9375,14.01892376,30,0.000642548,0.316118687,-208.3273315,155.1212158,-36.60142899,15.26887035,-35.70918274,-11.12214851,-27.06822014,35.48168564,-14.88637352,12.84719658,-5.615843296,-13.43538952,6.753587246,2764.792519,5345.957119,0.051919843,0.082696237,3329.940969,-488.0608402,-0.000576511,33,0.00075,0.452335536,0.649424434,257.8125,13.1823225,30,0.000323588,0.309699565,-226.4561768,168.0402374,-32.68682861,-9.051683426,-31.42518616,-1.319630146,-13.31605339,36.74759674,-14.82029057,12.81393433,-8.767550468,-15.05947685,8.198437691,2553.377548,4816.774103,0.04538826,0.062184975,3165.232317,-211.4149706,-0.020511262,29,0.0033125,0.481649607,0.656237483,257.8125,15.0152092,10,0.000246638,0.364982218,-251.8325348,174.2518158,-34.31991577,-19.95697784,-21.1440239,21.9737606,-11.84034634,26.5753746,-8.586431503,7.75373745,-9.931759834,-3.334623098,11.41919231,2764.338051,5291.830157,0.04346579,0.04452046,3323.009491,210.9605029,-0.017664514,30,0.0003125,0.62643218,0.568756044,257.8125,15.4980526,15,0.000310359,0.307971954,-276.4306946,171.4571533,-38.83700943,-9.790535927,-4.294223309,32.97466278,-17.44847298,23.12566376,-8.169047356,8.10867691,-9.646015167,2.297128201,5.071033955
11.9893,3,80,2984.19782,5651.875,0.056002604,0.113506794,3181.207844,0,0,36,0.0021875,0.544735432,0.552508235,773.4375,24.46479034,27,0.014251231,0.35269919,-214.4872284,143.0945435,-40.57566071,19.02730942,-24.71377182,-22.58397293,-37.129776,12.32208347,-13.49448395,12.12627888,-4.287260056,-4.281713963,12.6387949,2958.891445,6073.229167,0.056501736,0.062159754,3372.75843,-25.30637472,-0.05134704,33,0.000541667,0.461151481,0.62570864,914.0625,11.87214947,10,0.000434096,0.298466623,-246.2192535,155.2865753,-33.14800644,4.974003792,-31.38948441,-19.1431427,-27.0097847,26.04402351,-10.57253265,12.20091724,-4.266633987,-12.1167469,4.02905941,2720.956662,5115.3125,0.054470486,0.059568822,3192.124144,-237.9347835,-0.002590932,33,4.17E-05,0.474757135,0.615117192,867.1875,9.158186913,30,0.000362907,0.282334387,-255.2368469,162.2622986,-36.74551392,-10.98706245,-27.3112545,-7.059476852,-11.65421104,33.73687744,-9.596887589,13.99563599,-5.495645523,-16.0096035,6.213950634,2707.9525,5264.583333,0.045483941,0.050536711,3377.244183,-13.0041613,-0.009032112,35,0.002979167,0.477506161,0.656575024,257.8125,11.41957855,14,0.000301014,0.313526064,-276.0276184,167.4802094,-37.55491638,-12.63360023,-26.23828125,22.64419746,-9.785273552,32.19060516,-9.699252129,11.46663857,-8.431353569,-6.811841965,10.47174263,2758.836125,5453.958333,0.041931424,0.046710942,3320.789788,50.88362475,-0.003825769,29,0.001354167,0.560815752,0.619920611,257.8125,14.3034296,12,0.000321812,0.251963496,-280.5225525,171.9386139,-41.22687912,-7.387403011,-8.134869576,32.80746078,-16.29427719,23.47646904,-11.17342186,9.269657135,-10.34918308,-0.525464833,7.38001585
11.776,3,80,3469.074813,7326.074661,0.059658689,0.083465904,3712.912625,0,0,41,0.00175,0.521990955,0.585076332,773.4375,17.19926453,21,0.014261999,0.314005256,-229.93367,134.2922668,-34.77418137,16.36722374,-28.12828064,-12.25135612,-38.48957062,19.08280373,-15.44418144,13.71191406,-2.888681889,-2.431170464,14.28188992,3184.495596,6623.904129,0.060219881,0.061463162,3541.383799,-284.5792169,-0.022002742,32,0.000666667,0.491439968,0.622915328,960.9375,11.1790638,30,0.000468094,0.347290993,-234.0617828,155.6327209,-38.98939896,17.10018158,-33.47865677,-10.06723022,-29.24407005,29.71336746,-15.24817657,12.24279308,-5.888803482,-11.38106823,5.681993008,2912.850738,5690.009898,0.055164734,0.06918025,3374.333935,-271.6448581,0.007717088,31,0.000958333,0.429414779,0.678793252,257.8125,11.65124702,31,0.000444952,0.198768914,-239.2158661,157.5529175,-29.50169373,-7.876917839,-29.89731979,-0.849121094,-10.02733231,34.31299973,-9.875130653,12.39941692,-6.584904194,-18.48563576,7.308567047,2382.508068,4175.268665,0.046428698,0.063494556,2964.766625,-530.3426704,-0.005685695,31,0.002583333,0.469773173,0.662016511,257.8125,13.67945766,14,0.00021703,0.351304919,-261.1659241,181.1272278,-38.62849045,-19.28792763,-21.58990097,19.00297546,-11.49618435,31.06616402,-10.45912838,7.384882927,-9.142053604,-8.121897697,10.96463203,2699.6343,5153.174491,0.039608226,0.044027086,3290.122615,317.1262323,-0.019467469,33,0.0020625,0.599144518,0.592354357,257.8125,15.06873894,24,0.000237054,0.262454927,-292.2818298,170.1273346,-38.93429184,-5.448530197,-0.151090458,34.68561172,-12.13303566,25.78036118,-11.72188377,9.870837212,-9.922258377,-2.948814392,5.919566631
11.4347,3,80,3567.54561,7541.969477,0.058430233,0.104706608,3853.879859,0,0,33,0.0015,0.583550334,0.530173063,773.4375,23.74209213,26,0.014664779,0.290230602,-211.813858,129.222168,-24.59162521,22.79178047,-31.70349312,-14.0630455,-38.9922142,16.1213665,-13.8082304,16.23766899,-2.25227952,-3.150617123,13.47289276,3258.706591,6732.231105,0.060594568,0.082603581,3628.208636,-308.8390184,-0.022103027,31,0.003,0.497506171,0.603166759,890.625,16.71014786,30,0.000448718,0.383094221,-207.1462708,150.821579,-33.21584702,11.33204269,-34.18340302,-12.69281197,-26.8277359,31.73688698,-12.35240746,11.5141077,-4.912618637,-10.94144726,5.164761543,2994.811781,5831.90407,0.057290153,0.064945854,3429.578145,-263.8948099,-0.017657727,31,0.002520833,0.448254764,0.666472316,257.8125,11.32264328,31,0.000425726,0.307334125,-238.2415771,162.4501648,-34.96615982,-2.475848436,-30.10036278,-4.414781094,-14.82231522,37.1193161,-14.69518566,14.01879978,-7.217133045,-16.85005951,7.822144032,2939.851395,5928.270349,0.050838027,0.054636605,3517.675388,-54.96038611,-0.010309249,32,0.003666667,0.508564413,0.64041847,257.8125,13.1724329,10,0.000414128,0.476150662,-263.6257629,171.9009399,-36.40991974,-13.15773296,-27.12546349,22.78831673,-15.39240742,37.87617493,-14.6767168,12.1123209,-8.699005127,-4.734201908,11.47585392,2916.835777,5669.040698,0.044731105,0.044976018,3411.711916,-23.01561856,-0.009660587,31,0.002979167,0.586967111,0.617190182,257.8125,15.07600212,16,0.000378254,0.334965348,-281.3771362,165.1838989,-40.71513367,-5.243465424,-6.326367378,34.70544052,-12.79315948,26.18766975,-12.67022133,8.007884026,-7.899368763,3.272762537,7.953742504
11.8187,3,80,3494.144542,7275.548986,0.058052682,0.111577056,3701.652648,0,0,36,0.001645833,0.542788267,0.565202296,796.875,19.88586807,26,0.014667063,0.473027498,-201.7214661,135.2278748,-30.17681313,28.93168449,-31.62858963,-7.587770939,-37.02114487,20.44441032,-15.91988564,12.82601547,-5.224408627,-1.053009987,14.60058117,3583.439742,7425.253378,0.061730187,0.085917428,3852.336035,89.29519994,-0.025659628,36,0.002479167,0.482673496,0.632401824,960.9375,15.36342907,30,0.000642722,0.315354705,-196.4448547,145.8885651,-27.13450623,14.37451649,-34.54011917,-12.70592499,-29.88403511,31.76991844,-13.86554146,11.68039989,-7.545719147,-9.47558403,5.632711411,3087.797483,6125.105574,0.054865657,0.070416801,3635.929685,-495.6422598,-0.015500627,37,0.004166667,0.486519277,0.630344033,257.8125,14.1409626,30,0.000398513,0.268718988,-230.1515045,155.789978,-23.60868073,-4.056529999,-29.29558563,-3.077477217,-12.44989109,39.29328537,-12.32314968,13.71429157,-6.617916107,-13.26255798,10.27854252,3091.644828,6078.652872,0.049270217,0.058348734,3561.13129,3.847345372,-0.012068067,35,0.000895833,0.523508608,0.653437257,257.8125,16.05569649,32,0.000358023,0.381255239,-256.7488708,167.830658,-35.60853958,-3.339228392,-21.47344017,23.22919655,-16.82207298,41.32603836,-10.65667629,11.67027473,-10.26904774,-6.395888805,11.15584278,2633.257801,4990.815034,0.043753959,0.057921235,3141.491978,-458.3870274,-0.000427499,34,0.004229167,0.578848958,0.607371151,257.8125,18.34934425,13,0.000294064,0.349584222,-261.0680847,174.6588593,-42.23931885,-11.77720928,-3.281582117,31.82616234,-16.68958092,23.51990891,-5.873848438,8.583300591,-10.20031834,3.910541058,7.012233257
11.0293,3,80,3105.696477,6324.841486,0.050649155,0.095141865,3399.184437,0,0,34,0.002020833,0.458100945,0.641730726,796.875,14.7585907,26,0.014982356,0.288578987,-230.1681824,147.222168,-30.07275009,19.70317459,-20.47371292,-16.2475872,-35.54928589,18.06346703,-14.94171619,11.96960735,-7.306596279,-3.563946009,14.63982582,2496.24733,4682.518116,0.051437009,0.072044149,3032.086743,-609.4491472,-0.023097716,29,0.0018125,0.521919549,0.5739519,867.1875,12.42789745,30,0.000217515,0.372493237,-235.0836334,176.5205994,-38.48652267,4.718327045,-28.9074192,-15.08937931,-24.74913406,32.71185303,-12.31291294,11.88946819,-6.3706007,-12.11466599,8.108280182,2697.871486,5458.899457,0.050625566,0.070675872,3379.629369,201.6241561,-0.001368277,32,0.000416667,0.512490809,0.605620205,257.8125,13.85833549,30,0.00029708,0.329622686,-237.8789978,176.6916199,-33.51540756,-4.000861168,-33.07849121,-0.015733507,-16.06763458,43.39285278,-15.37464428,14.94395733,-5.688727856,-11.00143814,9.592561722,2439.146774,4450.634058,0.045594146,0.073425651,2989.600068,-258.7247126,0.002749778,25,0.001520833,0.477606893,0.65787071,257.8125,16.45859146,14,0.00026692,0.279104978,-248.2765961,178.370285,-35.35391617,-17.83223152,-13.5352726,14.20704556,-9.37193203,33.09936523,-7.585693836,8.409873962,-8.430086136,-2.604920864,12.43702793,2452.796491,4323.48279,0.045155401,0.060402986,2795.9572,13.64971699,-0.013022665,27,0.001333333,0.563751161,0.618769944,257.8125,18.7231884,10,0.000271339,0.400953978,-260.215271,183.1379395,-54.10387421,-11.48155594,-3.594217539,32.0006752,-12.97599602,21.00312233,-5.422389984,10.94541836,-7.607571602,0.784973025,4.579181671
10.368,3,80,3128.769671,6193.629808,0.052266126,0.088276885,3346.580689,0,0,28,0.001270833,0.538570166,0.560527027,773.4375,17.99223518,7,0.015940065,0.381046444,-237.7622986,144.2576294,-31.34618568,19.02599335,-22.62896156,-14.66537571,-35.02293015,9.522660255,-15.87079334,12.33776188,-4.181788445,0.497225046,13.56761074,2348.292452,4286.899038,0.051139323,0.084339693,2848.267399,-780.4772185,-0.003937192,30,0.0036875,0.501467884,0.584958375,890.625,15.55203056,8,0.00022951,0.332034081,-231.3280487,177.7094574,-34.42322159,-6.175234318,-27.473032,-20.23593903,-25.35755157,22.5279789,-9.460000992,9.989583015,-8.205051422,-8.756198883,2.724744081,2835.612381,5494.711538,0.054597356,0.065018803,3187.958526,487.3199289,-0.01932089,26,0.0009375,0.472374678,0.635331094,257.8125,11.20173359,11,0.000421953,0.367279917,-244.7613831,166.6517639,-45.1106987,-2.583880424,-24.96727562,-4.122766018,-13.5899086,40.66112137,-10.95642757,14.03542423,-3.824945211,-15.40205097,4.858379364,2576.161892,4567.548077,0.046607071,0.056051854,3032.000796,-259.4504891,-0.008966949,22,0.0015,0.45002532,0.70202297,257.8125,13.16995335,11,0.000231804,0.310308963,-274.3693542,162.8944855,-43.86592484,-13.19086742,-6.483608723,10.03338528,-0.026217729,36.03162384,-11.1424017,8.33195591,-7.163466454,-10.26571751,3.048756123,2463.962963,4270.913462,0.047315705,0.053589746,2753.920099,-112.1989289,-0.002462108,22,0.001833333,0.553866148,0.627450585,257.8125,15.76847744,14,0.000216595,0.422021687,-269.2345886,181.0607758,-59.07490921,-13.05028248,-10.47357559,29.20459557,-5.470000267,20.8163929,-6.456365108,11.47919083,-11.16005898,1.11750412,3.194228888
10.6453,3,80,3348.050523,6957.890625,0.057067871,0.083124466,3615.012322,0,0,34,0.001708333,0.495167226,0.6039505,773.4375,18.33269501,21,0.015867377,0.232826099,-248.0375366,131.1915283,-24.84206963,19.2484684,-21.28934479,-16.52999115,-37.8719368,10.11024952,-17.99803925,11.59177399,-4.112300873,-2.739958525,14.1294775,3062.211339,6318.75,0.058269043,0.051921833,3457.878926,-285.8391832,-0.031202633,34,0.002770833,0.518052638,0.598433614,960.9375,9.116092682,24,0.000453474,0.332939774,-259.1644287,159.8024597,-37.48137665,13.67396736,-32.16656494,-14.01207733,-26.88485909,32.72885132,-15.1904335,12.12343979,-9.86460495,-13.34429169,6.160029411,2912.854958,5813.320313,0.052529297,0.060794402,3356.200223,-149.3563818,0.008872569,28,0.000895833,0.469722897,0.660009682,257.8125,12.4542551,31,0.000321663,0.398405761,-255.3010712,167.1727753,-38.24686432,3.725217581,-27.76358795,-1.588105679,-16.89527893,41.5932312,-14.04832554,14.02235699,-7.148997784,-18.12040901,9.466426849,2605.773134,5005.898438,0.047097168,0.057941824,3088.717035,-307.081824,-0.002852578,32,0.001541667,0.558681369,0.58772707,257.8125,15.94859123,22,0.000339652,0.425748557,-261.99646,179.8437347,-41.14522552,-13.86795902,-17.44633484,16.9909687,-11.89247036,36.28787613,-9.832817078,9.097284317,-9.94264698,-6.156816959,13.56963348,2634.375922,4998.398438,0.041674805,0.056139305,3058.696095,28.60278855,-0.001802519,24,0.000729167,0.609690845,0.582978427,257.8125,19.70922279,15,0.000220336,0.221569732,-266.5711975,165.4909058,-35.08616638,-7.698368549,-1.088977695,26.43389702,-8.22108078,20.4434433,-2.11369729,5.363902569,-8.653681755,3.145186663,9.915835381
7.552,3,80,2579.068963,4920.059419,0.05414764,0.09059146,3025.029577,0,0,19,0.000375,0.538691282,0.555247128,773.4375,19.77540588,22,0.021424219,0.313444585,-227.0084381,160.5539246,-42.06967163,4.522904396,-21.25981331,-23.67864609,-36.78887177,20.80574036,-11.9532795,13.61540127,-4.290507793,-4.768746853,12.9316597,2524.341605,4680.897887,0.050327355,0.063575506,3109.920832,-54.72735802,-0.027015954,14,0.001729167,0.578382969,0.527854681,281.25,13.52185631,30,0.000213812,0.375357717,-234.6337433,173.8160553,-40.19300079,7.244858265,-25.40514183,-13.03630924,-25.40864754,38.58750534,-8.079213142,12.55725002,-8.371368408,-12.27261448,7.298384666,2659.152021,5161.366637,0.048140405,0.061294094,3391.488075,134.8104153,-0.002281412,18,0.002479167,0.571686089,0.554575682,257.8125,15.21255493,12,0.000328546,0.416307658,-238.2815552,172.6917419,-38.00411987,9.188341141,-30.77604485,2.778835773,-16.69416428,40.17114258,-8.71988678,12.57585335,-13.43372917,-5.676579952,9.684865952,2570.8515,4695.422535,0.04825044,0.065975606,3136.908219,-88.30052033,0.004681513,21,0.002145833,0.576845825,0.580431163,257.8125,19.50577354,13,0.000264813,0.474154115,-236.6200256,182.4125824,-52.20962906,2.185590744,-24.5234127,20.88357925,-16.01948547,36.68086243,-11.35045624,10.80311298,-13.01761913,0.368751109,16.04576111,2637.199169,4702.189701,0.047837808,0.050426468,2971.580264,66.34766886,-0.015549138,22,0.0011875,0.660083115,0.538660884,257.8125,18.40815163,13,0.00025737,0.535237014,-257.3995056,182.0404205,-69.25380707,13.72000408,-8.251111984,29.72278786,-16.15761948,33.71151352,-14.62107658,11.85419083,-4.819897175,1.620730042,8.255022049
7.4453,3,80,3200.381328,6373.325893,0.059291295,0.071957849,3476.587517,0,0,19,0.00025,0.543491364,0.581199288,796.875,16.10836029,22,0.021857731,0.330942005,-216.600647,145.9445801,-36.19313049,26.92996979,-30.0504818,-16.12382507,-35.43296432,27.83404541,-7.698207378,12.51368046,-5.856799126,-0.997897685,13.33543301,3044.428581,6332.477679,0.053581892,0.077704214,3613.268867,-155.952746,0.005746365,25,0.001854167,0.633630931,0.477302849,257.8125,17.18284988,30,0.000341112,0.496619105,-206.7043457,162.005127,-32.54642105,20.20806503,-37.99250793,-8.110586166,-24.89510345,41.42821884,-10.71823502,15.69604301,-4.560239792,-13.02804565,10.8629427,2988.110823,6049.051339,0.052748326,0.066972122,3426.666301,-56.31775852,-0.010732092,23,0.002020833,0.632302999,0.524519324,257.8125,19.66674042,22,0.000312251,0.429806352,-224.0902557,169.7498016,-47.59822083,13.44885731,-33.70127487,6.29789257,-17.26211929,45.11534882,-16.27622986,18.70502853,-6.157005787,-16.79916954,15.08912563,2909.418895,5637.723214,0.051109096,0.071081311,3428.061901,-78.69192801,0.004109189,25,0.001979167,0.560939193,0.614915788,257.8125,21.07660675,22,0.000386714,0.422583908,-224.7961121,168.4334412,-49.98988342,1.831505895,-26.65399361,23.84328461,-16.00437164,40.65065765,-12.27149296,10.13642788,-8.425992966,-5.159374237,14.53758335,2754.833104,5063.169643,0.042414202,0.05368457,3283.155434,-154.5857905,-0.017396741,20,0.000416667,0.703673899,0.506560385,257.8125,21.6113224,13,0.000261489,0.511666656,-252.5402832,173.3136139,-58.11508942,6.871053696,-6.732522011,33.5073967,-22.60870743,32.9602623,-12.19103527,10.14260387,-6.571975708,-0.877194166,8.27899456
7.7227,3,80,3084.092808,6056.411638,0.060587284,0.093570605,3274.483538,0,0,22,0.001541667,0.58716774,0.534209669,796.875,22.56014824,22,0.021083077,0.365044564,-194.1499939,146.8671265,-42.44441223,25.30698776,-31.46531105,-23.44544983,-37.82300568,19.85719681,-10.36431599,13.35779381,-6.926571846,-4.673606396,15.76819897,2874.480263,5674.946121,0.055869477,0.077733397,3284.101816,-209.6125442,-0.015837207,22,0.001833333,0.642996311,0.477475315,257.8125,16.42339325,30,0.00033211,0.497409642,-214.8391724,165.3327332,-42.80122757,17.59939957,-33.39671326,-13.14349365,-22.68204498,39.36925507,-9.595396996,18.41174507,-6.82021904,-16.41753387,7.094864845,3046.802333,6127.693966,0.053030711,0.074829668,3418.448809,172.3220696,-0.00290373,22,8.33E-05,0.603143632,0.542359352,257.8125,18.21268082,22,0.000521114,0.450705409,-220.3055725,166.4413757,-46.79685974,13.02956676,-36.22434998,2.509236336,-15.04260159,43.53536987,-13.03416252,17.56076622,-8.380597115,-16.80473709,16.63666153,2796.974481,5424.892241,0.047524919,0.062921047,3332.998222,-249.8278523,-0.011908621,20,0.000708333,0.60874027,0.579483032,257.8125,20.33621597,22,0.000368326,0.48786965,-237.9573822,166.9952545,-48.22121811,6.426986694,-21.67846107,16.94172287,-12.09036255,39.06570435,-10.35142422,10.72669506,-8.051045418,-5.241675377,13.05756187,2496.212457,4396.713362,0.040372441,0.05328884,3018.078936,-300.762024,-0.009632207,19,0.001416667,0.716853797,0.497835606,257.8125,21.73111916,14,0.000201776,0.535360277,-259.4820557,179.8316498,-60.25395966,5.295075893,-6.176269531,25.67791557,-14.68309498,29.50526619,-13.49003887,10.76606369,-7.951730728,-0.284696847,9.994652748
7.6373,3,80,3175.126975,6766.276042,0.052927653,0.072140507,3567.488603,0,0,21,0.001104167,0.581405461,0.554016948,796.875,16.21025848,22,0.021264214,0.284114182,-227.9840546,147.8135529,-29.10877228,20.37883949,-32.43473816,-15.50918102,-35.05246735,27.10196304,-12.26877022,10.11706543,-3.709340811,-0.442664474,7.42984581,3164.591637,6603.190104,0.052625868,0.073708519,3663.559628,-10.5353381,0.001568012,19,0.002333333,0.636884272,0.488083303,257.8125,18.05448532,10,0.000435943,0.415542364,-221.6696777,161.588562,-33.78625107,19.36875725,-36.79959106,-7.360175133,-23.46065712,43.05139923,-15.90928268,15.59202385,-3.939800739,-10.81323338,7.846611977,2913.812199,6064.453125,0.046373155,0.066901729,3551.986518,-250.7794378,-0.006806791,21,0.0009375,0.627183855,0.534167826,257.8125,21.50307465,22,0.000294591,0.298132718,-232.7721863,160.9492798,-31.87748146,5.633852482,-29.24176788,-0.198546514,-9.467352867,42.2153511,-13.03713417,15.70223618,-8.241799355,-11.29733658,11.46405602,2754.700599,5414.22526,0.049346924,0.062399235,3317.452394,-159.1115999,-0.004502494,19,0.0025,0.643835962,0.531979918,257.8125,20.69684219,22,0.00032209,0.465397924,-236.1132202,167.1528625,-45.44648743,1.896313548,-26.59453583,18.68999863,-10.58031082,32.52009201,-13.02217579,9.962720871,-6.554986,-1.824858785,10.66822815,2845.992996,5436.197917,0.040296766,0.047962025,3284.331717,91.29239705,-0.01443721,16,0.002479167,0.74306196,0.48166284,257.8125,20.871912,22,0.000457137,0.430448532,-272.4832764,171.2980652,-56.46353912,17.52828026,-11.74772358,32.2097168,-18.71809006,29.74366951,-13.06471252,11.22339535,-8.336442947,5.061524391,4.642591476
11.456,3,80,2889.823918,5633.72093,0.051830487,0.093682967,3139.076333,0,0,35,0.0014375,0.490880609,0.627758205,867.1875,15.36169243,21,0.01461898,0.314561933,-233.2789307,148.523468,-39.05848312,25.24677277,-19.47101402,-15.78427029,-30.7742424,17.75431061,-11.25374031,14.47685432,-6.865987301,-5.291576385,13.83123493,2950.762212,5818.604651,0.059620276,0.101091787,3268.456411,60.93829369,0.00740882,36,0.000520833,0.478426903,0.624751866,914.0625,18.08783531,27,0.000362345,0.367135674,-187.9553986,159.8985291,-43.10694122,10.14013481,-26.85143089,-18.49588394,-25.78613281,29.83093262,-11.97227097,11.31900215,-10.44079304,-15.06439781,4.148917198,2855.588672,5461.373547,0.054165153,0.073087528,3246.362895,-95.17354063,-0.028004259,32,0.003270833,0.470217556,0.658461154,257.8125,14.6945982,30,0.000370915,0.243688852,-230.828064,164.4221954,-37.3696022,3.540935516,-26.6923275,-1.390334964,-16.39176941,37.70868301,-7.726980209,11.57595634,-9.675024986,-17.71727562,7.275393963,2679.70908,5052.906977,0.048882631,0.062957093,3172.404079,-175.8795911,-0.010130435,31,0.001708333,0.497918546,0.657582641,257.8125,15.76621819,10,0.000319591,0.254433393,-247.5263062,171.8890991,-43.18526459,-5.254418373,-23.31340981,18.81875038,-9.960843086,31.48231697,-9.95954895,10.79022789,-11.65372658,-8.364658356,9.812202454,2645.873152,4903.77907,0.045830305,0.053817283,3049.114609,-33.83592823,-0.00913981,32,0.0031875,0.599743903,0.598544002,257.8125,17.78676033,10,0.000323166,0.342846602,-259.2988892,177.9379425,-56.04902649,1.958902359,-6.368224621,28.70690346,-17.01231194,28.34594917,-12.51513672,11.07120132,-6.423525333,-4.228514194,6.203767776
7.616,3,80,2476.004759,4631.938374,0.050596864,0.099475816,3014.326052,0,0,21,0.001479167,0.556159258,0.550946653,796.875,21.38320732,23,0.021184795,0.450932711,-212.1240387,167.0594635,-33.58392334,21.00490761,-31.10181427,-20.32027054,-34.16632462,30.63911247,-3.666273355,12.64167309,-4.931510925,1.038825274,16.6911869,2860.278975,5882.8125,0.048230578,0.066535108,3500.18391,384.2742166,-0.032940708,24,0.000854167,0.677800834,0.44122389,257.8125,19.51425934,10,0.000697822,0.380063474,-227.5612488,163.253479,-27.40123177,28.88421249,-31.97030449,-8.169286728,-19.61772156,46.42612839,-5.217405319,12.87580204,-5.248428345,-6.647501469,9.445111275,2857.092933,5695.148601,0.044201404,0.058137842,3428.113905,-3.186042546,-0.008397266,21,0.002333333,0.644013822,0.522897542,257.8125,18.76782227,32,0.001383079,0.45187977,-248.5682373,163.9280396,-31.54523659,17.63067245,-23.72181129,1.096459031,-11.32206059,48.04483414,-8.216366768,13.4406004,-7.699681282,-11.46865845,17.30419731,2714.304869,5331.129808,0.046113554,0.061538104,3321.553432,-142.7880641,0.003400262,23,0.002833333,0.625501096,0.548768461,257.8125,19.57426834,22,0.000303246,0.59279865,-236.628067,173.7107391,-41.89051056,14.10865116,-25.42201233,18.97574615,-12.27916241,43.04304886,-6.927590847,9.957063675,-8.027665138,0.937940776,17.09447479,2615.654912,5217.875874,0.039202497,0.055726316,3299.017106,-98.64995655,-0.005811788,19,0.000520833,0.73382163,0.477551132,257.8125,22.56760979,2,0.000210341,0.436577439,-259.6988525,174.7471313,-47.24875641,21.76493454,-6.59514761,32.3986702,-14.07571983,36.38594437,-7.814949036,16.16020012,-7.391531467,6.921461105,14.15552425
